id,title,description,availability,condition,price,link,image_link,additional_image_link,brand,product_type
MLA3168384374,Jbl Max 15 Bafle Potenciado Activo 350 Watts Rms Bluetooth,"Disfruta de un sonido potente y de alta calidad con el Parlante JBL MAX 15 en color negro. Este parlante cuenta con una potencia de salida de 350 W RMS, lo que garantiza un audio nítido y envolvente para tus eventos, reuniones o simplemente para disfrutar en casa. Con su conexión Bluetooth, podrás reproducir tu música favorita desde cualquier dispositivo compatible sin necesidad de cables. A pesar de no ser portátil ni inalámbrico, su diseño elegante y moderno se adapta perfectamente a cualquier espacio. Además, incluye múltiples conectores de entrada como XLR/TRS, Miniplug y Plug, lo que te permite conectar diferentes dispositivos y fuentes de audio. No esperes más para vivir una experiencia de sonido única con el Parlante JBL MAX 15.
Caracteristicas:
- Parlante potenciado de doble vía.
- Woofer de 15 pulgadas con DSP
- Cobertura acústica (nominal): 100° x 60°
- Respuesta de frecuencia (± 3dB) de 59Hz-16,5kHz.
- Respuesta de frecuencia (± 10dB) de 49Hz-19kHz.
- SPL máximo: 129 dB
- Potencia nominal: 300 WRMS (Clase D, LF) + 50 WRMS (Clase AB, HF)
- Conectividad: Bluetooth 5.0.  Compresores y Limiters independientes
- Ecualización: Presets Tone & Locate
- Diámetro del driver de 1,35 pulgadas.
- Conexiones de entrada: 2 combo XLR/plug, un auxiliar y puerto USB.
- Impedancia de entrada de 100Kohms.
- Conexión de salida: 1 XLR activo.
- Estructura de polipropileno moldeado.
- Alimentación 110-127v o 220v-240v. (seleccionable).
Medidas y peso:
- Peso neto: 19kg.
- Medidas caja: 73x42,5x41,5cm.
- Medidas embalaje: 79,5x49,5x51,5cm.
- Peso caja: 22,8kg.",in stock,new,1364998.00 ARS,https://tecnoshow.vercel.app/#MLA3168384374,https://http2.mlstatic.com/D_NQ_NP_2X_758622-MLA107425670479_022026-F.jpg,"https://http2.mlstatic.com/D_NQ_NP_2X_601364-MLA106756943540_022026-F.jpg,https://http2.mlstatic.com/D_NQ_NP_2X_679637-MLA107426287421_022026-F.jpg,https://http2.mlstatic.com/D_NQ_NP_2X_911380-MLA107426167937_022026-F.jpg",Jbl,Parlantes y amplificación
MLA1654819154,Amplificador de audio Apogee H-18 negro 1200W,"AMPLIFICADOR DE POTENCIA APOGEE H-18
Marca: APOGEE
Modelo: H18
CARACTERISTICAS TECNICAS:
Potencia RMS en 8 Ohms Estéreo 400W x 2
Potencia RMS en 4 Ohms Estéreo 600W x 2
Potencia RMS en 4 Ohms Puente 1200W
Respuesta de Frecuencia: 5Hz - 50KHz (+/-1.5dB)
Relación Señal / Ruido: =90dB
Distorsión armónica Total: 0.5%
Imp. de Entrada Balanceada: 20KO
Imp. de Entrada No Balanceada: 10KO
Nivel de Entrada: +4dB
Factor de Amortiguamiento: 200 ( f=1kHz 8 ohm)
Protección Corto Circuito: Si
Protección AC/DC: Si
Protección Temperatura: Si
Indicadores luminosos: Encendido, Clip y Estado de protección
Conectores de Salida: Speakon, Bornera para banana y Jack 6.5mm
Conectores de entrada: XLR balanceado y RCA
Protección: Cortocircuito Total / Cortocircuito Abierto / Prot. Termica / RF
Peso: 12,5 Kg
Dimensiones: 482 x 88 x 350mm (largo x alto x prof.)",in stock,new,692998.00 ARS,https://tecnoshow.vercel.app/#MLA1654819154,https://http2.mlstatic.com/D_NQ_NP_2X_980288-MLA99939260513_112025-F.jpg,"https://http2.mlstatic.com/D_NQ_NP_2X_672405-MLU73201862423_122023-F.jpg,https://http2.mlstatic.com/D_NQ_NP_2X_762543-MLU73202025879_122023-F.jpg,https://http2.mlstatic.com/D_NQ_NP_2X_909082-MLU74162104549_012024-F.jpg",Apogee,Parlantes y amplificación
MLA2012046088,Bafle Potenciado Skp Pro Audio Sk-5px Bluetooth 15'' 250w Negro,"Bafle Potenciado SKP SK-5PX Bluetooth
Características:
- Máxima Potencia de 1000W PMPO
- Woofer 15
- Ecualizador de 2 bandas
- Entrada de micrófono 1 XLR (balanceada) y entrada de micrófono Plug 1/4¨ (no balanceada)
- Entrada de línea RCA estéreo
- Entrada de línea XLR
- Salida XLR
- Monitoreo en Ángulo de 45º
- Conectividad BLUETOOTH
- Cavidad Inferior para Montarlo en Trípode
Especificaciones Técnicas:
- Potencia Pico: 1000 Watts.
- Potencia de Programa: 500 Watts.
- Potencia RMS: 250 Watts.
- Respuesta de frecuencia: 40HZ - 18KHZ.
- Imán de Woofer: 50 Oz
- Bobina: 2,5´´ KAPTON VC.
- Impedancia: 8 Ohms
- Sensibilidad: 96 dB (@ 1W / 1M).
- Máximo nivel de presión sonora: 126 dB.
- Driver de alta frecuencia: 1""
- Diafragma de TITANIO.
- Diagrama de Salida de Bocina: Hperbólico
- Ángulos de Bocina: 90º x 50º.
- Diagrama Polar: Cardiode
- Filtro de Ganancia: +/- 12 dB
- Alimentación: 220V - 60/50 HZ.
- Dimensiones: 68 x 43 x 35 cm (alto x alto x profundo)
- Peso: 18,5 Kg",in stock,new,682498.00 ARS,https://tecnoshow.vercel.app/#MLA2012046088,https://http2.mlstatic.com/D_NQ_NP_2X_643212-MLA105178409737_012026-F.jpg,"https://http2.mlstatic.com/D_NQ_NP_2X_917596-MLA91524086404_092025-F.jpg,https://http2.mlstatic.com/D_NQ_NP_2X_917333-MLA91921983695_092025-F.jpg,https://http2.mlstatic.com/D_NQ_NP_2X_914990-MLA105178128503_012026-F.jpg",SKP Pro Audio,Parlantes y amplificación
MLA3605830256,Parlante Activo SKP Pro Audio SK-6PX Bluetooth Woofer 250W,"SKP Pro Audio SK-6PX ofrece un sonido natural, con una gran claridad y precisión, que se dispersa de manera uniforme. Un parlante que asegura potencia y calidad por igual en la reproducción de contenidos multimedia.
Para toda ocasión
Disfrutar de un amplio espectro de sonidos tanto en la reproducción de voces como de notas musicales es posible con este parlante woofer. Dejate asombrar con su excelente desempeño sonoro en películas, series y en tus playlists favoritas.
Olvidate del amplificador
Al ser activo solo necesitarás conectarlo a la fuente de sonido y el mismo equipo se encargará de amplificar y reproducir: ganarás practicidad y espacio, ya que además requiere menos cableado que uno pasivo. Es la solución más conveniente si querés producir música en tu casa o en un estudio, y también para DJs.
Características:
• Conectividad Bluetooth
• 2 Vías Full Range
• 4 Canales de Entrada
• Posición de Monitoreo a 45°
• Gabinete color Negro en PVC de Alto Impacto
• Manijas Laterales para fácil manipulación
• Entrada de Micrófono Plug 6,35mm + XLR (Canon Hembra)
• Entrada de Línea RCA x 2 y XLR (Canon Hembra)
• Salida de Línea Plug 6,35mm + XLR (Canon Macho)
• Cuna Inferior para Montar Trípode
• Trípode Incluido
Especificaciones Técnicas:
• Potencia RMS: 250W
• Potencia Máxima: 1000W
• Respuesta en Frecuencia: 40Hz – 18KHz
• Sensibilidad: 96 dB(@1W/1m)
• Nivel de Presión Sonora máximo: 126dB
• Impedancia Woofer: 4 Ohms
• Diámetro Woofer: 15” (38,1cm)
• Imán: 50 Oz / Bobina: 2.5” Kapton VC
• Impedancia Driver de compresión: 8 ohm
• Driver de Altas Frecuencias de Titanio y 1,75""
• Bocina con salida hiperbólica : 90º x 50º
• Patrón directivo: Cardioide
• Alimentación: 110 / 220V – 50 / 60Hz – Switch
• Interruptor de Encendido Apagado
Dimensiones y Peso:
• Altura: 74,5cm
• Frente: 53cm
• Profundidad: 46,5cm
• Peso Neto: 21,5Kg
• Peso Embalado: 23,5Kg
FOTOS A MODO DE ILUSTRACION",in stock,new,618450.00 ARS,https://tecnoshow.vercel.app/#MLA3605830256,https://http2.mlstatic.com/D_NQ_NP_2X_642662-MLA99988616875_112025-F.jpg,"https://http2.mlstatic.com/D_NQ_NP_2X_829551-MLA91912710197_092025-F.jpg,https://http2.mlstatic.com/D_NQ_NP_2X_968447-MLA53007670585_122022-F.jpg,https://http2.mlstatic.com/D_NQ_NP_2X_951647-MLU75115196779_032024-F.jpg",SKP Pro Audio,Parlantes y amplificación
MLA899207459,Bafle Activo Lexsen X5 Con Bluetooth Tws Fx 150w Rms Color Negro,"Lexsen X5 ofrece un sonido natural, con una gran claridad y precisión, que se dispersa de manera uniforme. Un parlante que asegura potencia y calidad por igual en la reproducción de contenidos multimedia.
Para toda ocasión
Disfrutar de un amplio espectro de sonidos tanto en la reproducción de voces como de notas musicales es posible con este parlante woofer. Dejate asombrar con su excelente desempeño sonoro en películas, series y en tus playlists favoritas.
Olvidate del amplificador
Al ser activo solo necesitarás conectarlo a la fuente de sonido y el mismo equipo se encargará de amplificar y reproducir: ganarás practicidad y espacio, ya que además requiere menos cableado que uno pasivo. Es la solución más conveniente si querés producir música en tu casa o en un estudio, y también para DJs.
Entretené con tus propias creaciones
Con la consola de DJ que integra este equipo, la fiesta puede ser aún mejor. No solo te permitirá aumentar el sonido de las canciones, sino que también podrás mezclar y reproducir efectos divertidos.
Apto para aire libre
Usalo en donde quieras, este dispositivo está diseñado para que tengas el mejor sonido siempre, tanto en interiores como en exteriores.",in stock,new,346498.00 ARS,https://tecnoshow.vercel.app/#MLA899207459,https://http2.mlstatic.com/D_NQ_NP_2X_613049-MLA99449622654_112025-F.jpg,"https://http2.mlstatic.com/D_NQ_NP_2X_760121-MLA43968906903_112020-F.jpg,https://http2.mlstatic.com/D_NQ_NP_2X_645324-MLU73508065745_122023-F.jpg,https://http2.mlstatic.com/D_NQ_NP_2X_617101-MLA43969125606_112020-F.jpg",Lexsen,Parlantes y amplificación
MLA3983793092,Parlante JBL Selenium J-1525 Bafle Pasivo 15 Pulgadas,"JSERIES J-1525
- Bafle pasivo
- Woofer 15""
- Driver 1"" titanio
- Potencia continua 250 Watts
- Respuesta en frecuencia 55Hz - 16 kHz
- Impedancia Nominal 8 Ohms
- Sensibilidad 99dB
- Bocina de aluminio, Ancho 45 cm
- Dispersión Nominal 90° horizontal x60° vertical
- Material MDF
- FABRICACIÓN NACIONAL",in stock,new,1049998.00 ARS,https://tecnoshow.vercel.app/#MLA3983793092,https://http2.mlstatic.com/D_NQ_NP_2X_614880-MLA95936125749_102025-F.jpg,"https://http2.mlstatic.com/D_NQ_NP_2X_774501-MLA99925289843_112025-F.jpg,https://http2.mlstatic.com/D_NQ_NP_2X_752717-MLA95496072444_102025-F.jpg,https://http2.mlstatic.com/D_NQ_NP_2X_833245-MLA99925319815_112025-F.jpg",Jbl,Parlantes y amplificación
MLA2470977604,Amplificador De Potencia Lexsen Lxa1200 Profesional 1200w Color Negro,"LEXSEN LXA - 1200
- Amplificador de Potencia de dos canales Puenteable
- Potencia RMS: 4 ohms / Estéreo: 600w + 600w
- Potencia RMS: 8 ohms / Estéreo: 400w + 400w
- Puente en 8 omhs / 1200w
- Conectores de Entrada: RCA / CANON XLR
- Conectores de Salida: BORNERA / SPEAKON / PLUG
- Ventilación forzada con ventiladores de bajo ruido
- Indicador de encendido, señal, clip y protección
- Respuesta de Frecuencia: 10Hz - 50kHz (±1.5dB)
- Relación Señal/Ruido: 90dB
- Distorsión Armónica Total: 0.1%
- Impedancia de Entrada Balanceada: 20K Ohms
- Impedancia de Entrada No Balanceada: 10K Ohms
- Nivel de Entrada: +4dB
- Factor de Amortiguamiento: >200 (f=1kHz 8 Ohms)
- Protección Corto Circuito: Si
- Protección AC/DC: Si
- Protección Temperatura: Si
- Dimensiones: 482 x 314 x 88 mm
- Peso: 12,5 Kg",in stock,new,692998.00 ARS,https://tecnoshow.vercel.app/#MLA2470977604,https://http2.mlstatic.com/D_NQ_NP_2X_628905-MLA99372728980_112025-F.jpg,"https://http2.mlstatic.com/D_NQ_NP_2X_991636-MLA91475292908_092025-F.jpg,https://http2.mlstatic.com/D_NQ_NP_2X_674073-MLA85395410448_062025-F.jpg,https://http2.mlstatic.com/D_NQ_NP_2X_937456-MLA85701906389_062025-F.jpg",Lexsen,Parlantes y amplificación
MLA1546561160,Ecualizador Behringer FBQ1502HD Gráfico,"Ecualizador gráfico estéreo Behringer FBQ1502HD Ultragraph Pro Características clave Ecualizador gráfico estéreo con detección de retroalimentación a 15 bandas. Amplificadores operacionales 4580 de bajo ruido para la integridad de la señal máxima. Filtro de corte bajo integrado elimina frecuencias no deseadas. Salida de LED de 4 segmentos de medición de fácil control. Entradas servo balanceadas y salidas con 1/4 '' TRS y conectores XLR. Características Ecualizador gráfico profesional de 15 bandas ideal para directo y estudio. Revolucionario sistema de detección de Feedback FBQ. Amplificadores operacionales 4580 de ultrabajo ruido. Salida de subwoofer mono con frecuencia de cruce ajustable. Filtro de corte bajo adicional para eliminar frecuencias no deseadas. LED de 4 segmentos altamente preciso, controles de salida de ganancia de entrada y medición. Entradas servo balanceadas y salidas con 1/4 '' TRS y conectores XLR chapados en oro. Fuente de alimentación conmutada, audio libre de ruidos, respuesta transitoria superior y bajo consumo de energía.",in stock,new,419998.00 ARS,https://tecnoshow.vercel.app/#MLA1546561160,https://http2.mlstatic.com/D_NQ_NP_2X_928348-MLA99543662520_122025-F.jpg,"https://http2.mlstatic.com/D_NQ_NP_2X_854936-MLA74805957425_022024-F.jpg,https://http2.mlstatic.com/D_NQ_NP_2X_798103-MLU76619740889_052024-F.jpg,https://http2.mlstatic.com/D_NQ_NP_2X_939809-MLU76620046057_052024-F.jpg",Behringer,Parlantes y amplificación
MLA1432501969,Woofer Jbl Selenium 8 Pulgadas 8pw Pro 175w Rms 8 Ohms Color Negro,"Woofer Jbl 8pw Pro 8 Pulgadas 175w Rms
- Diámetro: 8""
- Potencia pico: 350w
- Potencia RMS: 175w
- Resp de frecuencia: 70 - 8150 Hz
- Impedancia nominal 8 Ohms
- Sensibilidad 93 dB SPL
- Material de la campana: chapa
- Diámetro del woofer: 308mm
- Diámetro de la bobina: 32mm
- Diámetro del imán: 114mm
- Diámetro de encastre (calado): 183mm
- Grosor del imán: 27mm
- Profundidad: 77mm
- Peso: 1,9kg",in stock,new,179998.00 ARS,https://tecnoshow.vercel.app/#MLA1432501969,https://http2.mlstatic.com/D_NQ_NP_2X_665096-MLA95843013373_102025-F.jpg,"https://http2.mlstatic.com/D_NQ_NP_2X_664192-MLA91889969617_092025-F.jpg,https://http2.mlstatic.com/D_NQ_NP_2X_665454-MLA91889791159_092025-F.jpg,https://http2.mlstatic.com/D_NQ_NP_2X_615798-MLA91491750366_092025-F.jpg",Jbl,Parlantes y amplificación
MLA1763055535,Potencia Apogee H36 2400w 2 Canales 1200w Color Negro,"APOGEE H 36
SPECIFICACIONES
POTENCIA RMS, 4 Ohms: 1200w x 2
Potencia RMS, 8 Ohms: 900w x 2
Potencia Max, Puente 4 Ohms: 2400w
Respuesta de Frecuencia: 5Hz - 50KHz (+/-1.5dB)
Relación Señal / Ruido: =95dB
Distorsión armónica Total: 0.5%
Imp. de Entrada Balanceada: 20KO
Imp. de Entrada No Balanceada: 10KO
Nivel de Entrada: +4dB
Factor de Amortiguamiento: >200 ( f=1kHz 8 ohm)
Protección Corto Circuito: Si
Protección AC/DC: Si
Protección Temperatura: Si
Indicadores luminosos: Encendido, Clip y estado de protección
Conectores de Salida: Speakon, Bornera para banana
Conectores de entrada: XLR balanceado
Protección: Cortocircuito Total / Cortocircuito Abierto / Prot. Termica / RF
Peso: 19.5Kg
Dimensiones: 482 x 88 x 410",in stock,new,2099998.00 ARS,https://tecnoshow.vercel.app/#MLA1763055535,https://http2.mlstatic.com/D_NQ_NP_2X_817641-MLA99416639888_112025-F.jpg,"https://http2.mlstatic.com/D_NQ_NP_2X_999839-MLU75951876548_052024-F.jpg,https://http2.mlstatic.com/D_NQ_NP_2X_696208-MLA91475991574_092025-F.jpg,https://http2.mlstatic.com/D_NQ_NP_2X_617190-MLA82279312010_022025-F.jpg",Apogee,Parlantes y amplificación
MLA1530069656,Parlante JBL J-1860A negro,"Subwoofer Activo de 18 pulgadas - J-SERIES
Marca del parlante: Jbl Selenium
Modelo: J1860a
* Woofer 18 pulgadas
* Potencia Continua 500 Watts, 1000 Watts prog musical
* Amplificador CLASE D 131dB
* Resp en Frec.: 38Hz a 250Hz
* Entradas: XLR, TRS 6,5mm
* Salidas: XLR
* Material MDF
* FABRICACION NACIONAL
Este subwoofer destaca por su configuración de canales 2.1, ideal para quienes buscan una experiencia de sonido envolvente. Su diseño robusto en color negro y su profundidad de 65 cm lo hacen perfecto para colocarlo en el suelo, brindando estabilidad y potencia. Con una respuesta de frecuencia que va desde 38 Hz hasta 250 Hz, garantiza un rendimiento sonoro excepcional. Además, es apto para uso en exteriores, lo que lo convierte en una opción versátil para eventos al aire libre. Su construcción en MDF asegura durabilidad, mientras que su peso de 36 kg proporciona una base sólida.",in stock,new,1994998.00 ARS,https://tecnoshow.vercel.app/#MLA1530069656,https://http2.mlstatic.com/D_NQ_NP_2X_767225-MLA99463579472_112025-F.jpg,"https://http2.mlstatic.com/D_NQ_NP_2X_918804-MLA71948152552_092023-F.jpg,https://http2.mlstatic.com/D_NQ_NP_2X_884430-MLA72003959925_092023-F.jpg,https://http2.mlstatic.com/D_NQ_NP_2X_717856-MLA71948340192_092023-F.jpg",Jbl,Parlantes y amplificación
MLA3153630596,Bafle Activo De 2 Vías Behringer Eurolive B115w 15 1000w Color Negro,"El altavoz activo EUROLIVE B115W es un producto de Behringer que ofrece más potencia, más funciones y es absolutamente asequible. Los ingenieros de Behringer han creado una solución de megafonía autónoma que combina la tecnología inalámbrica Bluetooth, la tecnología de amplificador de potencia clase D de 1000 vatios de última generación, capacidad de micrófono inalámbrico incorporado, un increíble mezclador de 2 canales y portabilidad excepcional.
Sistema de altavoces PA activo de 2 vías de 15 «con tecnología inalámbrica Bluetooth, opción de micrófono inalámbrico y mezclador integrado. Sistema de altavoces de refuerzo de sonido PA de 2 vías y alta potencia de 1,000 vatios. El sistema ultracompacto y liviano ofrece un sonido excelente incluso a niveles extremos de presión acústica. Tecnología Bluetooth A2DP de alto rendimiento para transmitir audio de forma inalámbrica desde cualquier dispositivo compatible con Bluetooth.
Mezclador de 2 canales con entradas de micrófono / línea individuales, controles de volumen y LED de clip. Ecualizador de 2 bandas dedicado más procesador de sonido integrado para el control del sistema y la protección de los altavoces. Revolucionaria tecnología de amplificador de clase D: enorme potencia, increíble rendimiento sonoro y peso súper ligero.
El controlador de excursión larga de 15 » extremadamente potente proporciona graves increíblemente profundos y potencia acústica. Controlador de compresión de diafragma de aluminio de 1.35 » de última generación para una reproducción excepcional de alta frecuencia. Dispersión ultra ancha, bocina exponencial de gran formato. La salida de línea adicional permite la vinculación de sistemas de altavoces adicionales.
El diseño versátil de la carcasa trapezoidal permite diferentes posiciones:
– Montaje en soporte con toma de poste de 35 mm
– Se inclina hacia un lado para usar como monitor de piso
Asas ergonómicas para facilitar su transporte y configuración.
Especificaciones
Potencia de salida del amplificador: 1000W
Baja frecuencia: 700W
Alta frecuencia: 300W
Tamaño del woofer: 15»
Tamaño del tweeter: 1.35»
Entradas de audio:
XLR
1/4» TRS
Conexiones inalámbricas:
USB: Dongle USB para 2 Behringer Micrófonos ULM
Bluetooth: Rango de frecuencia de 2402MHz – 2480MHz y soporte de perfil A2DP 1.2
Salidas de audio: XLR, Balanceado
Ajuste de entrada: -? a +36dB
Nivel máximo de entrada: 18dBu
Respuesta en frecuencia: 45Hz a 20kHz
Frecuencia de cruce: 2.2kHz
Limitador: Óptica
Ecualizador:
Bajo: ±15dB @ 80Hz
Alto: ±15dB @ 12kHz
Dimensiones: 713mm x 427mm x 313mm / 28,1» x 16,8» x 12,3» (Altura x Anchura X Profundidad)
Peso: 17.7kg / 38.9lbs",in stock,new,1699999.00 ARS,https://tecnoshow.vercel.app/#MLA3153630596,https://http2.mlstatic.com/D_NQ_NP_2X_641987-MLA99387076954_112025-F.jpg,"https://http2.mlstatic.com/D_NQ_NP_2X_938551-MLU71621987719_092023-F.jpg,https://http2.mlstatic.com/D_NQ_NP_2X_618262-MLU75009006430_032024-F.jpg,https://http2.mlstatic.com/D_NQ_NP_2X_733974-MLU75008839744_032024-F.jpg",Behringer,Parlantes y amplificación
MLA1736355443,Monitor de Escenario Jbl Eon715 Eon 715 Negro,"Altavoz activo de rango completo
DSP integrado con pantalla LCD en color y mezclador digital de 3 canales
Amplificador digital Class-D
Potencia: 650 W RMS, 1300 W Peak
Configuración de altavoces: Woofer de 15"" y Tweeter de 1""
Tecnología dbx DriveRack Inside con supresión automática de retroalimentación
Ecualizador de salida de 8 bandas ajustable en el panel de control o vía la aplicación de control universal JBL Pro Connect
Audio Streaming Bluetooth 5.0
Bluetooth True Wireless Stereo Pairing
Rango de frecuencia: 54 - 20.000 Hz (-10db)
SPL máx.: 128 dB
Ángulo de dispersión (H x V): 90° x 60°
Entradas: 2 x conector combinado XLR/Jack
Salidas: 1 x XLR passthrough
Vaso de ensamblaje de 36 mm para montaje en trípode
4 puntos de volado M10
Carcasa angulada para uso como monitor
Asas ergonómicas para un transporte cómodo y seguro
Material de la carcasa: Plástico con rejilla metálica
Medidas (An x Al x Pr): 438 x 702 x 351 mm
Peso: 17,0 kg",in stock,new,1679998.00 ARS,https://tecnoshow.vercel.app/#MLA1736355443,https://http2.mlstatic.com/D_NQ_NP_2X_853405-MLA99903553111_112025-F.jpg,"https://http2.mlstatic.com/D_NQ_NP_2X_651378-MLA91888601667_092025-F.jpg,https://http2.mlstatic.com/D_NQ_NP_2X_895592-MLU74246663161_012024-F.jpg,https://http2.mlstatic.com/D_NQ_NP_2X_979993-MLU74136351824_012024-F.jpg",Jbl,Parlantes y amplificación
MLA907134274,Parlante JBL J-2155 negro,"BAFLE JBL JSERIES J-2155
Especificaciones técnicas
-Woofer 2X15""
-Driver Titanio
-Potencia continua 500 Watts
-Respuesta en frecuencia 51Hz - 20 kHz
-Impedancia Nominal 4 Ohms
-Sensibilidad 101dB
-Bocina de aluminio
-Dispersión nominal 90° horizontal x 60° vertical
-Material MDF
FABRICACIÓN NACIONAL
El Bafle JBL J-series J-2155 es una opción ideal para quienes buscan un sonido potente y de calidad. Con una configuración de un canal y un woofer de 2X15"", este bafle ofrece una respuesta de frecuencia que va desde 51 Hz hasta 20 kHz, asegurando una experiencia auditiva completa. Su diseño robusto en color negro y material MDF lo hace perfecto para su uso en exteriores, mientras que su sensibilidad de 101 dB garantiza un rendimiento excepcional. Además, cuenta con una bocina de aluminio que mejora la dispersión del sonido, con un ángulo de 90° horizontal y 60° vertical, ideal para eventos y reuniones.",in stock,new,1679998.00 ARS,https://tecnoshow.vercel.app/#MLA907134274,https://http2.mlstatic.com/D_NQ_NP_2X_925042-MLA96228013206_102025-F.jpg,"https://http2.mlstatic.com/D_NQ_NP_2X_786480-MLA74650242014_022024-F.jpg,https://http2.mlstatic.com/D_NQ_NP_2X_770135-MLA74650232546_022024-F.jpg,https://http2.mlstatic.com/D_NQ_NP_2X_997652-MLA91900574955_092025-F.jpg",Jbl,Parlantes y amplificación
MLA1441703045,Bafle Activo Skp Q15 Mk2 15 1500w Rms Bluetooth Dps Color Negro,"Presentamos el Bafle Activo Skp Q15 Mk2 Bluetooth, una solución ideal para aquellos que buscan sonido de calidad profesional en un formato compacto y práctico. Con una impresionante potencia de salida de 1500W, este bafle es perfecto para eventos, presentaciones y reuniones tanto en interiores como en exteriores. Su diseño de caja rectangular y su configuración de dos canales permiten una versatilidad excepcional al momento de colocarlo, ya sea en un pedestal o en el suelo.
Entre sus características destacadas se encuentra la conectividad Bluetooth, que te permite emparejarlo de manera fácil y rápida con dispositivos móviles, facilitando la reproducción de música desde cualquier lugar. La capacidad de respuesta de frecuencia es amplia, desde 35 Hz hasta 20 kHz, asegurando una calidad de audio nítida y potente para todo tipo de géneros musicales.
Además, su construcción resistente al polvo ofrece durabilidad y fiabilidad, lo que lo convierte en una opción adecuada para su uso al aire libre. Con un peso de 18.6 kg, su transporte se ve favorecido por su diseño ergonómico y la inclusión de una manija, lo que facilita su movimiento sin complicaciones.
El Bafle Activo Skp Q15 Mk2 Bluetooth es la elección perfecta para DJs, músicos, y entusiastas del sonido que buscan un equipo profesional que combine rendimiento, calidad y facilidad de uso. No dejes pasar la oportunidad de llevar tu experiencia sonora al siguiente nivel con este excelente producto.
La línea Q MK2 de SKP trae los mejor en rendimiento y potencia con excelentes componentes de primera calidad. Con un diseño elegante y una estructura resistente de HPP moldeado, Q15 MK2 cuenta con un woofer de 15 pulgadas, un imán de 80oz y drive de 1,72 pulgadas, entrega una potencia real de 750w rms y cuenta con amplificador incorporado para el woofer de clase D y para el drive de clase AB.
Su DSP integrado permite diferentes configuraciones para darle más versatilidad al parlante, cuenta con conectividad vía bluetooth para trasmitir música desde un dispositivo móvil o Tablet y su tecnología TWS (True Wireless Stereo) te da la opción de enlazar otro parlante Q15 MK2 de manera inalámbrica.
CARACTERÍSTICAS:
-  Parlante activo profesional.
-  Biamplificado.
-  Woofer de 15 pulgadas con un imán de 80oz y un cono de 3 pulgadas.
-  Drive controlador de compresión de 1.75 pulgadas.
-  Entrega una potencia de 750w rms reales.
-  Conectividad vía bluetooth (versión 5.0).
-  Tecnología TWS (conexión inalámbrica a otro parlante Q15 MK2).
-  Entradas Balanceada XLR/TRS 6.35 con interruptor para seleccionar micrófono o línea.
-  Entrada auxiliar de 3,5mm.
-  DSP incorporado (Normal/Habla/Música/Monitor).
-  Salidas XLR balanceado.
-  Manillas resistentes para su fácil transporte.
-  Amplificador HF de clase D.
-  Amplificador HF de clase AB.
-  Ecualización para graves y agudos.
-  Rango de frecuencia de 35Hz a 20KHz.
-  SPL de salida máx.: 132 dB (a la salida máxima de AMP).
-  Dispersión de 90x60 grados.
-  E",in stock,new,1523548.00 ARS,https://tecnoshow.vercel.app/#MLA1441703045,https://http2.mlstatic.com/D_NQ_NP_2X_775020-MLA95937475107_102025-F.jpg,"https://http2.mlstatic.com/D_NQ_NP_2X_827755-MLA99931163053_112025-F.jpg,https://http2.mlstatic.com/D_NQ_NP_2X_981657-MLA95936543205_102025-F.jpg,https://http2.mlstatic.com/D_NQ_NP_2X_641670-MLA99447293108_112025-F.jpg",Skp,Parlantes y amplificación
MLA881221859,Parlante JBL Selenium J-1860 Bafle Pasivo Subwoofer 18 Pulg,"Sub Woofer Pasivo 18"" 600w JBL J-1860
Características del Producto:
- Woofer 18""
- Potencia Continua 600 Watts
- Respuesta en frecuencia: 38 Hz - 120 Hz
- Impedancia Nominal 8 Ohms
- Sensibilidad 99 dB
- Dimensiones: 55 cm x 58 cm x 63 cm
Este potente sub woofer de JBL es ideal para quienes buscan una experiencia de sonido envolvente y de alta calidad. Con su configuración de un canal y su diseño de caja, se adapta perfectamente a cualquier entorno, ya sea en interiores o exteriores. Su robusta construcción y color negro le otorgan un aspecto profesional, mientras que su sensibilidad de 99 dB asegura un rendimiento excepcional. Este modelo J-1860, con un tamaño de parlante de 18 pulgadas, es perfecto para quienes desean disfrutar de graves profundos y potentes, convirtiéndolo en una excelente opción para eventos y presentaciones en vivo.",in stock,new,1259998.00 ARS,https://tecnoshow.vercel.app/#MLA881221859,https://http2.mlstatic.com/D_NQ_NP_2X_636448-MLA96507697587_102025-F.jpg,"https://http2.mlstatic.com/D_NQ_NP_2X_702465-MLA104114896524_012026-F.jpg,https://http2.mlstatic.com/D_NQ_NP_2X_710097-MLA104113446750_012026-F.jpg,https://http2.mlstatic.com/D_NQ_NP_2X_670027-MLA104656710019_012026-F.jpg",Jbl,Parlantes y amplificación
MLA1869349327,Potencia Amplificador Apogee H20 800w + 800w 4ohms Audio Pro Color Negro Potencia De Salida Rms 1500 W,"AMPLIFICADOR DE POTENCIA APOGEE H-20
* Sirve para sonido en vivo, escuelas, bandas, pubs, bares, confiterías, salones de fiestas, fiestas, casamientos, cumpleaños, karaoke, eventos, aniversarios, gimnasios, animaciones, DJ, comuniones, etc.
* Ideal para bafles de 8"" - 10"" - 12"" - 15"" - 18”
También para mover columnas.
ESPECIFICACIONES TÉCNICAS:
- Marca: APOGEE
- Modelo: H-20
- Potencia RMS en 8 Ohms Estéreo 500W x 2
- Potencia RMS en 4 Ohms Estéreo 800W x 2
- Potencia RMS en 4 Ohms Puente 1500W
- Respuesta de Frecuencia: 5Hz - 50KHz (+/-1.5dB)
- Relación Señal / Ruido: =95dB
- Distorsión armónica Total: 0.5%
- Imp. de Entrada Balanceada: 20K Ohms
- Imp. de Entrada No Balanceada: 10 K Ohms
- Nivel de Entrada: +4dB
- Factor de Amortiguamiento: >200 ( f=1kHz 8 ohm)
- Protección Corto Circuito: Si
- Protección AC/DC: Si
- Protección Temperatura: Si
- Indicadores luminosos: Encendido, Clip y Estado de protección
- Conectores de Salida: Speakon, Bornera para banana
- Conectores de entrada: XLR
- Protección: Cortocircuito Total / Cortocircuito Abierto / Prot. Térmica / RF
- Selector de sensibilidad: entre 0.7v y 1.4v
- Selector de modo puente o modo estéreo
- Peso: 12,6 Kg
- Profundidad: 35cm
- Ancho: 48cm
- Alto: 9cm
Incluye:
1 amplificador Apogee H-20
1 cable de alimentación
Preguntas frecuentes:
1- Tiene modo puente?
- Si, el amplificador cuenta con modo puente o estéreo para seleccionar.
2- Sirve para bafles de 18""?
- Si, sirve perfectamente para bafles de 18"".",in stock,new,944998.00 ARS,https://tecnoshow.vercel.app/#MLA1869349327,https://http2.mlstatic.com/D_NQ_NP_2X_703097-MLA105474655703_012026-F.jpg,"https://http2.mlstatic.com/D_NQ_NP_2X_717024-MLA96079869241_102025-F.jpg,https://http2.mlstatic.com/D_NQ_NP_2X_813449-MLA81210190887_122024-F.jpg,https://http2.mlstatic.com/D_NQ_NP_2X_853534-MLA81210190893_122024-F.jpg",Apogee,Parlantes y amplificación
MLA1380531371,Parlante Jbl Selenium 18ws600 Subwoofer 18 600w Rms Color Negro,"JBL selenium 18WS600 ofrece un sonido natural, con una gran claridad y precisión, que se dispersa de manera uniforme. Un parlante que asegura potencia y calidad por igual en la reproducción de contenidos multimedia.",in stock,new,734998.00 ARS,https://tecnoshow.vercel.app/#MLA1380531371,https://http2.mlstatic.com/D_NQ_NP_2X_875258-MLA99549728620_122025-F.jpg,"https://http2.mlstatic.com/D_NQ_NP_2X_751602-MLA99548953032_122025-F.jpg,https://http2.mlstatic.com/D_NQ_NP_2X_664401-MLA99549897468_122025-F.jpg,https://http2.mlstatic.com/D_NQ_NP_2X_608625-MLA99548963082_122025-F.jpg",Jbl,Parlantes y amplificación
MLA1476834955,Parlante Novik Neo Stage 8 Pro portátil con bluetooth negro,"Novik Neo Stage 8 Pro ofrece un sonido natural, con una gran claridad y precisión, que se dispersa de manera uniforme. Un parlante que asegura potencia y calidad por igual en la reproducción de contenidos multimedia.
Para toda ocasión
Disfrutar de un amplio espectro de sonidos tanto en la reproducción de voces como de notas musicales es posible con este parlante woofer. Dejate asombrar con su excelente desempeño sonoro en películas, series y en tus playlists favoritas.
Olvidate del amplificador
Al ser activo solo necesitarás conectarlo a la fuente de sonido y el mismo equipo se encargará de amplificar y reproducir: ganarás practicidad y espacio, ya que además requiere menos cableado que uno pasivo. Es la solución más conveniente si querés producir música en tu casa o en un estudio, y también para DJs.
Apto para aire libre
Usalo en donde quieras, este dispositivo está diseñado para que tengas el mejor sonido siempre, tanto en interiores como en exteriores.
¿Qué es la Tecnología TWS?
La tecnología TWS (True Wireless Stereo) es el siguiente paso en la evolución de los parlantes inalámbricos Bluetooth. Su tecnología permite emparejar dos dispositivos de audio, conectándolos y generando un sistema de sonido de parlantes Bluetooth estéreo. De este modo, se transmiten de manera separada los canales izquierdo y derecho, obteniendo un sonido estéreo y generando una sensación envolvente.
Características:
-  Sistema compacto (All in One) todo en uno
-  Mezclador de 4 canales
-  Subwoofer: 8""
-  Altavoces de Rango Completo: 4 x 2.75""
-  Respuesta en Frecuencia: 55Hz - 20KHz
-  SPL máximo: 118dB
-  Dispersión nominal: 180° H x 40° V
-  Amplificador: Clase D 250W LF + 150W HF
Entradas:
-  Entrada de micrófono: XLR y 1/4"" TRS combo
-  Entrada de línea: XLR
-  Entrada auxiliar: RCA y 1/8"" TRS
-  Entrada de instrumento: 1/4” TRS
Salida:
-  Salida de línea: XLR
-  Batería: 4.5A 12V
-  Enlace estéreo Bluetooth®
-  Efectos de luces RGB
-  Fuente de alimentación de CA: 100-240V ~ 60 / 50Hz
-  Entrada de 12V CC para fuente de alimentación auxiliar (no incluida)",in stock,new,665225.00 ARS,https://tecnoshow.vercel.app/#MLA1476834955,https://http2.mlstatic.com/D_NQ_NP_2X_708753-MLA99929770037_112025-F.jpg,"https://http2.mlstatic.com/D_NQ_NP_2X_911449-MLA111827886839_052026-F.jpg,https://http2.mlstatic.com/D_NQ_NP_2X_814339-MLA110864065390_052026-F.jpg,https://http2.mlstatic.com/D_NQ_NP_2X_766985-MLA111827651977_052026-F.jpg",Novik Neo,Parlantes y amplificación
MLA2139561036,Ecualizador Gráfico Behringer FBQ3102HD 31 Bandas Crossover,"Ecualizador gráfico estéreo de 31 bandas con detección de retroalimentación. Características clave Amplificadores operacionales 4580 de bajo ruido para la integridad de la señal. Filtro de corte bajo integrado elimina frecuencias no deseadas. Precisa salida de LED de 12 segmentos de medición de fácil control. Entradas servo balanceadas y salidas con 1/4 '' TRS y conectores XLR. Características Ecualizador gráfico profesional de 31 bandas ideal para directo y estudio. Revolucionario sistema de detección de Feedback FBQ. Amplificadores operacionales 4580 de ultrabajo ruido. Salida de subwoofer mono con frecuencia de cruce ajustable. Filtro de corte bajo adicional elimina frecuencias no deseadas. LED de 12 segmentos altamente preciso de salida controles de ganancia de entrada y medición. Relé hard bypass controlado con función auto bypass durante apagón. Entradas servo balanceadas y salidas con 1/4 '' TRS y conectores XLR chapados en oro. Fuente de alimentación conmutada, audio libre de ruidos, respuesta transitoria superior y bajo consumo de energía.",in stock,new,636298.00 ARS,https://tecnoshow.vercel.app/#MLA2139561036,https://http2.mlstatic.com/D_NQ_NP_2X_961982-MLA99989902961_112025-F.jpg,"https://http2.mlstatic.com/D_NQ_NP_2X_924249-MLA74676698742_022024-F.jpg,https://http2.mlstatic.com/D_NQ_NP_2X_794313-MLA82500271541_022025-F.jpg,https://http2.mlstatic.com/D_NQ_NP_2X_826600-MLA82216898488_022025-F.jpg",Behringer,Parlantes y amplificación
MLA1475736875,Potencia Amplificador Lexsen LXA-900 de 900W para Sonido Profesional,"Potencia Amplificador Lexsen LXA-900 450w + 450w 4ohms
* Sirve para sonido en vivo, escuelas, bandas, pubs, bares, confiterías, salones de fiestas, fiestas, casamientos, cumpleaños, karaoke, eventos, aniversarios, gimnasios, animaciones, DJ, comuniones, etc
* Ideal para bafles de 8"" - 10"" - 12"" - 15"" - 18”
También para mover columnas
ESPECIFICACIONES TÉCNICAS
- Amplificador de Potencia de 2 canales
- Potencia RMS: 4 ohms / Estéreo: 450w + 450w RMS
- Potencia RMS: 8 ohms / Estéreo: 300w + 300w RMS
- Puente en 4 ohms / 900w RMS
- Conectores de Entrada: Canon/XLR balanceado y RCA
- Conectores de Salida: BORNERA PARA BANANA / SPEAKON
- Ventilación forzada con ventiladores de bajo ruido
- Indicador de encendido, señal, clip y protección
- Respuesta de Frecuencia: 10Hz - 50kHz
- Relación Señal/Ruido: >90dB
- Distorsión Armónica Total: 0.5%
- Impedancia de Entrada Balanceada: 20K Ohms
- Impedancia de Entrada No Balanceada: 10K Ohms
- Nivel de Entrada: +4dB
- Factor de Amortiguamiento: >200 (f=1kHz 8 Ohms)
- Protección Corto Circuito: Si
- Protección AC/DC: Si
- Protección Temperatura: Si
- Dimensiones:
- Ancho: 48,3cm
- Profundidad: 35cm
- Alto: 8,8cm
- Peso: 10 Kg
Incluye:
- 1 amplificador Lexsen LXA-900
- 1 cable de alimentación
¡¡¡RECOMENDAMOS LEER EL MANUAL PARA UN CORRECTO USO DEL PRODUCTO!!!",in stock,new,635248.00 ARS,https://tecnoshow.vercel.app/#MLA1475736875,https://http2.mlstatic.com/D_NQ_NP_2X_767525-MLA99505270146_112025-F.jpg,"https://http2.mlstatic.com/D_NQ_NP_2X_853285-MLA81060525661_112024-F.jpg,https://http2.mlstatic.com/D_NQ_NP_2X_684409-MLA81060496881_112024-F.jpg,https://http2.mlstatic.com/D_NQ_NP_2X_789278-MLA80795093874_112024-F.jpg",Lexsen,Parlantes y amplificación
MLA2060360694,Amplificador Apogee H-12 Profesional de 900W para Bafles,"Amplificador de Potencia Profesional de 900W RMS Apogee H-12
Características:
- Potencia RMS en 4 Ohms Estéreo 450W x 2
- Potencia RMS en 8 Ohms Estéreo 300W x 2
- Potencia RMS en 8 Ohms Puente 900 W
- Respuesta de Frecuencia: 5Hz – 50KHz (+/-1.5dB)
- Relación Señal / Ruido: =85dB
- Distorsión armónica Total: 0.5%
- Imp. de Entrada Balanceada: 20k Ohms
- Imp. de Entrada No Balanceada: 10KO Nivel de Entrada: +4dB
- Factor de Amortiguamiento: >200 ( f=1kHz 8 ohm)
- Protección Corto Circuito: Si
- Protección AC/DC: Si
- Protección Temperatura: Si
- Indicadores luminosos: Encendido, Clip y estado de protección
- Conectores de Salida: Speakon, Bornera para banana y Jack 6.5mm
- Conectores de entrada: XLR balanceado y RCA
- Protección: Cortocircuito Total / Cortocircuito Abierto / Prot. Termica / RF
Peso: 10.5Kg
Dimensiones: 482 x 88 x 350mm",in stock,new,629998.00 ARS,https://tecnoshow.vercel.app/#MLA2060360694,https://http2.mlstatic.com/D_NQ_NP_2X_947748-MLA100005500563_122025-F.jpg,"https://http2.mlstatic.com/D_NQ_NP_2X_641082-MLA91871481237_092025-F.jpg,https://http2.mlstatic.com/D_NQ_NP_2X_950396-MLA80808848604_112024-F.jpg,https://http2.mlstatic.com/D_NQ_NP_2X_794423-MLA82661401903_022025-F.jpg",Apogee,Parlantes y amplificación
MLA1654844802,"Parlante Woofer 18"" Profesional Jahro 18JB1000 1000W RMS Negro","Parlantes JAHRO 18JB1000 * 18"" 1000 Watts RMS",in stock,new,618477.00 ARS,https://tecnoshow.vercel.app/#MLA1654844802,https://http2.mlstatic.com/D_NQ_NP_2X_943448-MLA99999913321_112025-F.jpg,"https://http2.mlstatic.com/D_NQ_NP_2X_770642-MLA91957770657_092025-F.jpg,https://http2.mlstatic.com/D_NQ_NP_2X_730189-MLA91957800715_092025-F.jpg,https://http2.mlstatic.com/D_NQ_NP_2X_668052-MLA91957810593_092025-F.jpg",Jahro,Parlantes y amplificación
MLA3203151346,"Potencia Lexsen LXA-600 de 600W RMS y 2 Canales, Negra","POTENCIA LEXSEN LXA600 ESPECIFICACIONES: Amplificador de Potencia de 2 canales Potencia RMS en 4 OHMS: 300w x 2 Potencia RMS en 8 OHMS: 200w x 2 Potencia max. puente en 4 OHMS: 600w Potencia max. puente en 8 OHMS: 400w Conectores de Entrada: XLR BALANCEADO y RCA Conectores de Salida: SPEAKON, BORNERA PARA BANANA Y JACK 6.5mm Indicador de encendido, señal, clip y protección Respuesta de Frecuencia: 5Hz 50kHz (+/ 1.5dB) Relación Señal/Ruido: 85dB Distorsión Armónica Total: 0.5% Impedancia de Entrada Balanceada: 20K Ohms Impedancia de Entrada No Balanceada: 10K Ohms Nivel de Entrada: +4dB Factor de Amortiguamiento: >200 (f=1kHz 8 Ohms) Protección Corto Circuito: Si Protección AC/DC: Si Protección Temperatura: Si Dimensiones: 483 x 88 x 350 mm Peso: 8,5Kg",in stock,new,514498.00 ARS,https://tecnoshow.vercel.app/#MLA3203151346,https://http2.mlstatic.com/D_NQ_NP_2X_889748-MLA99972040867_112025-F.jpg,,Lexsen,Parlantes y amplificación
MLA3983806172,Parlante Leea Woofer 18'' Lf18rf 1000watts 8 Ohms Negro,"El Parlante Leea Woofer de 18 pulgadas está pensado para quienes buscan un componente de audio orientado al refuerzo de bajas frecuencias. Su formato de un solo parlante y su diseño en color negro le dan una presencia sobria, adecuada para equipos de sonido donde se prioriza la respuesta potente y directa.
Con una potencia RMS de 1000 W, ofrece un nivel de entrega que resulta útil en sistemas que requieren rendimiento sostenido. La impedancia de 8 ohms facilita su integración en configuraciones de audio habituales, siempre dentro de las especificaciones del equipo con el que se utilice.
Al tratarse de un woofer, su uso se orienta a aplicaciones donde se necesita mayor cuerpo en el sonido y una base más firme para la reproducción musical. Es una elección conveniente para armados de parlantes, bafles o sistemas de refuerzo sonoro que demandan presencia en graves.
La marca Leea suma reconocimiento dentro del segmento de audio, y este modelo Lf18rf combina un formato amplio con una propuesta enfocada en potencia. El tamaño de 18 pulgadas aporta una superficie de trabajo generosa, algo valorado por quienes buscan una respuesta sonora robusta en entornos exigentes.
Su acabado negro ayuda a mantener una estética discreta y profesional, fácil de integrar en distintos equipos y espacios. Es una alternativa adecuada para usuarios que desean un woofer de gran formato con especificaciones claras y una orientación práctica para sonido de alto nivel.",in stock,new,477275.00 ARS,https://tecnoshow.vercel.app/#MLA3983806172,https://http2.mlstatic.com/D_NQ_NP_2X_759581-MLA116118833191_082026-F.jpg,"https://http2.mlstatic.com/D_NQ_NP_2X_914415-MLA116119300293_082026-F.jpg,https://http2.mlstatic.com/D_NQ_NP_2X_858996-MLA114750574428_082026-F.jpg,https://http2.mlstatic.com/D_NQ_NP_2X_907590-MLA116119478535_082026-F.jpg",Leea,Parlantes y amplificación
MLA3690635472,Bafle Activo 15 Pulgadas Bam Mk2 15-a Bt 450w Reales Tecshow negro,"Bafle activo de 15 pulgadas pensado para sonorización profesional en espacios que requieren presencia sonora y graves firmes. Su acabado en negro y su gabinete de plástico de alto impacto le dan una apariencia sobria y una construcción apta para uso frecuente.
Entrega 450 W RMS y trabaja como subwoofer dentro de una configuración 2.1, lo que ayuda a reforzar las bajas frecuencias con cuerpo y definición. Su respuesta de 40 Hz a 18 kHz aporta un rango amplio para acompañar música y contenido sonoro con buena claridad.
Incluye Bluetooth para reproducir audio de forma práctica desde dispositivos móviles, y además cuenta con entradas Canon, Plug y RCA. Esa variedad de conexiones facilita integrarlo con distintas fuentes de sonido y equipos de trabajo habituales.
Al ser un bafle activo, concentra la amplificación en una sola unidad y simplifica el uso del sistema. Funciona con corriente eléctrica, pesa 14 kg y se coloca en el suelo, por lo que resulta adecuado para eventos, locales y espacios al aire libre donde se necesita una solución estable.
El Bam MkII 15A Bt de Tecshow combina formato de 15 pulgadas, conectividad Bluetooth y una propuesta orientada a un sonido potente y directo. Es una alternativa práctica para quienes buscan un equipo robusto y confiable para distintas aplicaciones de audio.",in stock,new,469999.00 ARS,https://tecnoshow.vercel.app/#MLA3690635472,https://http2.mlstatic.com/D_NQ_NP_2X_728809-MLA114065095657_072026-F.jpg,"https://http2.mlstatic.com/D_NQ_NP_2X_882224-MLA114064977801_072026-F.jpg,https://http2.mlstatic.com/D_NQ_NP_2X_831140-MLA114064590293_072026-F.jpg,https://http2.mlstatic.com/D_NQ_NP_2X_894780-MLA114064679881_072026-F.jpg",Tecshow,Parlantes y amplificación
MLA2060456476,Potencia Apogee H-8 de 600 W Profesional para Sonido con 2 Canales Negro,"POTENCIA APOGEE H-8
Marca: APOGEE
Modelo: H8
CARACTERISTICAS TECNICAS:
Potencia RMS en 4 Ohms Estéreo 300W x 2
Potencia RMS en 8 Ohms Estéreo 200W x 2
Potencia RMS en 8 Ohms Puente 600 W
Respuesta de Frecuencia: 5Hz - 50KHz (+/-1.5dB)
Relación Señal / Ruido: =85dB
Distorsión armónica Total: 0.5%
Imp. de Entrada Balanceada: 20KO
Imp. de Entrada No Balanceada: 10KO
Nivel de Entrada: +4dB
Factor de Amortiguamiento: >200 ( f=1kHz 8 ohm)
Protección Corto Circuito: Si
Protección AC/DC: Si
Protección Temperatura: Si
Indicadores luminosos: Encendido, Clip y estado de protección
Conectores de Salida: Speakon, Bornera para banana y Jack 6.5mm
Conectores de entrada: XLR balanceado y RCA
Protección: Cortocircuito Total / Cortocircuito Abierto / Prot. Termica / RF
Peso: 9.5Kg
Dimensiones: 482 x 88 x 350mm",in stock,new,461998.00 ARS,https://tecnoshow.vercel.app/#MLA2060456476,https://http2.mlstatic.com/D_NQ_NP_2X_834976-MLA99507570712_112025-F.jpg,"https://http2.mlstatic.com/D_NQ_NP_2X_701413-MLA88001071339_072025-F.jpg,https://http2.mlstatic.com/D_NQ_NP_2X_845666-MLA88001160499_072025-F.jpg,https://http2.mlstatic.com/D_NQ_NP_2X_978697-MLA88001150317_072025-F.jpg",Apogee,Parlantes y amplificación
MLA1746934779,Potencia Amplificador Pm60 Moon 240w 2 X 60 Watts Color Negro Potencia de salida RMS 120 W,"* POTENCIA PM60 MOON AUDIO PRO
Potencia estéreo de 60W RMS con modo Stereo / Bridge, salidas Speakon y bornera L/R.
Cuenta con entradas XLR/TRS combinadas, entrada RCA, salida Link XLR con opción de recorte LPF de 150Hz y control de volumen independiente por lado.
CARACTERÍSTICAS PRINCIPALES:
* Potencia estéreo
* Potencia: 60W RMS
* Modo Stereo / Bridge
* Control de volumen independiente L/R
* Indicadores LED de encendido, señal y picos
* Modelo: PM60
* Marca: Moon Audio Pro
CONEXIONES:
* Salidas Speakon y bornera L/R
* Entradas XLR/TRS combinadas L/R
* Entrada RCA
* Salida Link XLR
* Opción de recorte LPF de 150Hz
ALIMENTACIÓN:
* 220V 50Hz 60W
MEDIDAS Y PESO:
* Medidas: 32 x 48 x 9 cm
* Peso: 5.480 kg
* Medidas con caja: 55.5 x 39 x 19 cm
* Peso con caja: 7.100 kg",in stock,new,366448.00 ARS,https://tecnoshow.vercel.app/#MLA1746934779,https://http2.mlstatic.com/D_NQ_NP_2X_931839-MLA112502759934_062026-F.jpg,"https://http2.mlstatic.com/D_NQ_NP_2X_608759-MLA112502558106_062026-F.jpg,https://http2.mlstatic.com/D_NQ_NP_2X_761468-MLA113671059763_062026-F.jpg,https://http2.mlstatic.com/D_NQ_NP_2X_755490-MLA112502904256_062026-F.jpg",Moon,Parlantes y amplificación
MLA3203267296,Parlante Selenium 12pw Pro 275w Rms Jbl Color Negro,"Woofer 12 Pulgadas JBL 12PW PRO
Sirve para:
Bafles, cajas acústicas
ESPECIFICACIONES TÉCNICAS
- Modelo: 12PW PRO
- Tamaño: 12""
- Potencia pico: 550w
- Potencia RMS: 275w
- Impedancia nominal: 8 Ohms
- Resp. de frecuencia: 40 - 5200 Hz
- Sensibilidad: 94 dB SPL
- Material de la campana: chapa
- Perno ventilado
- Diámetro de la bobina: 60mm
- Diámetro del imán: 147mm
- Diámetro de encastre (calado): 279mm
- Profundidad: 114mm
- Peso: 4,1kg
* Fs 46 Hz
* Re 6,030 Ohms
* Qms 8,900
* Qes 0,540
* Qts 0,510
* Vas 87,7 / 3,096 (L / ft³)
* Ref Eff 1,48 (%)
* Sd 0,051 / 79,1 (m² / in²)
* Vd 255 / 15,56 (cm³ / in³)
* Xmax 5 / 0,20 (mm / in)
* Bi 12,73 T.m
Incluye:
1 woofer JBL 12PW PRO
Preguntas frecuentes:
1 - Sirve para line array?
- Si, sirve perfectamente para utilizarlo en line array
2 - Es original JBL?
- Si, es original JBL
3- De que origen es?
- Es de industria brasilera.",in stock,new,209998.00 ARS,https://tecnoshow.vercel.app/#MLA3203267296,https://http2.mlstatic.com/D_NQ_NP_2X_926643-MLA99422289192_112025-F.jpg,"https://http2.mlstatic.com/D_NQ_NP_2X_629026-MLU76132827967_052024-F.jpg,https://http2.mlstatic.com/D_NQ_NP_2X_778904-MLA91918956329_092025-F.jpg,https://http2.mlstatic.com/D_NQ_NP_2X_864408-MLA91520398772_092025-F.jpg",Jbl,Parlantes y amplificación
MLA1785621415,Woofer Tecshow 18 Pulgadas 400W RMS Altavoz Pasivo Negro,"WOOFER 18w400 Tecshow
Altavoz pasivo de 18 pulgadas – 400W RMS
Diseñado para entregar la mayor fidelidad posible en medias y bajas frecuencias, el parlante 18W400 de Tecshow es ideal para proyectos que requieren una respuesta en frecuencia precisa y definida. Componente pensado y desarrollado para uso intensivo.
Características
- Respuesta en frecuencia: 38Hz – 3KHz
- Tamaño del altavoz: 18 pulgadas.
- Bobina móvil: 3 pulgadas.
- Imán: 70 OZ.
- Dimensiones: 525 x 525 x 195 mm.
- Peso: 7Kg.
- Sensibilidad: 98db",in stock,new,209998.00 ARS,https://tecnoshow.vercel.app/#MLA1785621415,https://http2.mlstatic.com/D_NQ_NP_2X_882307-MLA95527462720_102025-F.jpg,"https://http2.mlstatic.com/D_NQ_NP_2X_740401-MLA109278886450_042026-F.jpg,https://http2.mlstatic.com/D_NQ_NP_2X_603955-MLA110129569005_042026-F.jpg",Tecshow,Parlantes y amplificación
MLA3309695038,Parlante Pasivo Tecshow 10 Pulgadas 120W RMS 8 Ohms Fidelidad Medias Bajas,"DETALLE DEL PRODUCTO:
Altavoz pasivo de 10 pulgadas – 120W RMS
Potencia: 120W RMS
Respuesta en frecuencia: 60Hz - 4KHz
Bobina móvil: 1.5 pulgadas
Impedancia: 8 ohms
Diseñado para entregar la mayor fidelidad posible en medias y bajas frecuencias, el parlante 10W120 de Tecshow es ideal para proyectos que requieren una respuesta en frecuencia precisa y definida. Componente pensado y desarrollado para uso intensivo.
CARACTERÍSTICAS TÉCNICAS
POTENCIA: 120W
RESPUESTA EN FRECUENCIA: 60Hz - 4KHz
IMPEDANCIA: 8 ohms
FÍSICO
TAMAÑO DEL ALTAVOZ: 10 pulgadas
BOBINA MÓVIL: 1.5 pulgadas
IMÁN: 30 OZ
DIMENSIONES: 265 x 265 x 140 mm
PESO: 2.4Kg",in stock,new,83998.00 ARS,https://tecnoshow.vercel.app/#MLA3309695038,https://http2.mlstatic.com/D_NQ_NP_2X_826882-MLA99509510982_112025-F.jpg,,Tecshow,Parlantes y amplificación
MLA4014334288,Bafle Potenciado Behringer Eurolive B112w Bluetooth Color Negro,"Behringer B112W Wireless Altavoz de PA Activo Características clave Behringer B112W Wireless Altavoz de PA Activo Conectividad Bluetooth Sistema Ultra Compacto y Ligero 2 Entradas de Micrófono/Línea con Controles de Volumen Diseño Inclinado para su Uso como Monitor de Suelo Características Altavoz de refuerzo de sonido PA con potencia de 1000 W para directo y playback Sistema ultracompacto y ligero para ofrecer sonido excelente en todo momento Tecnología A2DP de alto rendimiento para reproducir audio desde cualquier dispositivo compatible con Bluetooth Se puede usar de modo inalámbrico con los micrófonos de Behringer (no incluidos) Mezclador de dos canales con entradas individuales Mic/Línea, controles de volumen y clips de LED Ecualizador de dos bandas con procesador de sonido integrado para control del sistema y protección del altavoz Tecnología de amplificador revolucionaria de clase D: potencia enorme, rendimiento acústico increíble y ligereza excelente Driver de 12'' Driver de compresión de 1'' para reproducción excepcional de alta frecuencia Dispersión ultra ancha Salida de línea adicional que permite conectar sistemas de altavoces adicionales Diseño versátil en forma de trapecio Asas ergonómicas para transporte fácil Componentes de alta calidad y construcción resistente",in stock,new,1199990.00 ARS,https://tecnoshow.vercel.app/#MLA4014334288,https://http2.mlstatic.com/D_NQ_NP_2X_767685-MLA105887494580_022026-F.jpg,"https://http2.mlstatic.com/D_NQ_NP_2X_946935-MLA108022280187_032026-F.jpg,https://http2.mlstatic.com/D_NQ_NP_2X_985299-MLU74139442066_012024-F.jpg",Behringer,Parlantes y amplificación
MLA1368820723,Bafle Caja Sublow Activo 18 350 W Rms Apogee A18 Negro,"Sumérgete en un mundo de sonido envolvente con el Parlante Apogee A18 en color negro. Este potente subwoofer de 350 W RMS te brinda una experiencia de audio de alta calidad, perfecta para disfrutar de tus películas, música y videojuegos favoritos. Con su diseño en formato de caja, el A18 se integra fácilmente en cualquier espacio, aportando estilo y elegancia a tu hogar. Gracias a su amplio rango de frecuencia, desde 35 Hz hasta 4.5 kHz, podrás apreciar cada detalle y matiz de tus contenidos favoritos, desde los graves más profundos hasta los agudos más nítidos. No esperes más para llevar tu experiencia auditiva al siguiente nivel con el Parlante Apogee A18.",in stock,new,1154998.00 ARS,https://tecnoshow.vercel.app/#MLA1368820723,https://http2.mlstatic.com/D_NQ_NP_2X_939393-MLA99504193194_112025-F.jpg,,Apogee,Parlantes y amplificación
MLA3983806164,Amplificador Funcional Tecshow Dome Core 240 W Digital 100v Negro,"Amplificador Funcional Tecshow Dome Core 240 W Digital 100V Negro
Tecshow Dome Core 240
Amplificador para instalaciones de 240W. Salida de línea de 70V y 100V. 4 zonas. 2 entradas de mic. Línea In/Out. SD, USB, Bluetooth
Ideal para instalaciones fijas, el Dome Core 240 está pensado para adaptarse fácilmente a hoteles, centros de convenciones, bares, casas, colegios, gimnasios o cualquier lugar donde se requiera sonorizar múltiples zonas de forma fácil y rápida.
Su panel frontal se completa con dos entradas plug para micrófonos, controles de volumen independiente para cada uno de ellos y un ecualizador de dos bandas, además de un volumen master.
Su parte posterior incorpora ficha para antena, entrada/salida de línea vía RCA y borneras para conexión de parlantes. Estas admiten 4 zonas de conexión y salidas de línea de 70V y 100V.
ESPECIFICACIONES
- CONTROL Y PROGRAMACIÓN
Control: Botón de panel, Manual, Perilla
Botón de encendido: Power Switch
Wireless: Sí
Reproductor mp3: Sí
Control por bloques: 4 CH
- FÍSICO
Material: Aluminio
Unidad de rack: 1 U
Color: Negro
- CONECTORES
Tipo conector: PLUG, Borneras, USB, SD
- SEÑAL
Rango de frecuencia: 60 ˜ 16000 Hz
Puertos USB: 1
Salidas borneras: 8
Display: LCD
- ALIMENTACIÓN
Voltaje: 220-240 V
Frecuencia: 50/60 Hz
- PESO & TAMAÑO
Peso: 5.5 Kg
Alto: 88.8 mm
Ancho: 482 mm
Profundidad: 320 mm
- DATOS SISTEMA
Respuesta en frecuencia: 60 ˜ 16000 Hz
- DATOS AMPLIFICADOR
Canales: 4 CH",in stock,new,692998.00 ARS,https://tecnoshow.vercel.app/#MLA3983806164,https://http2.mlstatic.com/D_NQ_NP_2X_813895-MLA108423409077_032026-F.jpg,,Tecshow,Parlantes y amplificación
MLA3195138736,Amplificador de Potencia Ampro Tecshow APX-II 300 2x150w 4Ohms,"POTENCIA APX 300W
Amplificador de dos canales.
Ventilación forzada de bajo ruido.
Indicadores de encendido, señal, clip y protección.
Amplificador profesional.
Salida con speakon y bornera.
Entrada XLR y 6.5mm.
Funcionamiento en modo Bridge con potencia máxima de 600 Watts.
Selector de sensibilidad de entrada: 0,77V - 1V - 1,44V.
Selector de corte de tierra.
Funcionamiento en modo stereo o paralelo.
Potencia RMS en 4 Ohms Estéreo: 150W x 2.
Potencia RMS en 8 Ohms Estéreo: 100W x 2.
Potencia RMS en 8 Ohms Puente: 300W.
Incluye:
1 cable interlock a 220V.
Manual de instrucciones.
ESPECIFICACIONES TECNICAS:
Amplificador Clase A-B.
Factor de amortiguamiento: 400.
Respuesta en frecuencia: 15Hz a 25KHz.
Dimensiones: 482 x 88 x 369 mm.
Consumo: 8A.",in stock,new,508198.00 ARS,https://tecnoshow.vercel.app/#MLA3195138736,https://http2.mlstatic.com/D_NQ_NP_2X_727981-MLA115694148747_082026-F.jpg,"https://http2.mlstatic.com/D_NQ_NP_2X_797264-MLA114351962498_082026-F.jpg,https://http2.mlstatic.com/D_NQ_NP_2X_954618-MLA106021265511_012026-F.jpg,https://http2.mlstatic.com/D_NQ_NP_2X_713730-MLA114742726360_082026-F.jpg",Tecshow,Parlantes y amplificación
MLA897566129,Divisor De Frecuencia Drt200 Croosover 3 Vias 8ohms 650-5600,"Características
Marca CICLOS
Modelo D.R.T 200
Tipo de divisor Pasivo 3 Vías
Impedancia 8 Ohm
Atenuacion 12 DB
Cruce de Frecuencias 650 - 5600",in stock,new,36750.00 ARS,https://tecnoshow.vercel.app/#MLA897566129,https://http2.mlstatic.com/D_NQ_NP_2X_610068-MLA75427760548_042024-F.jpg,"https://http2.mlstatic.com/D_NQ_NP_2X_805251-MLA75427886924_042024-F.jpg,https://http2.mlstatic.com/D_NQ_NP_2X_782122-MLA117913169473_092026-F.jpg,https://http2.mlstatic.com/D_NQ_NP_2X_660446-MLA117912230909_092026-F.jpg",Tevelam,Parlantes y amplificación
MLA3352100130,Bafle Activo Apogee A21 Subwoofer 21 Pulgadas 500w Rms,"APOGEE A21 ACTIVO
Bafle Subwoofer activo de 21"", fabricación nacional, 500 Watts AES, con crossover interno.
Características de funcionamiento:
- Entrada de señal balanceada con conector combinado XLR/TRS.
- Salida balanceada XLR para link.
- Control de volumen.
- X-over ajustable de 50Hz a 250Hz para optimizar el corte.
- Inversor de fase electrónico.
- Indicador de clipeo y señal.
Características de seguridad:
- Encendido suave.
- Funcionamiento silencioso al encender o apagar.
- Protección de tensión, temperatura, sobrecarga, cortocircuito y protección de parlantes.
Panel de control:
1. Input: Entrada de señal de línea (balanceada TRS/XLR).
2. Through: Salida de señal balanceada XLR para conexión a otros equipos.
3. Frequency: Selector de corte de frecuencia (50Hz a 250Hz).
4. Level: Control de volumen de entrada.
5. Phase: Inversor de fase electrónico (180°).
6. AC Input: Alimentación eléctrica.
7. Power: Interruptor de encendido.
Especificaciones técnicas:
- Configuración: 1 vía (Subwoofer 21"").
- Respuesta de frecuencia: 28Hz a 250Hz.
- Potencia continua: 500W AES.
- Potencia programa: 1000W.
- Potencia pico: 2000W.
- Sensibilidad: 99 dB (2.83V @ 1m).
- Corte del crossover: 50Hz a 250Hz (24dB – Linkwitz-Riley).
- Woofer LF: 567mm (21"") con bobina de 100mm (4"").
- SPL máximo: 131 dB.
- Conectores de entrada: XLR, TRS (6.5mm).
- Conectores de salida: XLR.
- Material de construcción: MDF.
- Revestimiento: Pintura texturada.
- Dispersión nominal: Omnidireccional.
- Indicadores LED: Encendido, protección y señal.
- Distorsión (Típica/SMPTE): <0,5%.
- Factor de amortiguamiento (5Hz-1kHz): >200.
- Tasa de conversión: 20V/US.
- Relación señal ruido: 100dB.
- Sensibilidad de entrada: 1.2V.
- Respuesta de frecuencia del amplificador: 20Hz-20KHz ± 1.5dB.
- Alimentación: AC110V – AC230V 50Hz-60Hz.",in stock,new,1627498.00 ARS,https://tecnoshow.vercel.app/#MLA3352100130,https://http2.mlstatic.com/D_NQ_NP_2X_739447-MLA95657157226_102025-F.jpg,"https://http2.mlstatic.com/D_NQ_NP_2X_916403-MLA99937686387_112025-F.jpg,https://http2.mlstatic.com/D_NQ_NP_2X_808992-MLA81784012016_012025-F.jpg",Apogee,Parlantes y amplificación
MLA1737699813,Parlante Skp Pro Sk-208px Par Activo+pasivo 200w + Soportes Color Negro,"Parlante SKP Pro SK-208 PX. Con una potencia de salida de 200 W, este sistema de parlantes activo y pasivo ofrece un rendimiento excepcional, perfecto para fiestas, presentaciones o cualquier ocasión que requiera un audio potente y claro.
Diseñado para ser colocado en la pared, su formato de caja permite una instalación sencilla y eficiente en diversos espacios. La configuración de dos parlantes asegura una distribución uniforme del sonido, creando una atmósfera envolvente que cautivará a todos los asistentes.
No cuenta con funciones como Bluetooth o karaoke, pero su enfoque en la calidad de audio lo convierte en una opción confiable para quienes priorizan el sonido sobre características adicionales. Además, incluye soportes que facilitan su colocación y optimizan el uso del espacio.
El SKP Pro SK-208 PX es ideal para músicos, DJs y organizadores de eventos que buscan un sistema de sonido robusto y efectivo. Su diseño funcional y su potente salida lo convierten en una herramienta indispensable para cualquier amante de la música y el entretenimiento.",in stock,new,713893.00 ARS,https://tecnoshow.vercel.app/#MLA1737699813,https://http2.mlstatic.com/D_NQ_NP_2X_732743-MLA110428018431_042026-F.jpg,"https://http2.mlstatic.com/D_NQ_NP_2X_992487-MLA109553235366_042026-F.jpg,https://http2.mlstatic.com/D_NQ_NP_2X_677995-MLA110427463647_042026-F.jpg,https://http2.mlstatic.com/D_NQ_NP_2X_730600-MLA110427523573_042026-F.jpg",SKP Pro Audio,Parlantes y amplificación
MLA1364546666,Bafle Portátil Activo Potenciado De 15 Jahro,"Bafle Portátil Activo Potenciado De 15 Jahro - Ajhogar - Negro
Jahro jh-cx15d ofrece un sonido natural, con gran claridad y precisión, que se dispersa de manera uniforme. Un parlante que asegura potencia y calidad en la reproducción de contenidos multimedia.
Al ser activo, solo necesitarás conectarlo a la fuente de sonido y el mismo equipo se encargará de amplificar y reproducir. Ganarás practicidad y espacio, ya que además requiere menos cableado que uno pasivo. Es la solución conveniente para producir música en casa o en un estudio, y también para DJs.
Sus medidas son:
alto 55 cm
prof 35 cm
ancho 40 cm",in stock,new,444673.00 ARS,https://tecnoshow.vercel.app/#MLA1364546666,https://http2.mlstatic.com/D_NQ_NP_2X_862989-MLA99968777543_112025-F.jpg,https://http2.mlstatic.com/D_NQ_NP_2X_712314-MLA51387468737_092022-F.jpg,Jahro,Parlantes y amplificación
MLA1475698623,Par Parlante Skp Sk-105 Audio Funcional 75w Color Negro,"SKP SK-105
Parlante para instalaciones de audio.
Ideal para locales comerciales, consultorios.
Música de fondo y llamados por altoparlantes.
Requiere amplificador externo para su funcionamiento.
Características:
- Parlante de 2 vías de rango completo
- Parlante de graves: 5.25”
- Respuesta en frecuencia: 65Hz-20KHz
- Sensibilidad: 89dB (SPL 1W/1m)
- Potencia RMS: 75W
- Potencia de Programa: 150W
- Potencia Pico: 300W
- Impedancia: 8 Ohms
- Material de cono de Woofer: Mica
- Diámetro de imán de Woofer: 80 x 40 x 15 mm
- Peso de imán de Woofer: 12oz
- Bobina de Woofer: 25 mm (1”)
- Tamaño de Tweeter: 13 mm (1/2”)
- Material de Tweeter: Mylar
- Diámetro de imán de Tweeter: 45 x 22 x 7 mm
- Peso de imán de Tweeter: 2oz
- Material de gabinete: ABS (plástico)
- Soporte para montaje: Incluido
- Tornillos: Incluidos",in stock,new,349648.00 ARS,https://tecnoshow.vercel.app/#MLA1475698623,https://http2.mlstatic.com/D_NQ_NP_2X_916935-MLA99507564838_112025-F.jpg,"https://http2.mlstatic.com/D_NQ_NP_2X_614321-MLA91895696901_092025-F.jpg,https://http2.mlstatic.com/D_NQ_NP_2X_879395-MLA91896124801_092025-F.jpg,https://http2.mlstatic.com/D_NQ_NP_2X_717828-MLA91895955529_092025-F.jpg",SKP Pro Audio,Parlantes y amplificación
MLA1416487537,Amplificador Comercial Bluetooth Skp Pw-104 25w 4 Canales Bt Color Blanco Potencia de salida RMS 100 W,"Amplificador Skp Pw104 Bt
Potencia: 100 W
Conectividad Bluetooth
Diseño en color blanco
Ideal para eventos y reuniones
Sonido de alta calidad. Este amplificador cuenta con una potencia de salida RMS de 100 W, lo que garantiza un rendimiento sonoro excepcional en cualquier entorno. Su diseño elegante en color blanco lo convierte en una opción atractiva para cualquier evento. Con cuatro canales disponibles, permite una versatilidad en la conexión de múltiples dispositivos, ideal para reuniones y celebraciones. Además, su tamaño compacto, con dimensiones de 13 cm de altura, 6 cm de largo y 9 cm de ancho, facilita su transporte y almacenamiento. Con un peso de solo 360 g, es ligero y fácil de manejar. La profundidad de 11.9 cm asegura que se adapte a diferentes espacios sin ocupar demasiado lugar. Este amplificador es la elección perfecta para quienes buscan calidad de sonido y funcionalidad en un solo dispositivo.",in stock,new,251557.00 ARS,https://tecnoshow.vercel.app/#MLA1416487537,https://http2.mlstatic.com/D_NQ_NP_2X_808701-MLA99988569057_112025-F.jpg,https://http2.mlstatic.com/D_NQ_NP_2X_601652-MLB51244772538_082022-F.jpg,SKP Pro Audio,Parlantes y amplificación
MLA1768066431,Mackie S-410 Subwoofer Pasivo De 4 Parlantes De 10 Pulgadas,"Mackie S-410 Subwoofer Pasivo de 4 Parlantes de 10 pulgadas USADO PARA DEMO
El parlante subwoofer pasivo Mackie S410S es la elección ideal para quienes buscan una experiencia de sonido envolvente y potente. Con una impresionante potencia de salida de 3000 W RMS, este subwoofer está diseñado para ofrecer graves profundos y resonantes, perfectos para eventos en vivo, fiestas o sesiones de DJ.
Su diseño de caja permite una colocación en el suelo, optimizando la proyección del sonido en cualquier espacio. Aunque no cuenta con conectividad Bluetooth o Wi-Fi, su robustez y calidad de construcción aseguran un rendimiento excepcional en entornos de alta demanda.
El S410S es un componente esencial para quienes desean mejorar su sistema de audio, proporcionando una respuesta de graves que complementa perfectamente a otros parlantes. Con su filtro pasivo, este subwoofer se integra sin esfuerzo en configuraciones de sonido más amplias, garantizando una experiencia auditiva de alta fidelidad.
Subwoofer pasivo Mackie en madera
Baltic birch: 4 conos de 10"" LF;
potencia 750W RMS y 3000W pico;
rango de frecuencias 40Hz-400Hz;
filtro pasa bajos 180Hz,
diseño Bass reflex
Garantía de fábrica: 30 días",in stock,new,5250000.00 ARS,https://tecnoshow.vercel.app/#MLA1768066431,https://http2.mlstatic.com/D_NQ_NP_2X_743806-MLA116412481012_092026-F.jpg,"https://http2.mlstatic.com/D_NQ_NP_2X_944569-MLA110990623755_042026-F.jpg,https://http2.mlstatic.com/D_NQ_NP_2X_963026-MLA110990801481_042026-F.jpg,https://http2.mlstatic.com/D_NQ_NP_2X_689434-MLA110992435605_042026-F.jpg",Mackie,Parlantes y amplificación
MLA1720716041,Combo 2 Array 1020 Pro + 1 Sub Array 2000 Line Array Series,"Presentamos el Sistema Audio Array + SubArray GBR, una solución de audio potente y versátil, ideal para quienes buscan calidad en sonido, tanto para eventos en vivo como para reuniones casuales. Con una potencia de salida de 2000 W, este sistema ofrece un rendimiento excepcional en cualquier entorno, garantizando que música y voz se escuchen con claridad y profundidad.
El formato Array de sus parlantes permite una distribución homogénea del sonido, proporcionando una experiencia auditiva envolvente. Además, cuenta con filtros crossover que optimizan la reproducción del audio, asegurando que cada tono se escuche con la mejor calidad posible. Es perfecto para artistas, DJs y cualquier persona que desee llevar su audio a un nivel superior.
Este sistema es portátil y está diseñado para usarse fácilmente en diferentes espacios, ya sea en interiores o exteriores. Su capacidad para funcionar de manera inalámbrica aporta una mayor libertad de movimiento, permitiendo a los usuarios disfrutar de experiencias sin cables que pueden limitar su desempeño.
Detalles Técnicos:
ARRAY 1020 PRO (CADA UNO) VIENE DOS
BAFLE 10"" 2 VIAS ALTO RENDIMIENTO
*WOOFER 10” 2,5” VC 60OZ Aluminio 8 ohms
*2 Driver titanium 1,35”
*Guia de onda
*Potencia 500W RMS 1000 w pico
*Resp Frec: 60Hz -20 KHz
*Sensibilidad 93 dB *SPL Max: 119dB
*Dispersion nominal: 10*90 (v*H)
*Plywood *Anclaje para colgar
SUB ARRAY 2000 LA
SUB WOOFER POTENCIADO DIGITAL 18“
WOOFER 18” 4” VC 125Oz Aluminio 4 ohms
*Salida potenciada 1000W p/ARRAY1020 PRO
*Potencia 1000W RMS 2000 w pico
*Resp Frec: 40Hz -90Hz
*Sensibilidad 95 Db *SPL Max: 123dB
*Control DSP
*CONTROL DE NIVEL
*Transmision inalámbrica BT
*Plywood",in stock,new,5249998.00 ARS,https://tecnoshow.vercel.app/#MLA1720716041,https://http2.mlstatic.com/D_NQ_NP_2X_651019-MLA108650141116_032026-F.jpg,"https://http2.mlstatic.com/D_NQ_NP_2X_725818-MLA109460506211_032026-F.jpg,https://http2.mlstatic.com/D_NQ_NP_2X_776815-MLA108652192142_032026-F.jpg,https://http2.mlstatic.com/D_NQ_NP_2X_978301-MLA109460476581_032026-F.jpg",Gbr,Parlantes y amplificación
MLA3200432806,Sistema Array Combo Sub Woofer 15'' + 4 Array 400 + Tripodes,"SUPER COMBO LINE ARRAY –
Sistema completo de audio profesionaL
Potencia, presencia y practicidad en un solo sistema.
El SUPER COMBO LINE ARRAY está pensado para quienes buscan un equipo con muy buen rendimiento, sonido potente, claridad y excelente presencia visual, manteniendo al mismo tiempo una instalación práctica y un armado simple.
Es una opción ideal para eventos, salones, fiestas, shows, espacios amplios, usos profesionales y alquiler, ya que combina la pegada del subwoofer potenciado con la definición y proyección de los módulos line array.
¿Qué incluye este combo?
1 Sub Array 1500 DSP potenciado
4 módulos Array 400 pasivos
2 trípodes ST240
2 cables SPK6
Características principales
Sistema completo listo para trabajar
Sonido potente, claro y bien distribuido
Muy buena presencia estética
Fácil de transportar y de armar
Excelente opción para eventos y refuerzo sonoro
Subwoofer potenciado con DSP incorporado
Módulos line array compactos y de alto rendimiento
Especificaciones técnicaS
ARRAY 400
Line Array pasivo
Potencia por unidad: 150W RMS / 300W pico
Woofer: 4”
Driver: 1,35”
Respuesta en frecuencia: 40 Hz – 20 kHz
SPL: 135 dB
Impedancia: 16 ohms
Material: plástico inyectado
Guía de onda
Soporte para trípode incluido
SUB ARRAY 1500 DSP
Subwoofer potenciado de 15”
Potencia: 500W RMS / 1000W pico
Respuesta en frecuencia: 40 Hz – 250 Hz
Sensibilidad: 98 dB
Dos salidas potenciadas de 200W x 2
Control DSP
Control de nivel y corte de frecuencia
Ruedas para transporte
Material: MDF
Dimensiones: 46 x 55 x 53 cm
Peso: 32,4 kg
Ideal para
Eventos sociales
Salones
Fiestas
DJs
Sonido para shows
Refuerzo sonoro profesional",in stock,new,3464998.00 ARS,https://tecnoshow.vercel.app/#MLA3200432806,https://http2.mlstatic.com/D_NQ_NP_2X_878047-MLA109627327402_042026-F.jpg,"https://http2.mlstatic.com/D_NQ_NP_2X_829549-MLA110509838743_042026-F.jpg,https://http2.mlstatic.com/D_NQ_NP_2X_929104-MLA110511265675_042026-F.jpg,https://http2.mlstatic.com/D_NQ_NP_2X_767379-MLA110509838745_042026-F.jpg",Gbr,Parlantes y amplificación
MLA2228590162,Platinum Sub Array 1800 Dsp 2400w Woofer Salida Potenciada,"SUB ACTIVO SUB ARRAY 1800 (SOLO SUB SIN SATELITES)
PLATINUM PRO""
Diseñado para los más exigentes !!
Ofrece un Sonido y Calidad de ALTO RENDIMIENTO.
Detalles Técnicos: ""SUB ARRAY 1800""
- SUB Woofer Potenciado 18""
- Potencia: 600 w RMS 1200w pico
- Resp. Frec: 40 Hz - 250 Hz
- Sensibilidad: 99 dB
- 2 Salidas Potenciadas 250 w x 2 para Array
1000
- Control DSP
- Control de Nivel y Corte de Frecuencia
- Dimensiones: 53*64*60 cm
Garantía de fábrica: 30 días",in stock,new,2614498.00 ARS,https://tecnoshow.vercel.app/#MLA2228590162,https://http2.mlstatic.com/D_NQ_NP_2X_869753-MLA116412568114_092026-F.jpg,"https://http2.mlstatic.com/D_NQ_NP_2X_689150-MLA89369380208_082025-F.jpg,https://http2.mlstatic.com/D_NQ_NP_2X_828746-MLA89369597246_082025-F.jpg,https://http2.mlstatic.com/D_NQ_NP_2X_988978-MLA89369626978_082025-F.jpg",Gbr,Parlantes y amplificación
MLA746130363,Tecshow De American Pro Concert C4800 Potencia 4800 Watt,"Potencia de sonido profesional
La Serie CONCERT de American Pro Audio, constituye la línea de uso profesional.
Los amplificadores de esta serie fueron diseñados teniendo en cuenta parámetros tales como la funcionalidad, la confiabilidad, y las protecciones; pero más aun la alta calidad de reproducción del sonido en las condiciones de funcionamiento más rigurosas, tales como las elevadas temperaturas del ambiente o el funcionamiento continuo a alta potencia.
Potencia:
Potencia en 8 ohms 2 x 1200w
Potencia en 4 ohms 2 x 1900w
Potencia en 2 ohms 2 x 2400w
Características:
Compresor-limitador
-10% x + 10,5%
Impedancia de entrada: 20 KO
Frecuencia de respuesta: 5 Hz- 50 KHz
Slow rate: 40V/ uS
Factor de amortiguación >400
Conectores Speakon, link XLR
Salida puente y paralelo",in stock,new,1899999.00 ARS,https://tecnoshow.vercel.app/#MLA746130363,https://http2.mlstatic.com/D_NQ_NP_2X_772328-MLA93665429884_102025-F.jpg,"https://http2.mlstatic.com/D_NQ_NP_2X_926953-MLA90149338613_082025-F.jpg,https://http2.mlstatic.com/D_NQ_NP_2X_614293-MLA89772486976_082025-F.jpg,https://http2.mlstatic.com/D_NQ_NP_2X_834326-MLA90149368539_082025-F.jpg",Tecshow,Parlantes y amplificación
MLA1729545315,Bafle Potenciado Con Ruedas Subarray 1500 Subwoofer,"SUB WOOFER POTENCIADO DIGITAL 15""
* SUPER COMPACTO ALTO RENDIMIENTO
* Dos salidas potenciadas 200W x 4
* Potencia 500W RMS 1000 w pico
* FR40-20kHz *SPL 135dB
* Sensibilidad 98 dB
* CONTROL DSP
RUEDAS PARA TRASLADO",in stock,new,1889999.00 ARS,https://tecnoshow.vercel.app/#MLA1729545315,https://http2.mlstatic.com/D_NQ_NP_2X_865862-MLA111279176561_052026-F.jpg,"https://http2.mlstatic.com/D_NQ_NP_2X_978538-MLA111279295963_052026-F.jpg,https://http2.mlstatic.com/D_NQ_NP_2X_680065-MLA111279207581_052026-F.jpg,https://http2.mlstatic.com/D_NQ_NP_2X_616568-MLA111278850487_052026-F.jpg",Platinum Pro,Parlantes y amplificación
MLA3112404376,Bafle Potenciado 18 Gbr Subarray 2000 Platinum Pro Subwoofer,"Proba un nuevo concepto en sonido
La linea GBR Platinum Pro te da una calidad de sonido unica en su categoria
BAFLE POTENCIADO 18 PULGADAS
PARLANTE FUNDICION
*WOOFER 18” ,BOBINA 4” VC 125 OZ
*Potencia 800W RMS 1600w pico
*Control de frecuencia
*SALIDA PARA SISTEMA BI AMPLIFICADO
*INVERSION DE FASE
*Control de ganancia
*Resp Frec: 40Hz -1KHz
*Sensibilidad 98 dB
*SPL: 128 Db
*Dimensiones: 755*570*650 mm
*Peso: 54,6 Kg",in stock,new,1627499.00 ARS,https://tecnoshow.vercel.app/#MLA3112404376,https://http2.mlstatic.com/D_NQ_NP_2X_873878-MLA117913345083_092026-F.jpg,"https://http2.mlstatic.com/D_NQ_NP_2X_822324-MLA108812905468_032026-F.jpg,https://http2.mlstatic.com/D_NQ_NP_2X_726241-MLA108813768286_032026-F.jpg,https://http2.mlstatic.com/D_NQ_NP_2X_803830-MLA108810914332_032026-F.jpg",Gbr,Parlantes y amplificación
MLA2143656565,Parlante Bafle Activo Jbl Max 15 Bluetooth Usb,"JBL 15 ofrece un sonido natural, con una gran claridad y precisión, que se dispersa de manera uniforme. Un parlante que asegura potencia y calidad por igual en la reproducción de contenidos multimedia.
Para toda ocasión
Disfrutar de un amplio espectro de sonidos tanto en la reproducción de voces como de notas musicales es posible con este parlante woofer. Dejate asombrar con su excelente desempeño sonoro en películas, series y en tus playlists favoritas.
Olvidate del amplificador
Al ser activo solo necesitarás conectarlo a la fuente de sonido y el mismo equipo se encargará de amplificar y reproducir: ganarás practicidad y espacio, ya que además requiere menos cableado que uno pasivo. Es la solución más conveniente si querés producir música en tu casa o en un estudio, y también para DJs.
Apto para aire libre
Usalo en donde quieras, este dispositivo está diseñado para que tengas el mejor sonido siempre, tanto en interiores como en exteriores.
Garantía de fábrica: 30 días",in stock,new,1599999.00 ARS,https://tecnoshow.vercel.app/#MLA2143656565,https://http2.mlstatic.com/D_NQ_NP_2X_758622-MLA107425670479_022026-F.jpg,"https://http2.mlstatic.com/D_NQ_NP_2X_601364-MLA106756943540_022026-F.jpg,https://http2.mlstatic.com/D_NQ_NP_2X_679637-MLA107426287421_022026-F.jpg,https://http2.mlstatic.com/D_NQ_NP_2X_911380-MLA107426167937_022026-F.jpg",Jbl,Parlantes y amplificación
MLA740508655,Tecshow American Concert C3600 Potencia,"Descripción:
• Salida de potencia (8-Ohm): 2 x 800W.
• Salida de potencia (4-Ohm): 2 x 1350W.
• Salida de potencia (2-Ohm): 2 x 1800W.
• Salida de potencia (Bridge @ 8-Ohm): 2300W.
• Salida de potencia (Bridge @ 4-Ohm): 2900W.
Desempeño:
• Impedancia de entrada: 10KOhm balanceado a tierra.
• Respuesta de Frecuencia: 15Hz~25KHz.
• THD: <0.035%, +4 dBu @ 1 KHz, unidad de ganancia.
• Slew Rate: 40V/uS.
• Relación señal a ruido: >105dB.
• Factor de Damping (1Khz@8Ohm): >400:1.
• Radiador de control automático.
• Protecciones: Cortocircuito, circuito abierto, temperatura, arranque suave, voltaje DC, Sub/Ultrasonic y RF.
Conectores & controles de panel posterior:
• 2 XLR machos balanceados.
• 2 XLR hembras balanceados.
• 2 salidas de altavoz speakon.
• 2 pares de borneras.
• Selección sensibilidad de entrada: 0.77V / 1.0V / 1.4V.
• Modo de selección: Paralelo, estéreo & bridge.
• Selección de compresor.
• Ground: Lift & Gnd.
Físico:
• Enfriamiento: 2 ventiladores frontales con velocidad variable.
• Dimensiones 482 x 453 x 88.8 mm. / 19 x 17.8 x 3.50 pulg.
• Peso 26 Kg. / 57 Lbs.
Eléctrico:
• Rango de voltaje de entrada: AC100–240V, 50-60Hz.",in stock,new,1499999.00 ARS,https://tecnoshow.vercel.app/#MLA740508655,https://http2.mlstatic.com/D_NQ_NP_2X_985192-MLA93557791100_102025-F.jpg,"https://http2.mlstatic.com/D_NQ_NP_2X_799255-MLA90149778635_082025-F.jpg,https://http2.mlstatic.com/D_NQ_NP_2X_749596-MLA32464134075_102019-F.jpg,https://http2.mlstatic.com/D_NQ_NP_2X_666682-MLA32464137054_102019-F.jpg",Tecshow,Parlantes y amplificación
MLA3283417668,Amplificador Ciclos Tpa-700 800w 2 Canales,"MODELO:PA700TPF
8Q ST:2X350W RMS
4Q ST:2X700W RMS
80 PUENTEABLE:1400W RMS
FRECUENCIA:20Hz-20kHZ100dB
THD:0.1%.20Hz-20KHz
IMPEDANCIA ENT.:20K OHMS
PESO:31.2 KG
DIMENSION:58.5X55X21 CM
El amplificador Ciclos TPA-700 es la solución ideal para quienes buscan potencia y calidad en su sistema de audio. Con una capacidad de 800w y dos canales, este modelo se adapta perfectamente a diversas configuraciones, ya sea para eventos en vivo o instalaciones permanentes.
Su respuesta en frecuencia de 10 Hz a 20 kHz garantiza una reproducción de sonido clara y precisa, permitiendo disfrutar de cada matiz musical. Los conectores de entrada Plug y XLR, junto con las salidas Speakon y bornera, ofrecen versatilidad y facilidad de conexión con otros equipos de audio.
Diseñado para satisfacer las necesidades de músicos, DJs y técnicos de sonido, el TPA-700 combina robustez y rendimiento. Su construcción sólida asegura un funcionamiento confiable, incluso en las condiciones más exigentes, haciendo de este amplificador una elección segura para cualquier amante del audio.
Garantía de fábrica: 30 días",in stock,new,1375498.00 ARS,https://tecnoshow.vercel.app/#MLA3283417668,https://http2.mlstatic.com/D_NQ_NP_2X_608384-MLA117912464125_092026-F.jpg,"https://http2.mlstatic.com/D_NQ_NP_2X_812246-MLA111333729829_052026-F.jpg,https://http2.mlstatic.com/D_NQ_NP_2X_922367-MLA111332482497_052026-F.jpg,https://http2.mlstatic.com/D_NQ_NP_2X_683408-MLA110399265822_052026-F.jpg",Ciclos,Parlantes y amplificación
MLA2345322768,Bafle Activo Turbosound Milan M10 600w Full Range Color Negro,"Turbosound Milan M10 ofrece un sonido natural, con una gran claridad y precisión, que se dispersa de manera uniforme. Un parlante que asegura potencia y calidad por igual en la reproducción de contenidos multimedia.",in stock,new,1364998.00 ARS,https://tecnoshow.vercel.app/#MLA2345322768,https://http2.mlstatic.com/D_NQ_NP_2X_867071-MLA99988147259_112025-F.jpg,"https://http2.mlstatic.com/D_NQ_NP_2X_704517-MLA93867634282_102025-F.jpg,https://http2.mlstatic.com/D_NQ_NP_2X_684582-MLA99988058253_112025-F.jpg,https://http2.mlstatic.com/D_NQ_NP_2X_993794-MLA99922393474_122025-F.jpg",Turbosound,Parlantes y amplificación
MLA1723843233,Parlante Activo Pl-1530 Platinum Pro Dsp 650w Rms Bluetooth,"GBR PL-1530 Power dsp ofrece un sonido natural, con una gran claridad y precisión, que se dispersa de manera uniforme. Un parlante que asegura potencia y calidad por igual en la reproducción de contenidos multimedia.
Olvidate del amplificador
Al ser activo solo necesitarás conectarlo a la fuente de sonido y el mismo equipo se encargará de amplificar y reproducir: ganarás practicidad y espacio, ya que además requiere menos cableado que uno pasivo. Es la solución más conveniente si querés producir música en tu casa o en un estudio, y también para DJs.
Garantía de fábrica: 30 días",in stock,new,1259998.00 ARS,https://tecnoshow.vercel.app/#MLA1723843233,https://http2.mlstatic.com/D_NQ_NP_2X_831018-MLA117912966207_092026-F.jpg,"https://http2.mlstatic.com/D_NQ_NP_2X_860766-MLA108811919604_032026-F.jpg,https://http2.mlstatic.com/D_NQ_NP_2X_822418-MLA108812989666_032026-F.jpg,https://http2.mlstatic.com/D_NQ_NP_2X_824585-MLA108813197530_032026-F.jpg",Gbr,Parlantes y amplificación
MLA3159341810,Amplificador De Potencia 1800w Apogee H24 Profesional Negro,"POTENCIA APOGEE H 24 1800RMS ESPECIFICACIONES Amplificador de Potencia de 2 canales Potencia RMS en 4 OHMS: 1000w x 2 Potencia RMS en 8 OHMS: 700w x 2 Potencia max. en puente 4 OHMS: 1800w Potencia max. en puente 8 OHMS: 1400w Respuesta de Frecuencia: 5Hz 50kHz Relación Señal / Ruido: =95dB Distorsión armónica Total: 0.5% Imp. de Entrada Balanceada: 20KO Imp. de Entrada No Balanceada: 10KO Nivel de Entrada: +4dB Factor de Amortiguamiento: >200 ( f=1kHz 8 ohm) Conectores de Salida: Speakon, banana Conectores de entrada: XLR balanceado Indicadores luminosos: Encendido, Clip y estado de protección Protección: Cortocircuito Total / Cortocircuito Abierto / Prot. Térmica / RF Protección Corto Circuito: Si Protección AC/DC: Si Protección Temperatura: Si Clase H Peso: 18,5 Kg Dimensiones: 482 x 88 x 410 mm",in stock,new,1154998.00 ARS,https://tecnoshow.vercel.app/#MLA3159341810,https://http2.mlstatic.com/D_NQ_NP_2X_676635-MLA94235876446_102025-F.jpg,https://http2.mlstatic.com/D_NQ_NP_2X_814237-MLA94235390018_102025-F.jpg,Apogee,Parlantes y amplificación
MLA2307358672,Parlante Caja Activa SKP Pro Audio Q12 12'' 500W DSP Entrada XLR/TRS,"SKP Pro Audio Q12 ofrece un sonido natural, con una gran claridad y precisión, que se dispersa de manera uniforme. Un parlante que asegura potencia y calidad por igual en la reproducción de contenidos multimedia.",in stock,new,1097248.00 ARS,https://tecnoshow.vercel.app/#MLA2307358672,https://http2.mlstatic.com/D_NQ_NP_2X_750143-MLA100001216867_112025-F.jpg,https://http2.mlstatic.com/D_NQ_NP_2X_712426-MLB74088264453_012024-F.jpg,SKP Pro Audio,Parlantes y amplificación
MLA603660529,Caja Db Technologies Arena 12 Usada En Demo 12   Y Driver 1,"Caja Db Technologies Arena 12 Usada En Demo 12  Y Driver 1
Caja Db Technologies Arena 12
Caja de 12 Pulgadas y Driver
Con una respuesta en frecuencia de 80Hz a 19Khz, woofer de 12“ y motor de compresión de 1” de alta calidad y directividad constante, el ARENA 12 se sitúa como el máximo representante todo terreno de esta gama. Se puede utilizar como bafle “full range” en locales pequeños o combinado con el ARENA SW15 o ARENA SW18 como sistema de sonido compacto de gran calidad.
Especificaciones
Datos Técnicos
Tipo de Altavoz 2-Way Passive Speaker
Datos Acústicos
Índice de Potencia Nominal 400 W/RMS
Índice de Potencia de Pico 800 W/RMS
Impedancia 8 Ohms
Respuesta en Frecuencia [+-3 dB] 80 - 19.000 Hz
Max SPL 127 dB
HF (Alta Frecuencia) 1 ""
Tipo HF Compression driver
Bobina de Voz HF 1.4 ""
Driver Protection PTC
Directividad 90x40 °
Bocina CD Horn
Rotatable Horn Yes
Crossover Frequency (passive) 2000 Hz
Pendiente MF-HF 18 dB/Octave
LF (Baja Frecuencia) 12 ""
Bobina de Voz LF 2 ""
Sección de Entrada
Entrada de Señal 1x Speakon
Pin 1+=+
Pin 1-=-
Salida de Señal 1x Speakon
Pin 1+=+
Pin 1-=-
Mecánica
Material del Recinto Multiplex birch plywood
Diseño del Recinto Multifunctional
Color Black
Surface Texture Textured acrylic lacquer
Asas 1x per side
Vaso de Montaje 36mm
Ángulo de Inclinación Monitor use 45 °
Rejilla Metall grille with acoustic foam in front
Puntos de Voladura 12 x M10
Width 379 mm (15.16 in)
Height 631 mm (25.24 in)
Profundo 378 mm (15.12 in)
Peso 17.8 kg (39.24 lbs)",in stock,new,1050000.00 ARS,https://tecnoshow.vercel.app/#MLA603660529,https://http2.mlstatic.com/D_NQ_NP_2X_823660-MLA117912231133_092026-F.jpg,"https://http2.mlstatic.com/D_NQ_NP_2X_845943-MLA31575512238_072019-F.jpg,https://http2.mlstatic.com/D_NQ_NP_2X_622575-MLA31575513550_072019-F.jpg,https://http2.mlstatic.com/D_NQ_NP_2X_22805-MLA20236275597_012015-F.jpg",dBTechnologies,Parlantes y amplificación
MLA1778119437,Potencia Crest Cks-100 Made In Usa,"El amplificador de procesamiento de potencia Crest Audio CKS100 está diseñado específicamente para los requisitos únicos de instalaciones de sonido comerciales e industriales de alta calidad. Los objetivos de diseño que cumple el CKS100 incluyen una precisión sonora excepcional, alta eficiencia, consumo mínimo de energía, protección integral de los altavoces y la capacidad de manejar ciclos de trabajo prolongados.
Además, el CKS100 incorpora el enfoque modular propietario de Crest Audio para la configuración de entrada/salida y control externo. A este concepto lo llamamos Procesamiento de Potencia. Gracias a la disposición de tres ranuras para módulos enchufables, estos amplificadores ofrecen una flexibilidad excepcional con procesamiento de señal integral, monitoreo de cargas y control por computadora, ya sea local o a nivel de sistema, a través de NexSys de Crest Audio.
El amplificador CKS100 se fabrica exclusivamente en la propia planta de Crest Audio en EE. UU., utilizando solo componentes de la más alta calidad. Los subensamblajes clave se prueban individualmente de manera previa, y todas las unidades se 'queman' rigurosamente antes de la verificación final en equipos de prueba de precisión.
Garantía de fábrica: 30 días",in stock,new,1049998.00 ARS,https://tecnoshow.vercel.app/#MLA1778119437,https://http2.mlstatic.com/D_NQ_NP_2X_866837-MLA117912230979_092026-F.jpg,"https://http2.mlstatic.com/D_NQ_NP_2X_991701-MLA110397061358_052026-F.jpg,https://http2.mlstatic.com/D_NQ_NP_2X_638065-MLA110397059680_052026-F.jpg,https://http2.mlstatic.com/D_NQ_NP_2X_822780-MLA111333754281_052026-F.jpg",Crest,Parlantes y amplificación
MLA1895510663,Bafle Potenciado 12pul Gbr Profesional Pl1230 500w Bluetooth,"BAFLE POTENCIADO DIGITAL 2 VIAS 12 PULGADAS PL1230
PLATINUM PRO
BI AMPLIFICADO
* WOOFER 12 PULG. - 3 PULG. VC , IMAN 60 OZ.
* DRIVER 1.75 PULG. TITANIUM.
* Potencia: 500 W RMS - 1000W PICO.
* Salida potenciada para bafle pasivo bi amplificado.
* SELECTOR LOW CUT/LIVE/DJ.
* Entrada linea/mic.
* Salida pasiva.
* Control de nivel.
* Resp.Frec: 55 Hz- 20 kHz
* Sensibilidad 97 dB.
* SPL: 125Db.
* Dimensiones: 430*415*650mm.
* Peso: 21 Kg.",in stock,new,1049998.00 ARS,https://tecnoshow.vercel.app/#MLA1895510663,https://http2.mlstatic.com/D_NQ_NP_2X_612134-MLA113293579526_072026-F.jpg,"https://http2.mlstatic.com/D_NQ_NP_2X_938509-MLA113291413538_072026-F.jpg,https://http2.mlstatic.com/D_NQ_NP_2X_914185-MLA113293163394_072026-F.jpg,https://http2.mlstatic.com/D_NQ_NP_2X_772197-MLA113291561654_072026-F.jpg",Platinum Pro,Parlantes y amplificación
MLA1450712317,"Parlante tipo woofer JBL 18SW5P para auto/camioneta color negro de 8Ω 18"" x 18 ""","Parlante tipo woofer JBL 18SW5P para auto/camioneta color negro de 8Ω 18"" x 18 """,in stock,new,1039498.00 ARS,https://tecnoshow.vercel.app/#MLA1450712317,https://http2.mlstatic.com/D_NQ_NP_2X_914350-MLA99352113368_112025-F.jpg,"https://http2.mlstatic.com/D_NQ_NP_2X_890840-MLA75618096929_042024-F.jpg,https://http2.mlstatic.com/D_NQ_NP_2X_668763-MLA75617852093_042024-F.jpg,https://http2.mlstatic.com/D_NQ_NP_2X_883216-MLA75461157946_042024-F.jpg",Jbl,Parlantes y amplificación
MLA1374596523,Bafle Ciclos Amplificado Con Woofer 15  300 Watt Rms Usb Bt,"Bafle Amplificado! Woofer 15, 300w Rms Usb, Bt Potenciado",in stock,new,1016398.00 ARS,https://tecnoshow.vercel.app/#MLA1374596523,https://http2.mlstatic.com/D_NQ_NP_2X_919107-MLA117912231193_092026-F.jpg,"https://http2.mlstatic.com/D_NQ_NP_2X_664646-MLA70117719408_062023-F.jpg,https://http2.mlstatic.com/D_NQ_NP_2X_819743-MLA70138500597_062023-F.jpg,https://http2.mlstatic.com/D_NQ_NP_2X_691628-MLA70138463675_062023-F.jpg",Ciclos,Parlantes y amplificación
MLA1441702771,"Parlante Activo SKP Q10 MKII de 10"" y 1300W con Bluetooth","SKP Pro Audio Q10 MK2 ofrece un sonido natural, con gran claridad y precisión, que se dispersa de manera uniforme. Un parlante que asegura potencia y calidad en la reproducción de contenidos multimedia.
Olvídate del amplificador
Al ser activo, solo necesitarás conectarlo a la fuente de sonido y el mismo equipo se encargará de amplificar y reproducir: ganarás practicidad y espacio, ya que además requiere menos cableado que uno pasivo. Es la solución más conveniente para producir música en casa o en un estudio, y también para DJs.
Características del producto
Tipos de parlante: Full-range
Con Bluetooth: Sí
Marca: SKP Pro Audio
Modelo: Q10 MK2
Color: Negro
Voltaje: 220V
Lugares de colocación: Piso, Trípode
Conectividad: Con Bluetooth
Tipos de alimentación: Eléctrica
Potencia de salida (RMS): 1.300 W
Tipos de filtros del parlante: Activo",in stock,new,954973.00 ARS,https://tecnoshow.vercel.app/#MLA1441702771,https://http2.mlstatic.com/D_NQ_NP_2X_650624-MLA94006164677_102025-F.jpg,"https://http2.mlstatic.com/D_NQ_NP_2X_698533-MLA99545067920_122025-F.jpg,https://http2.mlstatic.com/D_NQ_NP_2X_628763-MLA99545067924_122025-F.jpg",Skp,Parlantes y amplificación
MLA2060456508,Ecualizador Gráfico DBX 1215 15 Bandas Estéreo Dual Canales,"La serie dbx® 12 está diseñada para cumplir con las demandas de entornos de refuerzo de sonido, ofreciendo controles intuitivos. El modelo 1215 cuenta con canales duales, 15 bandas de 2/3 de octava, centros de frecuencia ISO, rango de ganancia de entrada de +/-12 dB y filtros de corte de graves conmutables de 40 Hz/18 dB por octava. Incluye atenuadores de 45 mm; rango de aumento/corte seleccionable de +/-6 dB o +/-15 dB para ajustes de ganancia; Conectores XLR, tira de barrera y TRS de 1/4'' para instalación sencilla; entradas y salidas balanceadas para un funcionamiento silencioso; y capacidades de elevación de tierra del chasis/señal para aislamiento de zumbidos.
Los ecualizadores de esta serie están diseñados para ofrecer un rendimiento duradero en cualquier aplicación. Cuentan con transformador aislado magnéticamente, entradas balanceadas/no balanceadas electrónicamente y salidas servo balanceadas/no balanceadas, entradas y salidas con filtro de RF y la derivación del relé de apagado con cable duro con un retardo de encendido de 2 segundos. Se utilizan componentes de alta calidad, lo que resulta en una respuesta de frecuencia de 10 Hz a 50 kHz, SNR superior a 90 dB (ref +4 dBu), menos de 0,005% THD + ruido (1 kHz a +4 dBu) y diafonía entre canales de menos de -80 dB de 20 Hz a 20 kHz. Todo esto en un chasis de acero/aluminio de 2U.",in stock,new,944998.00 ARS,https://tecnoshow.vercel.app/#MLA2060456508,https://http2.mlstatic.com/D_NQ_NP_2X_989103-MLA99877153031_112025-F.jpg,"https://http2.mlstatic.com/D_NQ_NP_2X_961791-MLU78115386765_082024-F.jpg,https://http2.mlstatic.com/D_NQ_NP_2X_924025-MLU75716280903_042024-F.jpg,https://http2.mlstatic.com/D_NQ_NP_2X_865784-MLU78115386787_082024-F.jpg",Dbx,Parlantes y amplificación
MLA3112009144,Bafle Potenciado Pl-1500 Power Activo Potente Bluetooth,"Gbr Bafle Potenciado Bluetooth Pl-1500 Power Activo Potente Negro
Bafle potenciado digital 2 vias 15""
BI amplificado clase D.
* Woofer 15"" 3"" VC, Imán de 70 OZ.
* Driver 1,75"" TITANIUM 23 OZ.
* Potencia: 600 WRMS 1200W PICO.
* Procesador DSP configurable.
* Transmisión inalámbrica Bluetooth *TWS.
* 2 Entrada línea/mic plug canon/RCA.
* Control de nivel.
* Respuesta de frecuencia de 40HZ - 20kHZ.
* Sensibilidad 98 dB.
* SPL 125 dB.
* Dimensiones 475*45*74 mm.
* Peso 21kg",in stock,new,908248.00 ARS,https://tecnoshow.vercel.app/#MLA3112009144,https://http2.mlstatic.com/D_NQ_NP_2X_796991-MLA117912464013_092026-F.jpg,https://http2.mlstatic.com/D_NQ_NP_2X_720173-MLA109626937729_032026-F.jpg,Gbr,Parlantes y amplificación
MLA2019007577,Bafle Potenciado Jahro Jh-15dsp 15'' 650w Rms Profesional,"BAFLE ACTIVO JAHRO JH-15 DSP 15"" CON BLUETOOTH
El Jahro JH-15 DSP es un bafle activo profesional de 15"" diseñado para ofrecer una reproducción potente y definida, incorporando procesamiento DSP y conectividad Bluetooth.
Ideal para DJs, eventos, salones, fiestas, presentaciones y aplicaciones de sonido profesional donde se necesita potencia, practicidad y control del audio.
Características principales:
Woofer de 15""
Sistema activo / potenciado
DSP integrado
Bluetooth
Sistema de 2 vías
Parlante Activo 15"" Jahro jh-15DPS
Amplificador 650w rms
Dps integrado
Equalizador
Filtro corte pasa altos
Woofer 15"" pulgadas
Driver 1.75 pulgadas
Rta fres 10 hz-18khz
SPL : 132 DB (1M)
Cobertura 90-H X 60-V
2 entradas XLR
Control de volumen por canal
2 entrada plug
1 salida XLR
Opcion de montaje 15""
Control de delay
Diseño profesional
Ideal para sonido en vivo y eventos",in stock,new,899000.00 ARS,https://tecnoshow.vercel.app/#MLA2019007577,https://http2.mlstatic.com/D_NQ_NP_2X_907437-MLA116494556091_082026-F.jpg,"https://http2.mlstatic.com/D_NQ_NP_2X_894582-MLA115101740096_082026-F.jpg,https://http2.mlstatic.com/D_NQ_NP_2X_740012-MLA116493819295_082026-F.jpg,https://http2.mlstatic.com/D_NQ_NP_2X_667969-MLA115101681420_082026-F.jpg",Jahro,Parlantes y amplificación
MLA1729517487,Gbr Array 400 Platinum 2 Bafles + Soporte 600w Pasivo 2 Vias,"GBR ARRAY 400
COMBO DOS ARRAY + SOPORTE
SUPER COMPACTO! ALTA DEFINICION
DESTALLES DE CADA ARRAY
ALTO RENDIMIENTO
CADA ARRAY
LINE ARRAY PASIVO
*150W RMS 300W PICO CU
*WOOFER 4”
*DRIVER 1,35”
*FR40-20khZ
*SPL 135dB
*Impedancia 16 Ohms
*PLASTICO INYECTADO
*GUIA DE ONDA
*SOPORTE PARA TRIPODE INCLUIDO",in stock,new,839989.00 ARS,https://tecnoshow.vercel.app/#MLA1729517487,https://http2.mlstatic.com/D_NQ_NP_2X_936282-MLA117912494797_092026-F.jpg,"https://http2.mlstatic.com/D_NQ_NP_2X_939620-MLA109041369692_032026-F.jpg,https://http2.mlstatic.com/D_NQ_NP_2X_770122-MLA109879378677_032026-F.jpg,https://http2.mlstatic.com/D_NQ_NP_2X_880283-MLA109876008371_032026-F.jpg",GBR Platinum Pro,Parlantes y amplificación
MLA1512796703,Potencia Tecshow Dome Core 360 Usb Bluetooth,"DOME CORE 240
A su vez cuenta con el control de volumen independiente para el módulo multimedia incorporado.
Ideal para instalaciones fijas, el Dome Core 240 está pensado para adaptarse fácilmente a hoteles, centros de convenciones, bares, casas, colegios, gimnasios o cualquier lugar en donde se requiera sonorizar múltiples zonas en forma fácil y rápida.
Su panel frontal se completa con dos entradas plug para micrófonos, controles de volumen independiente para cada uno de ellos y un ecualizador de dos bandas, además de un volumen master.
Por último su parte posterior incorpora ficha para antena, entrada/salida de linea via RCA y borneras para conexión de parlantes. Estas admiten 4 zonas de conexión y salidas de línea de 70V y 100V.
CONTROL Y PROGRAMACIÓN
Control: Boton de pánel, Manual, Perilla
Botón de encendido: Power Switch
Wireless: Si
Reproductor mp3: SI
Control por bloques: 4 CH
DOME CORE 360
El amplificador Dome Core 360 le permite al usuario conectar múltiples parlantes y obtener hasta 4 zonas de control independiente. El equipo cuenta con ecualizador de 2 bandas, dos entradas de micrófono y 1 entrada/salida de línea para cualquier accesorio que quieras conectar a la potencia.
El amplificador Dome Core 360 le permite al usuario conectar múltiples parlantes y obtener hasta 4 zonas de control independiente. El equipo cuenta con ecualizador de 2 bandas, dos entradas de micrófono y 1 entrada/salida de línea para cualquier accesorio que quieras conectar a la potencia. A su vez, te permite reproducir una gran variedad de contenido gracias a sus slots SD y USB, como así también por intermedio de su antena FM y su conectividad Bluetooth. Dome Core 360, la opción ideal para simplificar tus instalaciones.
Eficaz y discreto, el amplificador multi-zona
A su vez cuenta con el control de volumen independiente para el módulo multimedia incorporado.
Ideal para instalaciones fijas, el Dome Core 360 está pensado para adaptarse fácilmente a hoteles, centros de convenciones, bares, casas, colegios, gimnasios o cualquier lugar en donde se requiera sonorizar múltiples zonas en forma fácil y rápida.
Salida:
4~160hms, 70V, 100V
Líneas: 70/100V
Potencia: 360W
Performance:
EQ de 2 bandas
4 zonas de control independiente
Respuesta en frecuencia (-3dB): 60Hz~16Khz
THD (1Khz): <0.5%
S/N Ratio: <-108dB / >88dB
Entradas:
Mic - -50dB 600ohms desbalanceados
Línea - -10dB 10Kohms desbalanceados
Conectores:
2 entradas de mic
1 entradas auxiliares
1 entrada de línea
1 salida de línea
Lector MP3/SD con dis",in stock,new,809548.00 ARS,https://tecnoshow.vercel.app/#MLA1512796703,https://http2.mlstatic.com/D_NQ_NP_2X_988480-MLA117913227519_092026-F.jpg,"https://http2.mlstatic.com/D_NQ_NP_2X_655605-MLA89079843429_072025-F.jpg,https://http2.mlstatic.com/D_NQ_NP_2X_918131-MLA89079992663_072025-F.jpg,https://http2.mlstatic.com/D_NQ_NP_2X_849625-MLA89080394767_072025-F.jpg",Tecshow,Parlantes y amplificación
MLA3551017400,Monitor Bafle Retorno Woofer15'' Gbr Array 700pa 600w Pico,"El Monitor Bafle Retorno GBR ARRAY 700 PASIVO está pensado para quienes buscan un sonido firme, con presencia y control en escenarios, ensayos o refuerzo sonoro. Su woofer de 15 pulgadas ofrece una respuesta contundente y una potencia de 600 W RMS, ideal para proyectar voces y música con claridad. Al ser un diseño pasivo, permite trabajar con una etapa externa para ajustar el sistema de audio según cada necesidad.
Su formato de caja facilita el uso como retorno y también como parlante de apoyo en distintas configuraciones, con colocación sobre poste o en apoyo directo según el espacio disponible. Incorpora filtro pasivo y un solo parlante de tipo woofer, lo que ayuda a conservar una reproducción estable y un desempeño pensado para trabajos exigentes. No incluye Bluetooth, Wi-Fi, batería recargable ni funciones extra, priorizando la reproducción por cable y la eficiencia sonora.
Garantía de fábrica: 30 días",in stock,new,787498.00 ARS,https://tecnoshow.vercel.app/#MLA3551017400,https://http2.mlstatic.com/D_NQ_NP_2X_974516-MLA112851699318_072026-F.jpg,"https://http2.mlstatic.com/D_NQ_NP_2X_786268-MLA114053795843_072026-F.jpg,https://http2.mlstatic.com/D_NQ_NP_2X_809468-MLA112851699322_072026-F.jpg,https://http2.mlstatic.com/D_NQ_NP_2X_837910-MLA114053766293_072026-F.jpg",Gbr,Parlantes y amplificación
MLA616944268,"Potencia American Pro Apx-1200 De 640 X 2 En 4, 400 X 2 En 8","Características
Marca:Tecshow
Línea:Apx
Modelo:APX-II 1200
Potencia de salida (RMS):1280W
Cantidad de canales:2
Ancho:48 cm
Profundidad:40 cm
Altura:8 cm
Respuesta en frecuencia:20 Hz x 20 kHz
Conectores de entrada::XLR
Conectores de salida:Speakon
Medidas:482 mm x 289 mm x 88 mm
Peso:8 kg",in stock,new,749999.00 ARS,https://tecnoshow.vercel.app/#MLA616944268,https://http2.mlstatic.com/D_NQ_NP_2X_917816-MLA93722250096_102025-F.jpg,"https://http2.mlstatic.com/D_NQ_NP_2X_767482-MLA45745201726_042021-F.jpg,https://http2.mlstatic.com/D_NQ_NP_2X_850644-MLA45745293320_042021-F.jpg,https://http2.mlstatic.com/D_NQ_NP_2X_977107-MLA45745260435_042021-F.jpg",American Pro,Parlantes y amplificación
MLA3112005608,Bafle Activo Gbr Pl 1230 Dsp Bluetooth Sonido Potente,"Descubre el bafle activo DSP Bluetooth Pro DJ 1000W 12"" 2 vías de la marca GBR, diseñado para ofrecer un sonido potente y de alta calidad. Con una potencia de salida de 500 W RMS, este parlante es ideal para eventos, fiestas y presentaciones donde el audio nítido y envolvente es esencial.
Su formato de 12 pulgadas y su configuración de 2 canales garantizan una experiencia auditiva excepcional, permitiendo que cada nota se escuche con claridad. Además, su conectividad Bluetooth facilita la reproducción de música de manera inalámbrica, brindando comodidad y versatilidad en su uso.
Este bafle es portátil, lo que lo convierte en la opción perfecta para quienes buscan un sistema de sonido fácil de transportar. Su diseño robusto y funcional asegura que puedas disfrutar de tu música favorita en cualquier lugar, sin complicaciones.
Ya sea para un evento al aire libre o una reunión en casa, el bafle GBR pl1230 Power Pro DSP es la elección ideal para quienes valoran la calidad de sonido y la facilidad de uso. Mejora tu experiencia musical y lleva tus eventos al siguiente nivel con este potente parlante.",in stock,new,729749.00 ARS,https://tecnoshow.vercel.app/#MLA3112005608,https://http2.mlstatic.com/D_NQ_NP_2X_681663-MLA108805969298_032026-F.jpg,"https://http2.mlstatic.com/D_NQ_NP_2X_809938-MLA108806475332_032026-F.jpg,https://http2.mlstatic.com/D_NQ_NP_2X_665704-MLA109623111843_032026-F.jpg,https://http2.mlstatic.com/D_NQ_NP_2X_771181-MLA108803978790_032026-F.jpg",Gbr,Parlantes y amplificación
MLA3132345360,Bafle Activo Dsp Bluetooth Pro Dj 1000w 12 2 Vias,"Descubre el bafle activo DSP Bluetooth Pro DJ 1000W 12"" 2 vías de la marca GBR, diseñado para ofrecer un sonido potente y de alta calidad. Con una potencia de salida de 500 W RMS, este parlante es ideal para eventos, fiestas y presentaciones donde el audio nítido y envolvente es esencial.
Su formato de 12 pulgadas y su configuración de 2 canales garantizan una experiencia auditiva excepcional, permitiendo que cada nota se escuche con claridad. Además, su conectividad Bluetooth facilita la reproducción de música de manera inalámbrica, brindando comodidad y versatilidad en su uso.
Este bafle es portátil, lo que lo convierte en la opción perfecta para quienes buscan un sistema de sonido fácil de transportar. Su diseño robusto y funcional asegura que puedas disfrutar de tu música favorita en cualquier lugar, sin complicaciones.
Ya sea para un evento al aire libre o una reunión en casa, el bafle GBR pl1230 Power Pro DSP es la elección ideal para quienes valoran la calidad de sonido y la facilidad de uso. Mejora tu experiencia musical y lleva tus eventos al siguiente nivel con este potente parlante.
12"" 500W RMS 1000W PICO
Garantía de fábrica: 30 días",in stock,new,724489.00 ARS,https://tecnoshow.vercel.app/#MLA3132345360,https://http2.mlstatic.com/D_NQ_NP_2X_761085-MLA117913227407_092026-F.jpg,"https://http2.mlstatic.com/D_NQ_NP_2X_896647-MLA109928202301_042026-F.jpg,https://http2.mlstatic.com/D_NQ_NP_2X_754207-MLA109928202303_042026-F.jpg",Gbr,Parlantes y amplificación
MLA3112406376,Monitor Bafle Activo Potenciado Gbr 12  2vias 500w Array-900,"CAJA ACTIVA MARCA GBR
MODELO ARRAY-900 BAFLE ACTIVO POTENCIADO DE 12 PULGADAS 500 WATT CON SALIDA PARA PASIVO GBR
*BAFLE ACTIVO MONITOR
*2 VIAS WOOFER COAXIAL 12” 2,5” 50 OZ
*SALIDA PARA PASIVO
*EQ GRAVES,MEDIOS Y AGUDOS
*DRIVER 1.35 TITANIUM 13 OZ
*Potencia :250 W RMS 500W PICO
*Resp.Frec: 65Hz- 20kHz
*Sensibilidad 95dB
*Impedancia: 8 Ohms
*SPL: 128dB
*DIM:47*42*53 CM",in stock,new,699999.00 ARS,https://tecnoshow.vercel.app/#MLA3112406376,https://http2.mlstatic.com/D_NQ_NP_2X_897139-MLA109635505555_032026-F.jpg,"https://http2.mlstatic.com/D_NQ_NP_2X_886731-MLA108813772542_032026-F.jpg,https://http2.mlstatic.com/D_NQ_NP_2X_805569-MLA108812048466_032026-F.jpg,https://http2.mlstatic.com/D_NQ_NP_2X_667109-MLA108812909776_032026-F.jpg",Gbr,Parlantes y amplificación
MLA1387726027,Monitor Profesional Behringer Studio 50usb 150 Watts Par,"Monitores de escucha digitales de 2 vías
Ideal para estudios basados en ordenador y estaciones de trabajo de audio y multimedia
Auténtico modo Bi-Amping con 4 amplificadores, 2 por altavoz
Amplificación digital de 40 W
Tweeter de cúpula de seda de 1""
Woofer Long-Throw de 5""
Respuesta en frecuencia: 55 - 20000 Hz
Nivel máximo: 100 dB @ 1m
Tecnología Advanced Waveguide para Sweet Spot extra grande
Posibilidades de ajustes de acústica de sala
Entrada USB para conexión directa al ordenador (Plug and Play, no necesita controladores)
Dos entradas analógicas con conectores XLR y TRS, se pueden usar al mismo tiempo con una fuente de señal digital
Carcasa de material plástico
Medidas: 254 x 204 x 178 mm
Peso: 6,5 kg
Incluye cable de altavoz de 2 m",in stock,new,692998.00 ARS,https://tecnoshow.vercel.app/#MLA1387726027,https://http2.mlstatic.com/D_NQ_NP_2X_699127-MLA83419486417_032025-F.jpg,"https://http2.mlstatic.com/D_NQ_NP_2X_967386-MLA83129025142_032025-F.jpg,https://http2.mlstatic.com/D_NQ_NP_2X_871195-MLA83419486419_032025-F.jpg,https://http2.mlstatic.com/D_NQ_NP_2X_846765-MLA83419486423_032025-F.jpg",Behringer,Parlantes y amplificación
MLA1975457856,Ecualizador Gráfico Behringer Fbq3102hd Estéreo 31 Bandas P,"El ULTRAGRAPH PRO Behringer FBQ3102 HD es un ecualizador gráfico estéreo de 31 bandas ultramusical diseñado para aplicaciones en directo y estudio. Este dispositivo cuenta con el innovador Sistema de Detección de Realimentación FBQ que detecta de manera instantánea las frecuencias críticas de realimentación y puede ser utilizado como analizador de audio.
Incluye una salida mono para subwoofer con frecuencia de corte ajustable para potenciar la energía de tu música. Los filtros pasa bajas y pasa altas en cada canal permiten eliminar ruidos no deseados, como zumbidos o ruido de cinta (hiss). Ajustar el nivel es sencillo gracias a los LEDs indicadores de nivel de entrada/salida de alta precisión de 12 segmentos y el control de ganancia de entrada.
Características adicionales:
-Ecualizador gráfico estéreo de 31 bandas para aplicaciones en directo y estudio.
-Sistema de Detección de Realimentación FBQ que detecta frecuencias críticas y puede ser utilizado como analizador de audio.
-Limitadores dedicados por canal.
-Control LPF y HPF y salida mono de subgrave con control de crossover.
-I/o XLR/jack balanceadas.
-Respuesta en frecuencia: 10Hz-30Khz.
-THD: 0,006%.
-Filtros de ruido con amplificadores operacionales para la integridad de la señal.
-S/N: 94Db.
-Dimensiones: 89X 482,6 x150 mm.
-Peso: 2,7Kg.
Garantía de fábrica: 30 días",in stock,new,692998.00 ARS,https://tecnoshow.vercel.app/#MLA1975457856,https://http2.mlstatic.com/D_NQ_NP_2X_858817-MLA117912494727_092026-F.jpg,"https://http2.mlstatic.com/D_NQ_NP_2X_928615-MLU72510685916_102023-F.jpg,https://http2.mlstatic.com/D_NQ_NP_2X_746361-MLU72510685926_102023-F.jpg",Behringer,Parlantes y amplificación
MLA616945905,Potencia Apx 800 American Pro 400 Watt X 2 En 4 Ohms Oferta,"Características
Marca:American Pro
Modelo:APX-800 II
Potencia de salida (RMS):800W
Cantidad de canales:2
Ancho:48.2 cm
Profundidad:28.9 cm
Altura:8.8 cm
Respuesta en frecuencia:15Hz~25KHz
Conectores de entrada:CANON
Conectores de salida:
SPEAKON - BORNERA
Medidas:482 x 369 x 88.8 mm.
Peso:12 kg",in stock,new,679999.00 ARS,https://tecnoshow.vercel.app/#MLA616945905,https://http2.mlstatic.com/D_NQ_NP_2X_767031-MLA117913345025_092026-F.jpg,"https://http2.mlstatic.com/D_NQ_NP_2X_659343-MLA45745176828_042021-F.jpg,https://http2.mlstatic.com/D_NQ_NP_2X_979921-MLA31577169337_072019-F.jpg,https://http2.mlstatic.com/D_NQ_NP_2X_634311-MLA31577167985_072019-F.jpg",American Pro,Parlantes y amplificación
MLA833882337,Dbx 215s Eq Ecualizador Grafico 15+15 Bandas Stereo 2canales,"DESCRIPCION;
ECUALIZADOR DE 15 BANDAS Dbx 215s EQ
Sonido excepcional y una gran fiabilidad. Cuando los profesionales necesitan un ecualizador, recurren a dbx. Con una trayectoria comprobada que abarca cuatro décadas, ecualizadores dbx ® son el estándar de la industria para hacer turismo, estudios, e instalaciones de audio. Con la herencia de dbx venerados ecualizadores Pro, el 215s satisface las necesidades de los entornos más exigentes de refuerzo de sonido, al tiempo que ofrece la simplicidad de controles sencillos.
El dbx 215s incluye dos canales de 15 bandas de ecualización 2/3-octave, ± 12 dB de ganancia de entrada, conmutable ± 6 dB o ± 12 dB de refuerzo / corte rango, 20mm deslizadores no conductores, una interfaz de usuario intuitiva, y la medición de nivel de salida. De sus largos 10Hz a 50kHz respuesta de frecuencia y 112 dB de rango dinámico para el componentry calidad y una atención meticulosa a los detalles, la 215s ofrece un sonido excepcional y una gran fiabilidad que garantiza que siempre sonará mejor.
Claro que para encontrar un hogar en el estudio, en la gira y con los lugares de sonido instalados, el dbx 215s está destinado a ocupar el lugar que le corresponde en el linaje de los grandes procesadores de señales DBX que son la elección profesional en procesamiento de señales. Con una calidad asequible tal, ya no hay ninguna excusa para comprometer su sonido.
- Dual 15-bandas, 1/3-octava constante q bandas de frecuencia
- Conmutable realce / corte rangos de ± 6 dB o ± 12
- Panel frontal interruptor de bypass
- ± 12 dB de ganancia de entrada de gama
- 4 segmentos LED para escaleras de los niveles de salida de control
- XLR y TRS Inpts y Salidas
- Frecuencia Repsonse de <10Hz a> 50kHz
- Rango dinámico superior a 108 dB",in stock,new,629998.00 ARS,https://tecnoshow.vercel.app/#MLA833882337,https://http2.mlstatic.com/D_NQ_NP_2X_735782-MLA117912966155_092026-F.jpg,"https://http2.mlstatic.com/D_NQ_NP_2X_964068-MLA40394655377_012020-F.jpg,https://http2.mlstatic.com/D_NQ_NP_2X_642405-MLA40394617257_012020-F.jpg",Dbx,Parlantes y amplificación
MLA1163454148,Potencia Apogee H-12 De 900 Watt (2 Por 450 Watt En 4 Ohm),"APOGEE H-12
ESPECIFICACIONES:
Potencia RMS en 4 Ohms Estéreo 450W x 2
Potencia RMS en 8 Ohms Estéreo 300W x 2
Potencia RMS Puente 900 W
Respuesta de Frecuencia: 5Hz - 50KHz (+/-1.5dB)
Relación Señal / Ruido: =85dB
Distorsión armónica Total: 0.5%
Imp. de Entrada Balanceada: 20KO
Imp. de Entrada No Balanceada: 10KO Nivel de Entrada: +4dB
Factor de Amortiguamiento: >200 ( f=1kHz 8 ohm)
Protección Corto Circuito: Si
Protección AC/DC: Si
Protección Temperatura: Si
Indicadores luminosos: Encendido, Clip y estado de protección
Conectores de Salida: Speakon, Bornera para banana y Jack 6.5mm
Conectores de entrada: XLR balanceado y RCA
Protección: Cortocircuito Total / Cortocircuito Abierto /
Prot. Termica / RF
Peso: 10.5Kg
Dimensiones: 482 x 88 x 350mm",in stock,new,629998.00 ARS,https://tecnoshow.vercel.app/#MLA1163454148,https://http2.mlstatic.com/D_NQ_NP_2X_711527-MLA117912464133_092026-F.jpg,"https://http2.mlstatic.com/D_NQ_NP_2X_923002-MLA51430970644_092022-F.jpg,https://http2.mlstatic.com/D_NQ_NP_2X_712805-MLA51430918885_092022-F.jpg,https://http2.mlstatic.com/D_NQ_NP_2X_787229-MLA51430905941_092022-F.jpg",Apogee,Parlantes y amplificación
MLA2104021585,Pioneer DJ DM40-BT,"DISEÑADO PARA DJ Y PRODUCTORES
Los altavoces para monitores de sobremesa DM-40BT ofrecen un amplio rango de frecuencias y un sonido estéreo 3D, ideal tanto para productores como para DJs. Cuentan con un sistema de reflejo de graves con carga frontal compuesto por woofers de fibra de vidrio de 4 pulgadas, lo que proporciona una respuesta de graves potente y definida. El tweeter de cúpula blanda de 3/4 de pulgada incluye difusores convexos DECO, canalizando la gama de frecuencias de alta gama en todas las direcciones para una mejor dispersión. Esto le proporciona un amplio punto dulce y sonido estéreo 3D, sin importar su posición en la habitación.
WIRELESS BLUETOOTH CONECTIVIDAD
El DM-40BT también cuenta con conectividad integrada Bluetooth que le permite transmitir música de forma inalámbrica desde su dispositivo con Bluetooth. La tecnología Bluetooth le permite reproducir música desde su smartphone o dispositivo de tableta sin necesidad de un cable auxiliar. Los soportes aptX y AAC de Qualcomm garantizan una fidelidad de audio óptima gracias a la reproducción de sonido de alta calidad.
CARACTERISTICAS:
-Pareja de altavoces de monitor de sobremesa
-Ideal para DJ y productores
-Wireless Bluetooth conectividad para transmitir música desde teléfonos inteligentes o tabletas
-Compatibilidad con Qualcomm aptX y AAC para una fidelidad de audio óptima durante la transmisión
-Sistema de reflejo de graves con carga frontal
-Los woofers de fibra de vidrio de 4 pulgadas proporcionan unos graves fuertes y contundentes.
-Tweeters de cúpula blanda de 3/4 con difusores convexos DECO
-Amplio punto dulce con sonido estéreo 3D
-Los amplificadores de clase AB proporcionan un sonido nítido y de baja distorsión.
-Bordes frontales curvados para minimizar la resonancia
-Salida de auriculares en el panel frontal y botón de volumen
ESPECIFICACIONES:
-Tipo: Altavoces de monitor activos con reflejo de graves de 2 vías
-Tweeter: 3 cuartos pulgadas Soft Dome
-Woofer: Fibra de vidrio de 4 pulgadas
-Accesorios incluidos:
Cable de alimentación
Cable de altavoz de 2 m (para conexión de canal izquierdo/derecho)
Cable convertidor de audio (miniclavija estéreo de 3,5 mm a RCA)
Cojín inferior
Instrucciones de uso
FISICO Y AUDIO
-Dimensiones: Izquierda ch: 146 x 227 x 223 mm, Canal derecho 146 x 227 x 210 mm
-Peso: Izquierda ch: 2,7 kg, derecha ch: 2,2 kg
-Salida del amplificador: Amplificador clase A/B: 2 x 21 W / 4 ohms
-Rango de frecuencia: 70 - 30000 Hz
-Impedancia: 10 k ohmios
-Consumo: 35 W
-Consumo de energía (en espera): 0,3 W
TERMINALES
-Salidas: 1 MONITOR DE AURICULARES (Mini-jack)
BLUETOOTH
-Clase de especificación Bluetooth 2
-Códecs soportados: SBC, AAC, Qualcomm aptX, Qualcomm aptX Baja latencia
-Versión: Bluetooth Especificación Ver. 4.2",in stock,new,599999.00 ARS,https://tecnoshow.vercel.app/#MLA2104021585,https://http2.mlstatic.com/D_NQ_NP_2X_704430-MLA99501049014_112025-F.jpg,"https://http2.mlstatic.com/D_NQ_NP_2X_763365-MLU78937594346_092024-F.jpg,https://http2.mlstatic.com/D_NQ_NP_2X_660774-MLU79176650083_092024-F.jpg,https://http2.mlstatic.com/D_NQ_NP_2X_696523-MLU79176650091_092024-F.jpg",Pioneer,Parlantes y amplificación
MLA616945067,Potencia American Pro Apx-600 De 300 X 2 En 4 Y 200 X 2 En 8,"Características
Marca:American Pro / Tecshow
Modelo:APX600
Potencia de salida (RMS):600W
Cantidad de canales:2
Ancho:482 cm
Profundidad:289 cm
Altura:88 cm",in stock,new,577498.00 ARS,https://tecnoshow.vercel.app/#MLA616945067,https://http2.mlstatic.com/D_NQ_NP_2X_708676-MLA116412567986_092026-F.jpg,"https://http2.mlstatic.com/D_NQ_NP_2X_683976-MLA89744375158_082025-F.jpg,https://http2.mlstatic.com/D_NQ_NP_2X_541911-MLA20676000862_042016-F.jpg,https://http2.mlstatic.com/D_NQ_NP_2X_281911-MLA20676000492_042016-F.jpg",American Pro,Parlantes y amplificación
MLA626199504,Behringer 1c Monitor Speaker Parlante Negro X Par 100w,"MONITOR BEHRINGER 1C NEGRO
CARACTERISTICAS:
De usos múltiples monitores de estudio de 2 vías idóneas para la instalación fija, multimedia, estudios de grabación caseros, producción de audio / video y sistemas de sonido envolvente
Alta capacidad de potencia produce una salida de rango completo con una distorsión extremadamente baja
Potente 5 ½ ""woofer con cono de celulosa extremadamente ligero y de alta resolución de ½"" tweeter rango de frecuencia Ultra-lineal desde
60 Hz a 23 kHz
Fase-optimizado y de alta precisión de corte para la linealidad absoluta de fase protección automática de sobrecarga evita daños tweeter y se restablece automáticamente
Soporte para pared / techo de montaje incluidos
Concebido y diseñado por BEHRINGER en Alemania
I",in stock,new,577498.00 ARS,https://tecnoshow.vercel.app/#MLA626199504,https://http2.mlstatic.com/D_NQ_NP_2X_706582-MLA116412366926_092026-F.jpg,"https://http2.mlstatic.com/D_NQ_NP_2X_963346-MLA52991622949_122022-F.jpg,https://http2.mlstatic.com/D_NQ_NP_2X_694896-MLA31040262653_062019-F.jpg,https://http2.mlstatic.com/D_NQ_NP_2X_965421-MLA20797600519_072016-F.jpg",Behringer,Parlantes y amplificación
MLA1767900805,Hometheater Sanrai Parlantes Sistema Multimedia 2.1ch,"Home Theater Sanrai CK3203
Descubre el Hometheater Sanrai CK3203, un sistema multimedia 2.1ch que transforma tu experiencia de audio en casa. Con una potencia de salida de 150 W, este conjunto de parlantes ofrece un sonido envolvente que realza cada nota y efecto, ideal para disfrutar de tus películas, música y videojuegos favoritos.
El sistema incluye dos parlantes satelitales y un subwoofer, diseñados para colocarse en el suelo y optimizar la calidad del sonido en cualquier espacio. Su conectividad Bluetooth permite emparejarlo fácilmente con dispositivos móviles, brindando la libertad de reproducir tu música sin cables.
Además, cuenta con radio incorporada, lo que te permite sintonizar tus emisoras preferidas y disfrutar de una variedad de contenidos. Con un diseño elegante y funcional, el Hometheater Sanrai CK3203 es la opción perfecta para quienes buscan un sistema de audio potente y versátil para su hogar.
Home Theater Sanrai CK3203
Parlantes SANRAI 2.1
80w RMS / 150w pico
Cuenta con tecnología bluetooth 2.0.
Radio FM
ESPECIFICACIONES
Unidades de reproducción: 3"" x 2 satélite + subwoofer de 6,5""
Respuesta de frecuencia:
Satélites: 120Hz-20KHz
Subwoofer: 20Hz-170Hz
Separación: 40 dB
S/R: 60 dB
Distorsión: 0,5% (1K, 1W)
Alimentación: 220-240 Vca/50/60 Hz
Dimensiones: Subwoofer: Ancho 266 x Alto 515 x Profundidad 230 (mm)
Satélite: Ancho 100 x Alto 519 x Profundidad 110 (mm)
Garantía de fábrica: 30 días",in stock,new,525000.00 ARS,https://tecnoshow.vercel.app/#MLA1767900805,https://http2.mlstatic.com/D_NQ_NP_2X_694431-MLA117913345081_092026-F.jpg,"https://http2.mlstatic.com/D_NQ_NP_2X_606683-MLA110989775449_042026-F.jpg,https://http2.mlstatic.com/D_NQ_NP_2X_793692-MLA110988977779_042026-F.jpg",Sanrai,Parlantes y amplificación
MLA764539490,Jbl 15 Ws600 Parlante Woofer,"Características:
- Diámetro: 15 pulgadas
- Potencia RMS: 600 W
- Potencia Programa: 1200 W
- Potencia Pico: 2400 W
- Impedancia Nominal: 8 ohms
- Impedancia Mínima (190Hz): 7.1 ohms
- Sensibilidad SPL 1W @ 1m (dB): 97
- Respuesta de frecuencia (-10dB): 40 to 3,500 Hz
- Frecuencia de resonancia: 35 Hz
- Diámetro de la bobina: 4"" (100 mm)",in stock,new,524998.00 ARS,https://tecnoshow.vercel.app/#MLA764539490,https://http2.mlstatic.com/D_NQ_NP_2X_612394-MLA116412568116_092026-F.jpg,"https://http2.mlstatic.com/D_NQ_NP_2X_887217-MLA110560509619_042026-F.jpg,https://http2.mlstatic.com/D_NQ_NP_2X_741833-MLA109675524178_042026-F.jpg,https://http2.mlstatic.com/D_NQ_NP_2X_941932-MLA27557490385_062018-F.jpg",Jbl,Parlantes y amplificación
MLA679143399,Lexsen Lxa-601 Amplificador Potencia 600 Watt Hoy En Oferta,"Amplificador Potencia 600 Watt Hoy en Oferta
Lexsen LXA 600 o lxa 601
Características:
4 Ohms Estereo - 300W x 2
8 Ohms Estereo - 200W x 2
8 Ohms Puente - 600 W
Amplificador de Potencia de dos canales Puenteable
Ventilación forzada con ventiladores de bajo ruido
Indicadores de encendido, Señal, Clip y protección.
Salida con Speakon
Respuesta de Frecuencia: 20Hz - 20kHz (±0.5dB)
Relación Señal/Ruido: 102dB
Distorsión armónica Total 0.1%
Impedancia de Entrada Balanceada: 20K Ohms
Impedancia de Entrada No Balanceada: 10K Ohms
Nivel de Entrada: +4dB
Factor de Amortiguamiento: >200 (f=1kHz 8 Ohms)
Protección Corto Circuito: Si
Protección AC/DC: Si
Protección Temperatura: Si",in stock,new,524998.00 ARS,https://tecnoshow.vercel.app/#MLA679143399,https://http2.mlstatic.com/D_NQ_NP_2X_757338-MLA117912966263_092026-F.jpg,"https://http2.mlstatic.com/D_NQ_NP_2X_684425-MLA43475399063_092020-F.jpg,https://http2.mlstatic.com/D_NQ_NP_2X_634304-MLA43475376886_092020-F.jpg,https://http2.mlstatic.com/D_NQ_NP_2X_925660-MLA31017285031_062019-F.jpg",Lexsen,Parlantes y amplificación
MLA616945482,American Pro Apx 300 Ii Amplificador Potencia Audio Dj,American Pro Apx 300 Ii Amplificador Potencia Audio Dj,in stock,new,508198.00 ARS,https://tecnoshow.vercel.app/#MLA616945482,https://http2.mlstatic.com/D_NQ_NP_2X_839753-MLA116412568090_092026-F.jpg,"https://http2.mlstatic.com/D_NQ_NP_2X_948023-MLA31577170259_072019-F.jpg,https://http2.mlstatic.com/D_NQ_NP_2X_281911-MLA20676000492_042016-F.jpg,https://http2.mlstatic.com/D_NQ_NP_2X_665052-MLA31577170258_072019-F.jpg",American Pro,Parlantes y amplificación
MLA3112109386,Bafle Pasivo Gbr 15 2 Vias Driver Titanium 1000w Linea Pro,"BAFLE PASIVO 2 VIAS WOOFER 15”
*2 VIAS 500W RMS 1000W PICO
*WOOFER 15” + BOCINA CON DRIVER TITANIUM
*INCLINACION PARA MONITOR
*IMAN:60 Oz *BOBINA:3''KSV
*FR:40-18Khz(-10dB) *EFICIENCIA:98dB
*IMPEDANCIA:8 Ohm
*DRIVER TITANIUM 1,75”
*FR:45hz-20Khz",in stock,new,472499.00 ARS,https://tecnoshow.vercel.app/#MLA3112109386,https://http2.mlstatic.com/D_NQ_NP_2X_686662-MLA117912494711_092026-F.jpg,"https://http2.mlstatic.com/D_NQ_NP_2X_813949-MLA109626944379_032026-F.jpg,https://http2.mlstatic.com/D_NQ_NP_2X_707020-MLA109628135297_032026-F.jpg,https://http2.mlstatic.com/D_NQ_NP_2X_844155-MLA108806017032_032026-F.jpg",Gbr,Parlantes y amplificación
MLA3634636650,Subwoofer 21 Pulgadas Apogee Wf2101 600 Watts Parlante 96db Negro,"El transductor de bajas frecuencias Apogee se presenta como un componente electroacústico de tipo woofer pasivo, diseñado para aplicaciones de audio profesional. Este dispositivo cuenta con un diámetro de cono de 21 pulgadas, configurado para operar con una impedancia nominal de 8 ohms. Su arquitectura técnica permite una capacidad de gestión de energía con una potencia nominal de 600 Watts RMS, alcanzando una potencia de programa de 1200 Watts y una capacidad de pico de hasta 2400 Watts.
El sistema incorpora un motor magnético basado en imán de ferrite, cuyas dimensiones físicas comprenden un diámetro externo de 22.5 cm, un diámetro interno de 20.5 cm y un espesor de 2 cm. La eficiencia del componente se traduce en una sensibilidad acústica de 96 dB. El diseño del producto está optimizado para su montaje en bafles, asegurando su compatibilidad con configuraciones de audio que requieran una reproducción precisa de frecuencias graves.",in stock,new,461998.00 ARS,https://tecnoshow.vercel.app/#MLA3634636650,https://http2.mlstatic.com/D_NQ_NP_2X_997760-MLA112158720103_052026-F.jpg,"https://http2.mlstatic.com/D_NQ_NP_2X_915789-MLA111155082936_052026-F.jpg,https://http2.mlstatic.com/D_NQ_NP_2X_751544-MLA111155082946_052026-F.jpg",Apogee,Parlantes y amplificación
MLA1382987993,Bafle Pasivo Sanrai De 12  300 Watt Rms Caja Plastico Inject,"Bafle Pasivo Sanray de 12 Pulgadas de 300 Watt Rms Caja Plastico Injectado.
Garantía de fábrica: 30 días",in stock,new,419998.00 ARS,https://tecnoshow.vercel.app/#MLA1382987993,https://http2.mlstatic.com/D_NQ_NP_2X_894231-MLA109507463734_042026-F.jpg,"https://http2.mlstatic.com/D_NQ_NP_2X_885903-MLA110377711811_042026-F.jpg,https://http2.mlstatic.com/D_NQ_NP_2X_854017-MLA110376529605_042026-F.jpg,https://http2.mlstatic.com/D_NQ_NP_2X_779741-MLA109506400882_042026-F.jpg",Rms,Parlantes y amplificación
MLA3153261582,Parlante Woofer 15'' Pulgadas Leea Lf15rf 1600w Pico 8ohms,"WOOFER 15'' LEEA LF15RF
* PULGADAS 15
* POTENCIA RMS 800W
* POTENCIA MAX PICO 1600W
* BOBINA 4''
* IMAN 125OZ
* IMPEDANCIA 8 OHMS
* SENSITIVIDAD 99DB/W/M
* RANGO DE FRECUENCIA 30-2500 HZ
* PESO 12,50 KG",in stock,new,412192.00 ARS,https://tecnoshow.vercel.app/#MLA3153261582,https://http2.mlstatic.com/D_NQ_NP_2X_712842-MLA117913257177_092026-F.jpg,"https://http2.mlstatic.com/D_NQ_NP_2X_925061-MLA109229621164_042026-F.jpg,https://http2.mlstatic.com/D_NQ_NP_2X_818571-MLA109229591150_042026-F.jpg,https://http2.mlstatic.com/D_NQ_NP_2X_815081-MLA109230713390_042026-F.jpg",Leea,Parlantes y amplificación
MLA901971140,Bafle Potenciado Woofer 8 Pulgadas Bt 180w Rms Usb Ciclos,"Bafle Potenciado
Woofer 8 Potenciado
Bt 180w Rms Usb
CICLOS",in stock,new,388498.00 ARS,https://tecnoshow.vercel.app/#MLA901971140,https://http2.mlstatic.com/D_NQ_NP_2X_948489-MLA110950096529_042026-F.jpg,"https://http2.mlstatic.com/D_NQ_NP_2X_937661-MLA110949620805_042026-F.jpg,https://http2.mlstatic.com/D_NQ_NP_2X_967167-MLA117912230891_092026-F.jpg,https://http2.mlstatic.com/D_NQ_NP_2X_819995-MLA117912464063_092026-F.jpg",Ciclos,Parlantes y amplificación
MLA1812421283,"Bafle Pasivo Bf1515 Woofer 15, 300w Rms, Manija Ruedas","Caja Acústica Ciclos BF1515 – 600W
La caja acústica Ciclos modelo BF1515 ofrece potencia y calidad de sonido para todo tipo de eventos, ideal para amplificar música en fiestas, reuniones o presentaciones.
Especificaciones técnicas:
Potencia máxima: 600W
Potencia RMS: 300W
Impedancia: 8 Ohms
Sensibilidad: 98 ± 2 dB/W/M
Respuesta de frecuencia: 40 Hz – 18 kHz
Medidas del gabinete: 48 x 39,5 x 74 cm
Sonido potente y claro
Construcción robusta y duradera
Ideal para uso profesional o doméstico
MENDOZA, ARGENTINA
Garantía de fábrica: 30 días",in stock,new,367498.00 ARS,https://tecnoshow.vercel.app/#MLA1812421283,https://http2.mlstatic.com/D_NQ_NP_2X_984653-MLA111354042992_052026-F.jpg,"https://http2.mlstatic.com/D_NQ_NP_2X_688141-MLA112395777355_052026-F.jpg,https://http2.mlstatic.com/D_NQ_NP_2X_957248-MLA112395303321_052026-F.jpg",Ciclos,Parlantes y amplificación
MLA1781949814,Monitor De Estudio Potenciado Novik Concert 5 Mk2 Imput Xlr,"Monitor de Estudio Potenciado Novik Concert 5 MK2 Imput XLR
Garantía de fábrica: 30 días",in stock,new,288748.00 ARS,https://tecnoshow.vercel.app/#MLA1781949814,https://http2.mlstatic.com/D_NQ_NP_2X_976013-MLA117912494641_092026-F.jpg,"https://http2.mlstatic.com/D_NQ_NP_2X_752643-MLA76541985923_052024-F.jpg,https://http2.mlstatic.com/D_NQ_NP_2X_794910-MLA113520962019_062026-F.jpg",Skp,Parlantes y amplificación
MLA3205799222,Jbl Woofer 15cv5 150w Rms Color Negro,"Parlante JBL Selenium 15CV5 Diámetro 15"" 150W 10dB frecuenc
Parlante Woofer 15Cv5, 15 8 Ohms, 150 Rms/400 Programa. Este potente parlante está diseñado para ofrecer un rendimiento excepcional en diversas aplicaciones de audio. Con una potencia de salida de 150 W RMS, garantiza una calidad de sonido clara y potente, ideal para eventos en vivo o instalaciones de sonido profesional. Su diseño de 15 pulgadas permite una respuesta de frecuencia amplia, lo que resulta en graves profundos y nítidos. La marca JBL es sinónimo de calidad y durabilidad, y este modelo pertenece a la línea MAX, que se destaca por su robustez y fiabilidad. Además, cuenta con un impuesto interno del 0% y un IVA del 21%, lo que lo convierte en una opción atractiva para quienes buscan un parlante de alto rendimiento.",in stock,new,262498.00 ARS,https://tecnoshow.vercel.app/#MLA3205799222,https://http2.mlstatic.com/D_NQ_NP_2X_834631-MLA79828425883_102024-F.jpg,https://http2.mlstatic.com/D_NQ_NP_2X_650223-MLA79828357267_102024-F.jpg,Jbl,Parlantes y amplificación
MLA1416456707,Amplificador Skp Pw-050bt 50w Blanco 2 Canales Bluetooth 50 W,"El SKP PW 050BT es un amplificador de pared compacto con una construcción sólida y duradera. Este pequeño amplificador ofrece 50 W rms en dos canales, ideal para locales medianos, música de fondo y más.
Cuenta con una pantalla LCD y un panel táctil, entradas USB y micro SD para reproducir música MP3 y una conexión Bluetooth para reproducir la música que más deseas desde un dispositivo móvil o tableta. Además, tiene salida de línea, entrada auxiliar y salida de impedancia de 8 a 16 ohmios.
Especificaciones técnicas:
- Marca: SKP
- Línea: Pw
- Modelo: PW 050BT
- Número de canales: 2
- Voltaje: Bivolt
- Amplificador de pared.
— Ofrece 25 w rms por canal (dos canales).
- Tiene una entrada USB y micro SD.
- Conexión Bluetooth.
— Tiene una salida de impedancia de 8-16 ohmios.
- Tiene una entrada auxiliar.
— Tiene una salida de línea.
- Panel táctil y pantalla LCD.
— Incluye mando a distancia.
- Dimensiones exteriores: 120 x 71 x 9 mm.
- Tamaño del agujero: 93 x 55 x 41 mm.",in stock,new,251998.00 ARS,https://tecnoshow.vercel.app/#MLA1416456707,https://http2.mlstatic.com/D_NQ_NP_2X_830555-MLA99964695295_112025-F.jpg,"https://http2.mlstatic.com/D_NQ_NP_2X_990429-MLA99964695303_112025-F.jpg,https://http2.mlstatic.com/D_NQ_NP_2X_659354-MLA99480181850_112025-F.jpg,https://http2.mlstatic.com/D_NQ_NP_2X_608321-MLA99964557481_112025-F.jpg",SKP Pro Audio,Parlantes y amplificación
MLA1123872884,Parlante Ionify Loud 15 Portátil Con Bateria Bluetooth Luces,"Parlante Ionify Loud 15 portátil con bluetooth negro Led RGB
Llevá la fiesta a todos lados con el LOUD 15 de Ionify. Compatible con cualquier dispositivo bluetooth este parlante es ideal para fiestas, quinchos, casas, livings, galerias o para trasladarlo a cualquier lugar. Efecto de luces incorporados.
Ficha técnica
Altavoces: Woofer de 15’’
Bluetooth V5.1
Potencia PMPO (Watt): 7000W
Potencia RMS (Watt): 15W
Medidas: 40 cm x 30 cm x 61 cm
Frecuencia: 20HZ-20KHZ
Puerto USB
Puerto SD
1 entrada de micrófonos
Control del volumen del micrófono
Control del eco del micrófono
Entrada auxiiar
Radio: FM
Bateria de Litio: 3,7 V / 3000mAh
Tiempo de operación: 3 horas
Se puede utilizar mientras se carga
Pantalla LED
Compatible por bluetooth con smartphone / tablets / PC / notebooks
Efectos de luz (posibilidad de encender y apagar)
Incluye
Cable USB de carga
No incluye fuente ocupa la de cualquier telefono.",in stock,new,220498.00 ARS,https://tecnoshow.vercel.app/#MLA1123872884,https://http2.mlstatic.com/D_NQ_NP_2X_863225-MLA116412367120_092026-F.jpg,"https://http2.mlstatic.com/D_NQ_NP_2X_688603-MLA49132977087_022022-F.jpg,https://http2.mlstatic.com/D_NQ_NP_2X_891413-MLA49132945234_022022-F.jpg,https://http2.mlstatic.com/D_NQ_NP_2X_892136-MLA49132792960_022022-F.jpg",ION Audio,Parlantes y amplificación
MLA607399382,Jbl Selenium Driver  D 220 Ti Driver 1 Pulgada Con Rosca,"Características
Marca
jbl selenium
Modelo
D220 TI",in stock,new,209998.00 ARS,https://tecnoshow.vercel.app/#MLA607399382,https://http2.mlstatic.com/D_NQ_NP_2X_743729-MLA117912231199_092026-F.jpg,"https://http2.mlstatic.com/D_NQ_NP_2X_852401-MLA20323644707_062015-F.jpg,https://http2.mlstatic.com/D_NQ_NP_2X_710940-MLA31019671159_062019-F.jpg,https://http2.mlstatic.com/D_NQ_NP_2X_992404-MLA31019675040_062019-F.jpg",Jbl Selenium,Parlantes y amplificación
MLA3372637162,Parlante 15 Pulgadas 600w 300wrms Woofer Ciclos Pa-1580,"Marca: CICLOS
Modelo: PA-1580
Impedancia: 8 ohms
Bobina: 3""
iman: 190mm
Potencia maxima: 600w
RMS: 300w
Garantía de fábrica: 1 meses",in stock,new,199498.00 ARS,https://tecnoshow.vercel.app/#MLA3372637162,https://http2.mlstatic.com/D_NQ_NP_2X_872152-MLA117912966129_092026-F.jpg,https://http2.mlstatic.com/D_NQ_NP_2X_912656-MLA111236775120_052026-F.jpg,Ciclos,Parlantes y amplificación
MLA2023516495,Parlante Altavoz Woofer 8pwx 8r 200w Rms 8 Ohm Jbl Negro,"El woofer JBL Selenium 8PW-X de 8 pulgadas ofrece una excelente combinación de potencia, eficiencia y calidad sonora. Gracias a su conjunto magnético optimizado y al cono MCF multi-compuesto patentado por Harman, logra un alto rendimiento con menor peso, ideal para sistemas que exigen respuesta precisa y confiable.
Su calota de celulosa mejora notablemente la reproducción de frecuencias medias-altas, aportando mayor claridad y definición al sonido. Con una potencia de 200 W RMS y alta sensibilidad, es capaz de entregar un audio potente y limpio con un consumo eficiente de energía.
Diseñado para brindar durabilidad y desempeño profesional, el JBL 8PW-X es una opción versátil para distintos sistemas de sonido. Su impedancia de 8 ohms y su construcción robusta lo convierten en una solución confiable para quienes buscan graves profundos, claridad y la reconocida calidad JBL
CARACTERISTICAS:
- Woofer de 8 pulgadas
- Potencia de 200 W RMS
- Impedancia de 8 Ohms
- Cono MCF multi-compuesto (patente Harman)
- Conjunto magnético optimizado
- Calota de celulosa para mejor respuesta en altas frecuencias
- Alta sensibilidad y eficiencia sonora
- Respuesta de frecuencia: 70 a 8500 Hz
- Diseño liviano y resistente
- Calidad y durabilidad JBL
ESPECIFICACIONES PRINCIPALES:
- Potencia de 200W RMS: Capaz de ofrecer un sonido potente y claro, perfecto para cualquier ambiente.
- Tamaño de 8 Pulgadas: Ideal para diversas aplicaciones, proporcionando graves profundos.
- Impedancia de 8 Ohms: Compatible con una amplia variedad de amplificadores y sistemas de sonido.
- Alta Sensibilidad: Diseñado para proporcionar un rendimiento eficiente con menor consumo de energía.
- Durabilidad JBL: Construido con materiales de alta calidad para garantizar longevidad y resistencia
PREGUNTAS FRECUENTES:
- ¿Para qué tipo de sistemas es recomendado este woofer?
Es ideal para sistemas de sonido profesional, bafles, cajas acústicas y proyectos DIY que requieran potencia, claridad y buena respuesta en graves y medios.
- ¿Qué potencia soporta el JBL Selenium 8PW-X?
Soporta 200 W RMS, ofreciendo un sonido potente y estable para uso continuo.
- ¿Con qué amplificadores es compatible?
Gracias a su impedancia de 8 ohms, es compatible con una amplia variedad de amplificadores y sistemas de audio.
- ¿Qué ventaja tiene el cono MCF?
El cono MCF multi-compuesto brinda mayor resistencia mecánica con menor peso, mejorando la eficiencia y el rendimiento sonoro.
- ¿Es un producto duradero?
Sí, está fabricado con materiales de alta calidad y diseñado bajo los estándares JBL, garantizando larga vida útil y confiabilidad",in stock,new,189999.00 ARS,https://tecnoshow.vercel.app/#MLA2023516495,https://http2.mlstatic.com/D_NQ_NP_2X_845985-MLA116542134567_082026-F.jpg,"https://http2.mlstatic.com/D_NQ_NP_2X_620282-MLA116542309509_082026-F.jpg,https://http2.mlstatic.com/D_NQ_NP_2X_601825-MLA115146653810_082026-F.jpg,https://http2.mlstatic.com/D_NQ_NP_2X_871699-MLA115146713262_082026-F.jpg",Jbl,Parlantes y amplificación
MLA1540562492,Parlante Jbl Selenium 10pw Pro 10 Pulgadas 400 Watt 8 Ohms,"Jbl Selenium 10pw Pro Woofer 10 Pulgadas 200w Rms 8 Ohms
* Respuesta de frecuencia (Hz) 60Hz - 6000Hz
* Frecuencia de resonancia (FS) 85Hz
* Impedancia O 8 Ohms
* Potencia de Pico Total 400Watts PMPO
* Potencia real total 200Watts RMS
* Sensibilidad 92,5dB
* Tamaño del altavoz 10 Pulgadas
* Tipo de sonido Medio (Mid Range)
* Material de la carcasa Chapa de acero
* Peso aproximado 2,7kg",in stock,new,188998.00 ARS,https://tecnoshow.vercel.app/#MLA1540562492,https://http2.mlstatic.com/D_NQ_NP_2X_855911-MLA117913345109_092026-F.jpg,"https://http2.mlstatic.com/D_NQ_NP_2X_712983-MLA72340548315_102023-F.jpg,https://http2.mlstatic.com/D_NQ_NP_2X_981212-MLA72340390913_102023-F.jpg,https://http2.mlstatic.com/D_NQ_NP_2X_834123-MLA72276385200_102023-F.jpg",Jbl,Parlantes y amplificación
MLA3926764240,Bocina Portatil Bluetooth Altec Fury Resistente Al Agua Negro,"Parlante inalámbrico Fury con ultra portabilidad y sonido potente.
Emparejamiento estéreo inalámbrico real, ideal para viajes y aventuras.
Reproducción de hasta 6 horas de autonomía con batería integrada.
Activación de asistentes de voz mediante comandos integrados.
Resistencia al agua grado IPX5.
Incluye clip de mosquetón para transporte.
Micrófono integrado con cancelación de ruido para llamadas manos libres.
Compatibilidad universal con dispositivos Bluetooth hasta 30 pies de alcance.
Dispositivos compatibles: teléfonos inteligentes.",in stock,new,178498.00 ARS,https://tecnoshow.vercel.app/#MLA3926764240,https://http2.mlstatic.com/D_NQ_NP_2X_684924-MLA115356279413_072026-F.jpg,,Altec Lansing,Parlantes y amplificación
MLA1785622161,Parlante Tecshow 12w200 Pasivo 12 Pulgadas 200w Negro,"El Parlante Tecshow 12w200 Pasivo de 12 pulgadas es la elección ideal para quienes buscan un sonido potente y de calidad. Con una potencia de salida de 200 W, este woofer ofrece un rendimiento excepcional, ideal para eventos profesionales y presentaciones. Su diseño en color negro le otorga un toque elegante y moderno, mientras que su formato de caja asegura una colocación óptima en cualquier espacio. Este parlante es pasivo, lo que significa que requiere un amplificador externo para funcionar, lo que permite una mayor personalización en la configuración del sonido. Aunque no es portátil ni inalámbrico, su robustez y calidad de construcción lo hacen perfecto para uso en escenarios fijos. Además, su diseño no incluye luces LED ni funciones adicionales como karaoke o Bluetooth, lo que lo convierte en una opción sencilla y efectiva para quienes priorizan la calidad de audio.",in stock,new,167998.00 ARS,https://tecnoshow.vercel.app/#MLA1785622161,https://http2.mlstatic.com/D_NQ_NP_2X_626098-MLA107063832358_022026-F.jpg,"https://http2.mlstatic.com/D_NQ_NP_2X_728539-MLA107064099952_022026-F.jpg,https://http2.mlstatic.com/D_NQ_NP_2X_694375-MLA107063772774_022026-F.jpg",Tecshow,Parlantes y amplificación
MLA3205747370,Driver Titanio Jbl D202ti 60w Rms 1 Pulgada,"DRIVER JBL - D202 TI
Controlador de compresión de calidad profesional.
Controlador de compresión de calidad profesional. Tiene un diafragma de cúpula de titanio puro, lo que le confiere características de alta sensibilidad y baja distorsión, cubriendo una gama de frecuencias medias y altas. Se puede utilizar en cajas de monitores, cajas de retorno, entornos de cine o donde se requiere un alto rendimiento.
-Material del diafragma Titanio
-Material del imán Ferrita de bario
-Diámetro de garganta 1""
-Diámetro de la bobina 44mm
-Respuesta de frecuencia (-10) 1-20 kHz
-Potencia RMS 60W
-Sensibilidad (1W@1M) 106 dBSPL
-Impedancia 8 ohmios
Garantía de fábrica: 30 días",in stock,new,167998.00 ARS,https://tecnoshow.vercel.app/#MLA3205747370,https://http2.mlstatic.com/D_NQ_NP_2X_642962-MLA117913345311_092026-F.jpg,"https://http2.mlstatic.com/D_NQ_NP_2X_654274-MLA110558747783_042026-F.jpg,https://http2.mlstatic.com/D_NQ_NP_2X_751230-MLA110558657527_042026-F.jpg,https://http2.mlstatic.com/D_NQ_NP_2X_635437-MLA109675457364_042026-F.jpg",Jbl,Parlantes y amplificación
MLA764540237,Jbl Selenium 250 X Driver 1 Pulgada Con Rosca Rms 100w,"Características
Modelo D250X
El Driver JBL Selenium es el mas utilizado para la reproduccion de frecuencias medias.
Tiene muy buena respuesta para la reproduccion de voces.
Ofrece alta eficacia y baja distorsion.
Mediante su rosca estandar de 25mm se adapta a cualquier tipo de corneta, se recomienda utilizar la Corneta
profesional JBL Selenium.
Especificaciones Tecnicas
Potencia 100w RMS
Crossover minimo 500 Hz.
Respuesta de frecuencia 400 Hz a 9 Khz.
Impedancia 8 Ohms.
Sensiblidad 1w 1m 107 Db Spl
Diafragma Fenolico
Material del iman de Ferrite
Diametro en Garganta 1""
Medidas 11.2 x 7.6 Cms.
Peso del Driver 1.29 Kg.",in stock,new,167998.00 ARS,https://tecnoshow.vercel.app/#MLA764540237,https://http2.mlstatic.com/D_NQ_NP_2X_770611-MLA117913227463_092026-F.jpg,"https://http2.mlstatic.com/D_NQ_NP_2X_770749-MLA31604671598_072019-F.jpg,https://http2.mlstatic.com/D_NQ_NP_2X_897535-MLA109321466316_042026-F.jpg,https://http2.mlstatic.com/D_NQ_NP_2X_650157-MLA109320544302_042026-F.jpg",Jbl,Parlantes y amplificación
MLA1785762711,Parlante Para Exterior Jardin Hongo Funcional 100v 160w,"PARLANTE PARA JARDIN
*POTENCIA 80W RMS 160W PICO
*LINEA 100V
*8 OHMS
X UNIDAD
Garantía de fábrica: 30 días",in stock,new,167998.00 ARS,https://tecnoshow.vercel.app/#MLA1785762711,https://http2.mlstatic.com/D_NQ_NP_2X_917920-MLA117912231225_092026-F.jpg,"https://http2.mlstatic.com/D_NQ_NP_2X_778863-MLA110645094730_052026-F.jpg,https://http2.mlstatic.com/D_NQ_NP_2X_841488-MLA111595536429_052026-F.jpg,https://http2.mlstatic.com/D_NQ_NP_2X_970408-MLA111596189927_052026-F.jpg",Gbr,Parlantes y amplificación
MLA1932510727,"Parlante Notabrick NOTABRICK Inalámbrico Portátil, con Bluetooth y Resistencia al Agua IPX6","Notabrick NOTABRICK ofrece un sonido natural, con una gran claridad y precisión, que se dispersa de manera uniforme. Un parlante que asegura potencia y calidad por igual en la reproducción de contenidos multimedia.",in stock,new,141748.00 ARS,https://tecnoshow.vercel.app/#MLA1932510727,https://http2.mlstatic.com/D_NQ_NP_2X_619894-MLA80825744405_112024-F.jpg,,Notabrick,Parlantes y amplificación
MLA3605556954,Pack 2 Parlante Jahro 10 Pulgadas 4ohms 200w Pico,"Dos Parlante de 10 pulgadas Jahro 200W Pico 80 RMS 4 ohms
Ideal para armado de sonido en cajas automotor e instrumentos musicales
Respuesta de 40 a 12000 hs
Sensibilidad 91 dB
Impedancia : 4 Ohms
Potencia Pico : 200W
Potencia RMS: 80W
Cono: Celulosa
Terminales: standar
Imán: 90/14
Profundidad : 10 cm
Cono con laterales plastificados para mayor durabilidad.
Garantía de fábrica: 30 días",in stock,new,136498.00 ARS,https://tecnoshow.vercel.app/#MLA3605556954,https://http2.mlstatic.com/D_NQ_NP_2X_935448-MLA113291551026_072026-F.jpg,"https://http2.mlstatic.com/D_NQ_NP_2X_859885-MLA114536279893_072026-F.jpg,https://http2.mlstatic.com/D_NQ_NP_2X_860293-MLA113291462450_072026-F.jpg,https://http2.mlstatic.com/D_NQ_NP_2X_711860-MLA114536070477_072026-F.jpg",Jahro,Parlantes y amplificación
MLA1171695129,Woofer Jahro Bw-1540 150 Watt 8 Ohms Parlante De 15 Pulgadas,"Woofer Jahro Bw 1540 150 Watt 8 Ohms Parlante 15 Pulgadas
Características
Marca: Jahro
Modelo:Bw 1540
Diseño del parlante:Woofer
Diámetro woofer: 15 Pulgadas",in stock,new,136498.00 ARS,https://tecnoshow.vercel.app/#MLA1171695129,https://http2.mlstatic.com/D_NQ_NP_2X_646229-MLA93603076798_102025-F.jpg,"https://http2.mlstatic.com/D_NQ_NP_2X_992304-MLA117913227573_092026-F.jpg,https://http2.mlstatic.com/D_NQ_NP_2X_838657-MLA51616181117_092022-F.jpg,https://http2.mlstatic.com/D_NQ_NP_2X_696553-MLA51616209059_092022-F.jpg",Jahro,Parlantes y amplificación
MLA881227535,"Combo De 2 Driver Leea  Pa34  1,5'' 200w Max 8 Ohms Titanio","Características principales
Marca Leea
Modelo PA34
Otras características
Material: Titanio
Frecuencia mínima - Frecuencia máxima: 1200 Hz - 2000 Hz
Profundidad: 65 mm
Diámetro: 4 ""
Diámetro de la corneta: 1 ""
Leea Pa34
DRIVER 1""
Driver de Audio para medios y agudos
Respuesta en frecuencias: 1.2 Khz a 20.000 hz
Bobina 34.4 mm 1.5 pulgadas
Estructura magnética: 90 x 15 mm
POTENCIA MAX.: 200W
Impedancia : 8 ohms
Ideal para armado de Bafles
Rosca 1""",in stock,new,136498.00 ARS,https://tecnoshow.vercel.app/#MLA881227535,https://http2.mlstatic.com/D_NQ_NP_2X_702786-MLA43612381737_092020-F.jpg,"https://http2.mlstatic.com/D_NQ_NP_2X_602124-MLA43612382684_092020-F.jpg,https://http2.mlstatic.com/D_NQ_NP_2X_844718-MLA43612382689_092020-F.jpg,https://http2.mlstatic.com/D_NQ_NP_2X_695602-MLA43612401205_092020-F.jpg",Leea,Parlantes y amplificación
MLA3372638210,Parlante Woofer 15'' 600w Profesional 96db Gbr Sp15-8,"GBR SP15 8 OHMS
Excelente parlante woofer GBR 15""
POtencia real 300w rms 600w pico
Sensibilidad 93dB
Rf 55 Hz - 3.5 kHz
Impedancia 8 ohms
Iman 40 oz
Bobina 2""
El parlante Woofer 15'' GBR 600 W es la elección ideal para quienes buscan calidad de sonido y potencia en sus eventos. Con una potencia de salida de 300 W RMS y una sensibilidad de 96 dB, este parlante ofrece un rendimiento excepcional, ideal para fiestas, presentaciones y cualquier ocasión que requiera un audio potente y claro. Respuesta de frecuencia 55 Hz - 3.5 kHz.
Diseñado específicamente como un woofer, este modelo SP15 de GBR se destaca por su capacidad para reproducir frecuencias bajas con gran precisión, lo que lo convierte en un complemento perfecto para sistemas de sonido profesionales. Su construcción robusta asegura durabilidad y resistencia, permitiendo que se utilice en diversas situaciones sin comprometer su rendimiento.
Aunque no cuenta con funciones adicionales como Bluetooth o micrófonos integrados, su enfoque en la calidad de sonido lo hace destacar en su categoría. Este parlante es perfecto para quienes valoran la autenticidad del audio y buscan un equipo que cumpla con sus expectativas en términos de potencia y claridad.
Ideal para DJs, músicos y organizadores de eventos, el parlante Woofer 15'' GBR 600 W es una inversión que garantiza un sonido envolvente y potente. Su diseño práctico y funcional permite que se adapte a diferentes espacios, asegurando que cada nota se escuche con la máxima calidad.
Garantía de fábrica: 30 días",in stock,new,125998.00 ARS,https://tecnoshow.vercel.app/#MLA3372638210,https://http2.mlstatic.com/D_NQ_NP_2X_985744-MLA117912230965_092026-F.jpg,"https://http2.mlstatic.com/D_NQ_NP_2X_983217-MLA112257509689_052026-F.jpg,https://http2.mlstatic.com/D_NQ_NP_2X_767864-MLA111235770498_052026-F.jpg,https://http2.mlstatic.com/D_NQ_NP_2X_748875-MLA112255848119_052026-F.jpg",Gbr,Parlantes y amplificación
MLA858812568,Corneta De Plastico Selenium Hm 1125 Rosca De 1   Kit 10 Uni,Corneta De Plastico Selenium Hm 1125 Rosca De 1 Pulgada,in stock,new,119999.00 ARS,https://tecnoshow.vercel.app/#MLA858812568,https://http2.mlstatic.com/D_NQ_NP_2X_842219-MLA80194653586_112024-F.jpg,"https://http2.mlstatic.com/D_NQ_NP_2X_621528-MLA80194663770_112024-F.jpg,https://http2.mlstatic.com/D_NQ_NP_2X_795624-MLA80194643664_112024-F.jpg,https://http2.mlstatic.com/D_NQ_NP_2X_736934-MLA31046498148_062019-F.jpg",Selenium,Parlantes y amplificación
MLA3273708964,Parlante Para Exteriores Estilo Proyector De Alto Rango Show,"Show CS-6A ofrece un sonido natural, con una gran claridad y precisión, que se dispersa de manera uniforme. Un parlante que asegura potencia y calidad por igual en la reproducción de contenidos multimedia.",in stock,new,104998.00 ARS,https://tecnoshow.vercel.app/#MLA3273708964,https://http2.mlstatic.com/D_NQ_NP_2X_770518-MLA117913227403_092026-F.jpg,"https://http2.mlstatic.com/D_NQ_NP_2X_854079-MLA111226859283_052026-F.jpg,https://http2.mlstatic.com/D_NQ_NP_2X_914437-MLA110297958110_052026-F.jpg,https://http2.mlstatic.com/D_NQ_NP_2X_872834-MLA111226090089_052026-F.jpg",Show,Parlantes y amplificación
MLA3389735546,Parlante 2 En 1 Portátil Bluetooth Magnético Jahro Jhr-f11,"PARLANTE BLUETOOTH MAGNÉTICO ESTÉREO JAHRO JHR-F11
Disfrutá de una experiencia de sonido diferente con el sistema doble magnético JAHRO.
Dos parlantes que podés usar por separado o acoplar entre sí para lograr un verdadero sonido estéreo, con mayor amplitud y presencia.
Su diseño compacto, moderno y portátil lo hace ideal para usar en casa, llevar de viaje o acompañarte en cualquier momento.
CARACTERÍSTICAS PRINCIPALES
Sistema doble con acople magnético
Uso individual o en conjunto (modo estéreo TWS)
Potencia total de 20W (2x10W reales)
Bluetooth 5.3: conexión rápida y estable
Alcance inalámbrico de hasta 18 metros
Batería integrada de 4000 mAh
Tiempo de carga menor a 3 horas
Driver de 52 mm para mejor rendimiento sonoro
Respuesta en frecuencia: 85Hz – 20KHz
Distorsión menor al 5%
Entrada auxiliar Jack 3,5 mm
Alimentación por USB (DC 5V / 1A)
¿POR QUÉ ELEGIR ESTE MODELO?
A diferencia de los parlantes tradicionales, este sistema permite separar los canales para lograr un sonido estéreo real, mejorando la experiencia en música, películas o reuniones.
Además, el sistema magnético facilita el transporte y el uso, manteniendo ambos parlantes unidos cuando no los estás utilizando.
IDEAL PARA:
Uso en el hogar
Reuniones y eventos
Viajes y exteriores
Escritorio o setup personal
CONTENIDO DEL PAQUETE
2 Parlantes Bluetooth
Cable de carga USB
Manual de usuario",in stock,new,104998.00 ARS,https://tecnoshow.vercel.app/#MLA3389735546,https://http2.mlstatic.com/D_NQ_NP_2X_681943-MLA116412481058_092026-F.jpg,"https://http2.mlstatic.com/D_NQ_NP_2X_815512-MLA111406030146_052026-F.jpg,https://http2.mlstatic.com/D_NQ_NP_2X_654506-MLA111406887554_052026-F.jpg,https://http2.mlstatic.com/D_NQ_NP_2X_697941-MLA112452760499_052026-F.jpg",Jahro,Parlantes y amplificación
MLA1805785811,Woofer 8 Pulgadas 400w Parlante Gbr Kappa 8 Array Woofer,"ORIGINAL GBR KAPPA8
Excelente parlantes woofer GBR 8""
LINEA PROFESIONAL
PARLANTE 8’ 8 ohms
Potencia 200 W RMS 400W PICO
RF 55 Hz -5 kHz
Sensibilidad 93 dB
Iman 30 Oz
Bobina 1.5""
Garantía de fábrica: 30 días",in stock,new,94499.00 ARS,https://tecnoshow.vercel.app/#MLA1805785811,https://http2.mlstatic.com/D_NQ_NP_2X_612478-MLA117912230993_092026-F.jpg,"https://http2.mlstatic.com/D_NQ_NP_2X_973959-MLA112328345721_052026-F.jpg,https://http2.mlstatic.com/D_NQ_NP_2X_773173-MLA112327780021_052026-F.jpg",TecnoShow,Parlantes y amplificación
MLA3153270504,Driver Leea Pa516 Titanio 2 Pulgadas 400w Max 8 Ohms,"POTENCIA MÁXIMA : 400W
IMPEDANCIA : 8 OHMS
SENSIBILIDAD : 107 dB
BOCA ROSCA: 1 PULGADA
RESPUESTA EN FRECUENCIA: 2kHZ A 20KHZ
DIÁMETRO DE BOBINA: 51.6 MM
DIAFRAGMA: TITANIO
IMÁN: 115X15MM
DIÁMETRO TOTAL: 135MM
PESO: 1.8 KG
Garantía de fábrica: 30 días",in stock,new,92400.00 ARS,https://tecnoshow.vercel.app/#MLA3153270504,https://http2.mlstatic.com/D_NQ_NP_2X_955559-MLA116412366974_092026-F.jpg,"https://http2.mlstatic.com/D_NQ_NP_2X_881396-MLA109233525226_042026-F.jpg,https://http2.mlstatic.com/D_NQ_NP_2X_638001-MLA109232433202_042026-F.jpg,https://http2.mlstatic.com/D_NQ_NP_2X_750333-MLA109231838950_042026-F.jpg",Leea,Parlantes y amplificación
MLA853343555,Driver Leea Tdu25 Compression Tweeter 25mm 150w (pack De 2),"Características
Marca
Leea
Modelo
TDU25
Material Aluminio
Impedancia 8 O
Frecuencia mínima 1.5 kHz
Frecuencia máxima 20 kHz
Diámetro 1 ""
*DRIVER LEEA COMPRESSION TWEETER*
-Diámetro de garganta: 1”(25mm)
-Montaje: Enrosque 1 3/8”
-Impedancia nominal: 8ohms
-Potencia nominal: 30w
-Máxima potencia: 150w
-Sensibilidad: 106DB/w/M
-Rango de frecuencia: 1.5-20KHZ",in stock,new,89248.00 ARS,https://tecnoshow.vercel.app/#MLA853343555,https://http2.mlstatic.com/D_NQ_NP_2X_643522-MLA116412366930_092026-F.jpg,"https://http2.mlstatic.com/D_NQ_NP_2X_645005-MLA109234218070_042026-F.jpg,https://http2.mlstatic.com/D_NQ_NP_2X_755004-MLA41655989210_052020-F.jpg,https://http2.mlstatic.com/D_NQ_NP_2X_621162-MLA110081667351_042026-F.jpg",Leea,Parlantes y amplificación
MLA1753398315,Pack 2 Tweeter Bala Jahro Jh09 150 W 8 Ohms,"El Tweeter Bala JAHRO JH09 ofrece agudos potentes, definidos y de alta fidelidad. Diseñado para sistemas de sonido profesional, refuerzos acústicos o car audio que exigen claridad y proyección.
Con un rendimiento de 100 dB ±2 dB (1 W/1 m), garantiza una gran eficiencia sonora con excelente respuesta en frecuencias altas. Su construcción robusta y su bobina de 46,2 mm aseguran durabilidad y desempeño confiable en cualquier escenario.
Características Técnicas:
Impedancia: 8 Ohms
Potencia RMS: 80 W
Potencia máxima: 150 W
Sensibilidad: 100 dB ±2 dB (1 W/1 m)
Respuesta en frecuencia: 1.6 kHz – 20 kHz
Diámetro de bobina: 46,2 mm
Imán: 11 oz
Medidas: 124 x 115 x 63 mm (Calado recomendado: 105mm)
Garantía de fábrica: 30 días",in stock,new,83998.00 ARS,https://tecnoshow.vercel.app/#MLA1753398315,https://http2.mlstatic.com/D_NQ_NP_2X_982243-MLA110556724217_042026-F.jpg,"https://http2.mlstatic.com/D_NQ_NP_2X_628755-MLA110556634049_042026-F.jpg,https://http2.mlstatic.com/D_NQ_NP_2X_755329-MLA109671984578_042026-F.jpg,https://http2.mlstatic.com/D_NQ_NP_2X_974381-MLA109671448566_042026-F.jpg",Jahro,Parlantes y amplificación
MLA1895490261,Parlante Jahro 10 Pulgadas 4ohms 200w Pico,"Parlante de 10 pulgadas Jahro 200W Pico 80 RMS 4 ohms
Ideal para armado de sonido en cajas automotor e instrumentos musicales
Respuesta de 40 a 12000 hs
Sensibilidad 91 dB
Impedancia : 4 Ohms
Potencia Pico : 200W
Potencia RMS: 80W
Cono: Celulosa
Terminales: standar
Imán: 90/14
Profundidad : 10 cm
Cono con laterales plastificados para mayor durabilidad.
Garantía de fábrica: 30 días",in stock,new,73498.00 ARS,https://tecnoshow.vercel.app/#MLA1895490261,https://http2.mlstatic.com/D_NQ_NP_2X_931383-MLA113291406294_072026-F.jpg,"https://http2.mlstatic.com/D_NQ_NP_2X_613959-MLA113291406290_072026-F.jpg,https://http2.mlstatic.com/D_NQ_NP_2X_897634-MLA114536313421_072026-F.jpg,https://http2.mlstatic.com/D_NQ_NP_2X_775035-MLA114536760161_072026-F.jpg",Jahro,Parlantes y amplificación
MLA2019481457,Woofer 10 Pulgadas 300 Watts 8 Ohms Jahro Wc10,"Jahro WC 10 ofrece un sonido natural, con una gran claridad y precisión, que se dispersa de manera uniforme. Un parlante que asegura potencia y calidad por igual en la reproducción de contenidos multimedia.
Para toda ocasión
Disfrutar de un amplio espectro de sonidos tanto en la reproducción de voces como de notas musicales es posible con este parlante woofer. Dejate asombrar con su excelente desempeño sonoro en películas, series y en tus playlists favoritas.",in stock,new,69999.00 ARS,https://tecnoshow.vercel.app/#MLA2019481457,https://http2.mlstatic.com/D_NQ_NP_2X_876291-MLA116498096031_082026-F.jpg,"https://http2.mlstatic.com/D_NQ_NP_2X_958093-MLA115105130528_082026-F.jpg,https://http2.mlstatic.com/D_NQ_NP_2X_852466-MLA115104778694_082026-F.jpg,https://http2.mlstatic.com/D_NQ_NP_2X_917511-MLA116497653919_082026-F.jpg",Jahro,Parlantes y amplificación
MLA1907716759,Driver Jahro Jhr 5042 1 Pulgada Aluminio 40w 8 Ohms,"DETALLE DEL PRODUCTO:
POTENCIA PICOS MAX: 80W MAX
POTENCIA NOMINAL: 40W RMS
IMPEDANCIA : 8 OHMS
SENSIVILIDAD : 101 dB
ROSCA: 1""
RESPUESTA EN FRECIENCIA: 1500 HZ a 20000HZ
ALUMINIO
Garantía de fábrica: 30 días",in stock,new,69999.00 ARS,https://tecnoshow.vercel.app/#MLA1907716759,https://http2.mlstatic.com/D_NQ_NP_2X_609971-MLA113571624768_072026-F.jpg,"https://http2.mlstatic.com/D_NQ_NP_2X_930188-MLA114845967937_072026-F.jpg,https://http2.mlstatic.com/D_NQ_NP_2X_801111-MLA113571389638_072026-F.jpg,https://http2.mlstatic.com/D_NQ_NP_2X_931831-MLA114844959981_072026-F.jpg",Jharo,Parlantes y amplificación
MLA882994603,Driver Jahro Jhr 5042 Professional Sound,"Driver JAHRO JHR-5042 simil D-250x.
POTENICA: 80W MAX
POTENCIA NOMINAL: 40W RMS
IMPEDANCIA : 8 OHMS
SENSIVILIDAD : 101 dB
ROSCA: 1""
RESPUESTA EN FRECIENCIA: 1,5 A 20000HZ
Fenolico.",in stock,new,68248.00 ARS,https://tecnoshow.vercel.app/#MLA882994603,https://http2.mlstatic.com/D_NQ_NP_2X_694040-MLA117912966483_092026-F.jpg,"https://http2.mlstatic.com/D_NQ_NP_2X_720487-MLA112392450463_052026-F.jpg,https://http2.mlstatic.com/D_NQ_NP_2X_774273-MLA112391562875_052026-F.jpg",Yahro,Parlantes y amplificación
MLA779579730,Jbl Selenium Repuesto Para Driver  Rpd 220 Ti Driver 1,"Características
Marca
JBL Selenium
Modelo
REPARO RPD220 TI",in stock,new,59999.00 ARS,https://tecnoshow.vercel.app/#MLA779579730,https://http2.mlstatic.com/D_NQ_NP_2X_619640-MLA116412567954_092026-F.jpg,"https://http2.mlstatic.com/D_NQ_NP_2X_905229-MLA29840192030_042019-F.jpg,https://http2.mlstatic.com/D_NQ_NP_2X_833858-MLA29840191030_042019-F.jpg",Jbl Selenium,Parlantes y amplificación
MLA853343866,Super Tweeter Leea  Tw18b 120 Watt Pack 2 Unidades Tweeter,"Características
Marca LEEA
Línea Super Tweeter
Modelo TW18B
Impedancia 4 OHM
Potencia RMS 120 W
Tipo de parlante Tweeter
Materiales del cono Plastico
Cantidad de parlantes 1
Cantidad de vías 1
Potencia máxima PMPO 1200 W
PAR DE TWEETER LEEA TW18B 120W
Caracteristicas
Potencia 120W
Impedancia 400 ohms
Repuesta de frecuencia 99db
MEDIDA DEL MAGNETO 70 ML X 10 ML.",in stock,new,57748.00 ARS,https://tecnoshow.vercel.app/#MLA853343866,https://http2.mlstatic.com/D_NQ_NP_2X_863457-MLA93986332523_102025-F.jpg,"https://http2.mlstatic.com/D_NQ_NP_2X_962300-MLA41656343498_052020-F.jpg,https://http2.mlstatic.com/D_NQ_NP_2X_868019-MLA41656131916_052020-F.jpg,https://http2.mlstatic.com/D_NQ_NP_2X_932655-MLA41656131917_052020-F.jpg",Leea,Parlantes y amplificación
MLA853338220,Driver Leea Pa44 Driver De 1 Pulgada 300w Max 8 Ohms Titanio,"Características
Marca Leea
Modelo PA44
Material Titanio
Impedancia 8 Ohm
Frecuencia mínima 2000 Hz
Frecuencia máxima 20000 Hz
Profundidad 65 mm
Diámetro 5 ""
Diámetro de la corneta 1 ""
POTENCIA MÁXIMA : 300W
POTENCIA NOMINAL : 100WRMS
IMPEDANCIA : 8 OHMS
SENSIBILIDAD : 107 dB
BOCA: 1""
RESPUESTA EN FRECUENCIA: 2kHZ A 20KHZ
DIÁMETRO DE BOBINA: 44MM
DIAFRAGMA: TITANIO
IMÁN: 115X15MM
DIÁMETRO TOTAL: 115MM
PESO: 1,5KG",in stock,new,57748.00 ARS,https://tecnoshow.vercel.app/#MLA853338220,https://http2.mlstatic.com/D_NQ_NP_2X_753572-MLA116412481072_092026-F.jpg,"https://http2.mlstatic.com/D_NQ_NP_2X_773925-MLA41653973722_052020-F.jpg,https://http2.mlstatic.com/D_NQ_NP_2X_808457-MLA41653982432_052020-F.jpg,https://http2.mlstatic.com/D_NQ_NP_2X_949086-MLA41654073010_052020-F.jpg",Leea,Parlantes y amplificación
MLA1750510031,Driver Jahro Jhr-5033 200w 8 Ohms,"El Driver Jahro JHR-5033 está pensado para quienes buscan definición y presencia en el sistema de audio de su auto o camioneta. Su diámetro de 1 pulgada, impedancia de 8 ohmios y construcción en titanio aportan una respuesta firme y precisa para realzar las frecuencias altas con claridad.
Con un rango de frecuencia de 1100 Hz a 17500 Hz, este driver ofrece una reproducción equilibrada para lograr mayor nitidez en la escucha. Su diseño responde bien en proyectos de audio automotriz que requieren detalle, proyección y buen desempeño en distintas condiciones de uso. El modelo JHR-5033 combina un formato compacto con prestaciones orientadas a mejorar la experiencia sonora.
Garantía de fábrica: 30 días",in stock,new,54999.00 ARS,https://tecnoshow.vercel.app/#MLA1750510031,https://http2.mlstatic.com/D_NQ_NP_2X_928463-MLA109592160622_042026-F.jpg,"https://http2.mlstatic.com/D_NQ_NP_2X_679246-MLA110469229141_042026-F.jpg,https://http2.mlstatic.com/D_NQ_NP_2X_864704-MLA110471009341_042026-F.jpg",Jahro,Parlantes y amplificación
MLA1803988317,"Par Driver Tecshow Td 13545 Rosca 1 Bobina 1,35","Driver Tecshow Td 13545 Rosca 1"" Bobina 1,35""
Driver de titanio de 1.35 pulgadas - 45W RMS
Diseñado para entregar la mayor fidelidad posible en altas frecuencias, el driver de titanio TD13545 de Tecshow es ideal para proyectos que requieren una respuesta en frecuencia precisa y definida. Componente pensado y desarrollado para uso intensivo.
FICHA
TECNICA
Características
Potencia: 45W
Respuesta en frecuencia: 1Khz - 20 Khz
Físico
Material: Titanio
Tamaño del driver: 1.35 pulgadas
Dimensiones: 90x90x72 mm
Peso: 1/2 Kg.
Garantía de fábrica: 30 días",in stock,new,52499.00 ARS,https://tecnoshow.vercel.app/#MLA1803988317,https://http2.mlstatic.com/D_NQ_NP_2X_649614-MLA112263393141_052026-F.jpg,https://http2.mlstatic.com/D_NQ_NP_2X_843766-MLA112262209429_052026-F.jpg,Tecshow,Parlantes y amplificación
MLA881229381,"Driver Leea Pa34  1,5'' 200w 8 Ohms Titanio Y Bocina Gratis","Características principales
Marca Leea
Modelo PA34
Otras características
Material: Titanio
Frecuencia mínima - Frecuencia máxima: 1200 Hz - 2000 Hz
Profundidad: 65 mm
Diámetro: 4 ""
Diámetro de la corneta: 1 ""
Leea Pa34
DRIVER 1""
Driver de Audio para medios y agudos
Respuesta en frecuencias: 1.2 Khz a 20.000 hz
Bobina 34.4 mm 1.5 pulgadas
Estructura magnética: 90 x 15 mm
POTENCIA MAX.: 200W
Impedancia : 8 ohms
Ideal para armado de Bafles
Rosca 1""",in stock,new,52498.00 ARS,https://tecnoshow.vercel.app/#MLA881229381,https://http2.mlstatic.com/D_NQ_NP_2X_822998-MLA116412568258_092026-F.jpg,"https://http2.mlstatic.com/D_NQ_NP_2X_844718-MLA43612382689_092020-F.jpg,https://http2.mlstatic.com/D_NQ_NP_2X_695602-MLA43612401205_092020-F.jpg,https://http2.mlstatic.com/D_NQ_NP_2X_865487-MLA43612402157_092020-F.jpg",Leea,Parlantes y amplificación
MLA3403814940,Pack 2 Driver De Titanio Td130 Tecshow 1 Pulgada 30w Rms,"Pack 2 Driver De Titanio Td130 Tecshow 1 Pulgada 30w Rms
DETALLE DEL PRODUCTO:
Driver de titanio de 1 pulgada - 30W RMS.
Diseñado para entregar la mayor fidelidad posible en altas frecuencias, el driver de titanio TD130 de Tecshow es ideal para proyectos que requieren una respuesta en frecuencia precisa y definida. Componente pensado y desarrollado para uso intensivo.
• SOMOS DISTRIBUIDORES OFICIALES DE TODA LA LÍNEA TECSHOW
FICHA TÉCNICA:
Características:
Potencia: 30W.
Respuesta en frecuencia: 1.5Khz - 18 Khz.
Físico:
Material: Titanio.
Tamaño del driver: 1 pulgada.
Dimensiones: 90x90x68 mm.
Peso: 0.7 Kg.
Garantía de fábrica: 1 meses",in stock,new,50398.00 ARS,https://tecnoshow.vercel.app/#MLA3403814940,https://http2.mlstatic.com/D_NQ_NP_2X_923855-MLA112263419271_052026-F.jpg,"https://http2.mlstatic.com/D_NQ_NP_2X_713818-MLA111517062910_062026-F.jpg,https://http2.mlstatic.com/D_NQ_NP_2X_852757-MLA112579139897_062026-F.jpg,https://http2.mlstatic.com/D_NQ_NP_2X_841167-MLA111241816948_052026-F.jpg",Tecshow,Parlantes y amplificación
MLA883208590,Woofer Jahro Wc8 150w 8¨ Ohms Parlante Medio,"Parlante Medio 8 Yahro Wc8 150w 8ohms.
ESPECIFICACIONES TECNICAS
- Diametro de 8""
- Respuesta de frecuencia de 40Hz - 4500Hz
- Potencia RMS de 75w
- Sensibilidad de 89dB
- Impedancia de 8 ohms",in stock,new,49999.00 ARS,https://tecnoshow.vercel.app/#MLA883208590,https://http2.mlstatic.com/D_NQ_NP_2X_858877-MLA116496258493_082026-F.jpg,"https://http2.mlstatic.com/D_NQ_NP_2X_985845-MLA43712787331_102020-F.jpg,https://http2.mlstatic.com/D_NQ_NP_2X_778700-MLA43712787337_102020-F.jpg",Jahro,Parlantes y amplificación
MLA1496898660,Divisor De Frecuencia 2 Vias 100w Rms Para Tweeter Woofer,"Divisor De Frecuencia 2 Vias 100w Rms Para Tweeter Woofer
Características
Marca CICLOS
Modelo D.R.T 200
Tipo de divisor Pasivo 3 Vías
Impedancia 8 Ohm
Atenuacion 12 DB
Cruce de Frecuencias 650 - 5600",in stock,new,44381.00 ARS,https://tecnoshow.vercel.app/#MLA1496898660,https://http2.mlstatic.com/D_NQ_NP_2X_640568-MLA117913227987_092026-F.jpg,https://http2.mlstatic.com/D_NQ_NP_2X_782360-MLA71526245397_092023-F.jpg,Ciclos,Parlantes y amplificación
MLA1736396541,Par De Driver Leea N25 Neodiminio 150w 8 Ohms,"CARACTERISTICAS:
POTENCIA : 150W / 30RMS
IMPEDANCIA : 8 OHMS
SENSIBILIDAD : 107 dB
BOCA: 1""
RESPUESTA EN FRECUENCIA: 2kHZ A 20KHZ
DIAFRAGMA DE NEODIMINIO
MEDIDAS: 5 CM DE DIÁMETRO
5,8 CM DE ALTURA
Garantía de fábrica: 30 días",in stock,new,42000.00 ARS,https://tecnoshow.vercel.app/#MLA1736396541,https://http2.mlstatic.com/D_NQ_NP_2X_748268-MLA117913345273_092026-F.jpg,"https://http2.mlstatic.com/D_NQ_NP_2X_765807-MLA110080185479_042026-F.jpg,https://http2.mlstatic.com/D_NQ_NP_2X_984153-MLA109234155934_042026-F.jpg,https://http2.mlstatic.com/D_NQ_NP_2X_685702-MLA110081635165_042026-F.jpg",Leea,Parlantes y amplificación
MLA1753339401,Tweeter Bala Jahro Jh09 150 W 8 Ohms Similar Jbl St304,"El Tweeter Bala JAHRO JH09 ofrece agudos potentes, definidos y de alta fidelidad. Diseñado para sistemas de sonido profesional, refuerzos acústicos o car audio que exigen claridad y proyección.
Con un rendimiento de 100 dB ±2 dB (1 W/1 m), garantiza una gran eficiencia sonora con excelente respuesta en frecuencias altas. Su construcción robusta y su bobina de 46,2 mm aseguran durabilidad y desempeño confiable en cualquier escenario.
Características Técnicas:
Impedancia: 8 Ohms
Potencia RMS: 80 W
Potencia máxima: 150 W
Sensibilidad: 100 dB ±2 dB (1 W/1 m)
Respuesta en frecuencia: 1.6 kHz – 20 kHz
Diámetro de bobina: 46,2 mm
Imán: 11 oz
Medidas: 124 x 115 x 63 mm (Calado recomendado: 105mm)
Garantía de fábrica: 30 días",in stock,new,41998.00 ARS,https://tecnoshow.vercel.app/#MLA1753339401,https://http2.mlstatic.com/D_NQ_NP_2X_640519-MLA117912464035_092026-F.jpg,"https://http2.mlstatic.com/D_NQ_NP_2X_628755-MLA110556634049_042026-F.jpg,https://http2.mlstatic.com/D_NQ_NP_2X_755329-MLA109671984578_042026-F.jpg,https://http2.mlstatic.com/D_NQ_NP_2X_974381-MLA109671448566_042026-F.jpg",Jahro,Parlantes y amplificación
MLA853341496,Driver Leea Tdu25 Compression Tweeter 25mm 150w,"Características
Marca:Leea
Modelo:TDU25
Material:Aluminio
Impedancia 8 O
Frecuencia mínima 1.5 kHz
Frecuencia máxima 20 kHz
Diámetro 1 ""
*DRIVER LEEA COMPRESSION TWEETER*
-Diámetro de garganta: 1”(25mm)
-Montaje: Enrosque 1 3/8”
-Impedancia nominal: 8ohms
-Potencia nominal: 30w
-Máxima potencia: 150w
-Sensibilidad: 106DB/w/M
-Rango de frecuencia: 1.5-20KHZ",in stock,new,41998.00 ARS,https://tecnoshow.vercel.app/#MLA853341496,https://http2.mlstatic.com/D_NQ_NP_2X_821028-MLA117913227317_092026-F.jpg,"https://http2.mlstatic.com/D_NQ_NP_2X_830544-MLA110081576355_042026-F.jpg,https://http2.mlstatic.com/D_NQ_NP_2X_755004-MLA41655989210_052020-F.jpg,https://http2.mlstatic.com/D_NQ_NP_2X_749886-MLA110081696191_042026-F.jpg",Leea,Parlantes y amplificación
MLA1803975237,Par Driver De Titanio Td130 Tecshow 1 Pulgada 30w Rms,"DETALLE DEL PRODUCTO:
Driver de titanio de 1 pulgada - 30W RMS.
Diseñado para entregar la mayor fidelidad posible en altas frecuencias, el driver de titanio TD130 de Tecshow es ideal para proyectos que requieren una respuesta en frecuencia precisa y definida. Componente pensado y desarrollado para uso intensivo.
• SOMOS DISTRIBUIDORES OFICIALES DE TODA LA LÍNEA TECSHOW
FICHA TÉCNICA:
Características:
Potencia: 30W.
Respuesta en frecuencia: 1.5Khz - 18 Khz.
Físico:
Material: Titanio.
Tamaño del driver: 1 pulgada.
Dimensiones: 90x90x68 mm.
Peso: 0.7 Kg.
Garantía de fábrica: 1 meses",in stock,new,41998.00 ARS,https://tecnoshow.vercel.app/#MLA1803975237,https://http2.mlstatic.com/D_NQ_NP_2X_868025-MLA117912230835_092026-F.jpg,"https://http2.mlstatic.com/D_NQ_NP_2X_991414-MLA111241432046_052026-F.jpg,https://http2.mlstatic.com/D_NQ_NP_2X_841167-MLA111241816948_052026-F.jpg",Tecshow,Parlantes y amplificación
MLA1812415281,"Driver Tecshow Td 13545 Rosca 1 Bobina 1,35","Driver Tecshow Td 13545 Rosca 1"" Bobina 1,35""
Driver de titanio de 1.35 pulgadas - 45W RMS
Diseñado para entregar la mayor fidelidad posible en altas frecuencias, el driver de titanio TD13545 de Tecshow es ideal para proyectos que requieren una respuesta en frecuencia precisa y definida. Componente pensado y desarrollado para uso intensivo.
FICHA
TECNICA
Características
Potencia: 45W
Respuesta en frecuencia: 1Khz - 20 Khz
Físico
Material: Titanio
Tamaño del driver: 1.35 pulgadas
Dimensiones: 90x90x72 mm
Peso: 1/2 Kg.
Garantía de fábrica: 30 días",in stock,new,40948.00 ARS,https://tecnoshow.vercel.app/#MLA1812415281,https://http2.mlstatic.com/D_NQ_NP_2X_784591-MLA117912966173_092026-F.jpg,"https://http2.mlstatic.com/D_NQ_NP_2X_875752-MLA111516562248_062026-F.jpg,https://http2.mlstatic.com/D_NQ_NP_2X_843766-MLA112262209429_052026-F.jpg,https://http2.mlstatic.com/D_NQ_NP_2X_643942-MLA111516916510_062026-F.jpg",Tecshow,Parlantes y amplificación
MLA1736337745,Driver Leea N25 Neodiminio 150w 8 Ohms,"CARACTERISTICAS:
POTENCIA : 150W / 30RMS
IMPEDANCIA : 8 OHMS
SENSIBILIDAD : 107 dB
BOCA: 1""
RESPUESTA EN FRECUENCIA: 2kHZ A 20KHZ
DIAFRAGMA DE NEODIMINIO
MEDIDAS: 5 CM DE DIÁMETRO
5,8 CM DE ALTURA
Garantía de fábrica: 30 días",in stock,new,31498.00 ARS,https://tecnoshow.vercel.app/#MLA1736337745,https://http2.mlstatic.com/D_NQ_NP_2X_828284-MLA117912231065_092026-F.jpg,"https://http2.mlstatic.com/D_NQ_NP_2X_669384-MLA109231904566_042026-F.jpg,https://http2.mlstatic.com/D_NQ_NP_2X_740185-MLA110080183839_042026-F.jpg,https://http2.mlstatic.com/D_NQ_NP_2X_764591-MLA110079234431_042026-F.jpg",Leea,Parlantes y amplificación
MLA729069676,Gbr Parlante Portatil Mini Mp3 Bluetoht Nuevo,"MINI BAFLE POTENCIADO CON MP3 3W
BATERIA RECARGABLE INCLUIDA
*RADIO FM *MP3
*SISTEMA DE TRANSMISION INALAMBRICA
*ENTRADA USB Y MICRO SD CARD
*ENTRADAS AUXILIAR
*DIMENSIONES:108*36*54 mm
*PESO 210 g
*VARIOS DISEÑOS",in stock,new,30319.00 ARS,https://tecnoshow.vercel.app/#MLA729069676,https://http2.mlstatic.com/D_NQ_NP_2X_972749-MLA117324601645_092026-F.jpg,"https://http2.mlstatic.com/D_NQ_NP_2X_705179-MLA82010220524_022025-F.jpg,https://http2.mlstatic.com/D_NQ_NP_2X_624978-MLA49532210768_032022-F.jpg,https://http2.mlstatic.com/D_NQ_NP_2X_619538-MLA27491294825_062018-F.jpg",Gbr,Parlantes y amplificación
MLA1803987817,Driver De Titanio Td130 Tecshow 1 Pulgada 30w Rms,"DETALLE DEL PRODUCTO:
Driver de titanio de 1 pulgada - 30W RMS.
Diseñado para entregar la mayor fidelidad posible en altas frecuencias, el driver de titanio TD130 de Tecshow es ideal para proyectos que requieren una respuesta en frecuencia precisa y definida. Componente pensado y desarrollado para uso intensivo.
• SOMOS DISTRIBUIDORES OFICIALES DE TODA LA LÍNEA TECSHOW
FICHA TÉCNICA:
Características:
Potencia: 30W.
Respuesta en frecuencia: 1.5Khz - 18 Khz.
Físico:
Material: Titanio.
Tamaño del driver: 1 pulgada.
Dimensiones: 90x90x68 mm.
Peso: 0.7 Kg.
Garantía de fábrica: 1 meses",in stock,new,20998.00 ARS,https://tecnoshow.vercel.app/#MLA1803987817,https://http2.mlstatic.com/D_NQ_NP_2X_892161-MLA117913345011_092026-F.jpg,"https://http2.mlstatic.com/D_NQ_NP_2X_852757-MLA112579139897_062026-F.jpg,https://http2.mlstatic.com/D_NQ_NP_2X_841167-MLA111241816948_052026-F.jpg,https://http2.mlstatic.com/D_NQ_NP_2X_713818-MLA111517062910_062026-F.jpg",Tecshow,Parlantes y amplificación
MLA1926100557,Repuesto Para Driver Leea Pa44 Bobina Diafragma,"DRIVERS DE MARCA LEEA,
CARACTERÍSTICAS:
IMPEDANCIA: 8 OHMS
SENSIBILIDAD: 110dB
FRECUENCIA DE RESPUESTA: 1200-20000HZ
DIÁMETRO DE BOBINA: 44,4MM
ESTE MISMO REPUESTO ES PARA VARIAS MARCAS DE DRIVER",in stock,new,19999.00 ARS,https://tecnoshow.vercel.app/#MLA1926100557,https://http2.mlstatic.com/D_NQ_NP_2X_838983-MLA113891120516_072026-F.jpg,"https://http2.mlstatic.com/D_NQ_NP_2X_982720-MLA115196374531_072026-F.jpg,https://http2.mlstatic.com/D_NQ_NP_2X_845363-MLA115196756907_072026-F.jpg,https://http2.mlstatic.com/D_NQ_NP_2X_737044-MLA115195607983_072026-F.jpg",TecnoShow,Parlantes y amplificación
MLA734412713,Driver Piezo 1  Plástico Jarho Xpro Compresión Vehículos,Driver Piezo Plastico 1 Pulgadas Plastico Jarho O Xpro,in stock,new,15748.00 ARS,https://tecnoshow.vercel.app/#MLA734412713,https://http2.mlstatic.com/D_NQ_NP_2X_953842-MLA31352199410_072019-F.jpg,"https://http2.mlstatic.com/D_NQ_NP_2X_935823-MLA109587229726_042026-F.jpg,https://http2.mlstatic.com/D_NQ_NP_2X_823136-MLA110464654827_042026-F.jpg,https://http2.mlstatic.com/D_NQ_NP_2X_967932-MLA110465337771_042026-F.jpg",Jarho,Parlantes y amplificación
MLA620334887,Corneta De Plastico Selenium Hm 1125 Rosca De 1 Pulgada,"Corneta De Plastico Selenium Hm 1125 Rosca De 1 Pulgada
Te Adjunto Publicacion
#858812568
Corneta De Plastico Selenium Hm 1125 Rosca De 1 Kit 10 Uni",in stock,new,11999.00 ARS,https://tecnoshow.vercel.app/#MLA620334887,https://http2.mlstatic.com/D_NQ_NP_2X_791635-MLA75592312314_042024-F.jpg,"https://http2.mlstatic.com/D_NQ_NP_2X_815072-MLA44436851509_122020-F.jpg,https://http2.mlstatic.com/D_NQ_NP_2X_996886-MLA44436845710_122020-F.jpg",Selenium,Parlantes y amplificación
MLA1531360984,Tacho PAR Tecshow Nebula 6 LED DMX RGBWA UV Iluminación Dj,"Par LED DMX para interior con 6 LEDs 6-en-1 de 12W. Nebula 6 es un par de LED que cuenta con tecnología 6-en-1 y modo UV para una mezcla de colores RGBWA + UV sin sombras multicolor. Su diseño liviano y ultra delgado lo hace ideal para aplicaciones arquitecturales. Dispone de un ángulo de haz de 25º, dimmer electrónico de 0-100% y operación silenciosa.",in stock,new,157498.00 ARS,https://tecnoshow.vercel.app/#MLA1531360984,https://http2.mlstatic.com/D_NQ_NP_2X_964906-MLA95227535270_102025-F.jpg,"https://http2.mlstatic.com/D_NQ_NP_2X_605235-MLA80826039137_112024-F.jpg,https://http2.mlstatic.com/D_NQ_NP_2X_673230-MLA80380796851_112024-F.jpg",Tecshow,Iluminación
MLA1654729744,Tacho PAR PLS Par Led 543 162W RGBW con Control DMX,"El Tacho PLS PAR 543 es un potente dispositivo de iluminación diseñado para ofrecer un rendimiento excepcional en eventos y espectáculos. Con 54 LEDs de 3W cada uno, este equipo proporciona una vibrante mezcla de colores RGBW, ideal para crear atmósferas dinámicas y atractivas. Su control DMX de 8 canales permite una fácil integración en sistemas de iluminación más complejos, mientras que su display facilita la configuración y el monitoreo. Este modelo, que no incluye filtro gel, cuenta con funciones de flash y strobo, añadiendo efectos visuales impactantes a tus presentaciones. Con una potencia de salida de 162W y un sistema de ventilación eficiente, el PLS PAR 543 es perfecto para largas jornadas de uso. Su diseño robusto y condición de nuevo garantizan una durabilidad y rendimiento óptimos, convirtiéndolo en una opción ideal para profesionales del entretenimiento y la iluminación.",in stock,new,157498.00 ARS,https://tecnoshow.vercel.app/#MLA1654729744,https://http2.mlstatic.com/D_NQ_NP_2X_862009-MLA114605074260_082026-F.jpg,"https://http2.mlstatic.com/D_NQ_NP_2X_959446-MLA99956854997_112025-F.jpg,https://http2.mlstatic.com/D_NQ_NP_2X_765615-MLA93499524727_092025-F.jpg,https://http2.mlstatic.com/D_NQ_NP_2X_856750-MLA93499291773_092025-F.jpg",Pls,Iluminación
MLA1648037909,"Lampara Osram 64653 Elc 250w Gx 5,3 Fibra Opt-proyector","Ilumina tus espacios con la lámpara Osram 64653 ELC 24V 250W GX 5,3, ideal para proyectores y sistemas de fibra óptica. Esta lámpara dicroica de alta calidad te ofrece una potencia de 250W y un color de luz blanco, perfecto para realzar la belleza de tus ambientes y brindarte una iluminación nítida y brillante. La marca Osram es reconocida mundialmente por su excelencia en productos de iluminación, garantizándote durabilidad y eficiencia en cada uso. No esperes más para disfrutar de la mejor iluminación en tus proyectos, elige la lámpara Osram 64653 ELC 24V 250W GX 5,3 y transforma tus espacios.",in stock,new,80664.00 ARS,https://tecnoshow.vercel.app/#MLA1648037909,https://http2.mlstatic.com/D_NQ_NP_2X_897114-MLA99450370284_112025-F.jpg,"https://http2.mlstatic.com/D_NQ_NP_2X_888591-MLA79340769614_092024-F.jpg,https://http2.mlstatic.com/D_NQ_NP_2X_606362-MLA79340672428_092024-F.jpg,https://http2.mlstatic.com/D_NQ_NP_2X_932134-MLA79340905670_092024-F.jpg",Osram,Iluminación
MLA3360477120,Bañador Led Compacto Nebula Quad 14 Tecshow,"**NEBULA QUAD 14**
Ideal para escenarios, eventos y aplicaciones donde se requiera una iluminación versátil y de alto rendimiento, el Nebula Quad 14 es la elección perfecta para crear ambientes vibrantes y profesionales.
Bañador LED compacto – 14 LEDs 4-en-1 de 6W
14 LEDs 4-en-1 RGBW de 6W
Ángulo de haz: 25º
Diseño delgado
Nebula Quad 14 es un bañador LED liviano y compacto que incorpora 14 LEDs 4-en-1 de 6W. Ideal para cobertura de espacios o creación de efectos, Nebula Quad 14 posee tecnología LED de cuatro colores que permite una mezcla RGBW suave sin sombras multicolores.
**Ficha Técnica - Nebula Quad 14**
Fuente & Óptica
Fuente de Luz: 14 LEDs 4-en-1 de 6W cada uno
Vida Útil: 50,000 horas
Ángulo de Haz: 25º
Efectos & Funciones
Dimmer: Rango completo de 0-100% para todos los colores
Efecto Estrobo: Incluido
Programas Integrados: Variados efectos preprogramados
Tecnología LED 4-en-1: Mezcla suave RGBW sin sombras multicolores
Control
Canales DMX: 4/8
Modos de Operación: Automático, audiorítmico, control remoto y DMX
Físico
Dimensiones: 180x80x155 mm
Peso: 0.90 kg",in stock,new,79999.00 ARS,https://tecnoshow.vercel.app/#MLA3360477120,https://http2.mlstatic.com/D_NQ_NP_2X_614845-MLA118519888873_092026-F.jpg,"https://http2.mlstatic.com/D_NQ_NP_2X_794472-MLA118519044035_092026-F.jpg,https://http2.mlstatic.com/D_NQ_NP_2X_817079-MLA97123899673_112025-F.jpg,https://http2.mlstatic.com/D_NQ_NP_2X_992399-MLA97123997009_112025-F.jpg",Tecshow,Iluminación
MLA2471813892,Cabezal Móvil Tecshow Molly Beam 150W LED RGBW Ángulo 3º Effecto Visual,"Cabezal móvil beam compacto
1 LED blanco de 150W
Anillo RGB SMD
Ángulo de haz: 3 grados
Molly Beam es un compacto cabezal móvil beam de alta potencia. La unidad está equipada con 1 potente LED blanco de 150W y un sistema óptico que entrega un ángulo de haz de 3º. Molly Beam incorpora además un anillo LED RGB SMD para lograr efectos visuales en complemento a la proyección del haz. Este cabezal móvil cuenta con 11 gobos, efecto prisma de 18 caras, y rueda de 7 colores + blanco, además de programas integrados en sus secciones ópticas.",in stock,new,524998.00 ARS,https://tecnoshow.vercel.app/#MLA2471813892,https://http2.mlstatic.com/D_NQ_NP_2X_631835-MLA99434993498_112025-F.jpg,"https://http2.mlstatic.com/D_NQ_NP_2X_625120-MLA88828700120_082025-F.jpg,https://http2.mlstatic.com/D_NQ_NP_2X_605800-MLA88828403668_082025-F.jpg,https://http2.mlstatic.com/D_NQ_NP_2X_945776-MLA88828709750_082025-F.jpg",Tecshow,Iluminación
MLA2710936996,Consola DMX Tecshow Navigator Lite 192 Canales Control Luces,"Descripción:
NAVIGATOR LITE
Controlador DMX para luces
Hasta 12 dispositivos de 16 canales DMX cada uno.
23 bancos de 8 escenas programables.
Navigator Lite es un controlador DMX con 192 canales capaz de controlar hasta 12 unidades de 16 canales DMX cada una. El equipo cuenta con un total de 23 bancos con 8 escenas programables (184 escenas máximo) e incluye, a su vez, 6 chases de 184 escenas. Navigator Lite es ideal para aplicaciones móviles.
FICHA TÉCNICA:
Display LCD de 4 dígitos
8 faders para control manual - 2 páginas
Botón directo para realización de Blackout
12 atajos para seleccionar las luminarias
Botón de Tap Sync
Faders para timer y tiempo de fade
CARACTERÍSTICAS:
192 canales DMX - Hasta 12 dispositivos de 16 canales DMX
23 bancos de 8 escenas programables
6 chases con 184 escenas programables de 23 bancos
Tiempo de fade asignable
Micrófono incorporado.
CONECTORES:
1 XLR-3 de salida DMX
1 Entrada de alimentación.
FÍSICO:
DIMENSIONES: 7.62x13.28x48.26 cm.
PESO: 1.5 Kg.",in stock,new,104998.00 ARS,https://tecnoshow.vercel.app/#MLA2710936996,https://http2.mlstatic.com/D_NQ_NP_2X_828080-MLA95518766382_102025-F.jpg,"https://http2.mlstatic.com/D_NQ_NP_2X_763685-MLA92077391122_092025-F.jpg,https://http2.mlstatic.com/D_NQ_NP_2X_859674-MLA92482240107_092025-F.jpg",Tecshow,Iluminación
MLA1391685649,Tira LED RGB 5050 5m Time con Control y Fuente IP64 Interior Exterior,"¡Sumate a la movida EcoFriendly! La tecnología led es una excelente aliada para disminuir el consumo energético. Se trata de una iluminación que abre múltiples posibilidades para la decoración de cada rincón de tu casa ya que, gracias a su flexibilidad, tendrás la posibilidad de adaptarlas a distintos relieves y a espacios reducidos como esquinas y zócalos.
Estilo e innovación
Debido a su protección IP64, estas luminarias están diseñadas para ser utilizadas tanto en interiores como en exteriores. Podrás decorar galerías, jardines y todos los sectores al aire libre del modo que más te guste y sin preocuparte por posibles precipitaciones o nevadas. Soportan la exposición al polvo y al agua, lo que les otorga una mayor durabilidad y resistencia.",in stock,new,35000.00 ARS,https://tecnoshow.vercel.app/#MLA1391685649,https://http2.mlstatic.com/D_NQ_NP_2X_994091-MLA99424533210_112025-F.jpg,"https://http2.mlstatic.com/D_NQ_NP_2X_637282-MLU75009375506_032024-F.jpg,https://http2.mlstatic.com/D_NQ_NP_2X_969548-MLU75009009328_032024-F.jpg",Time,Iluminación
MLA2474687046,Bañador Led Efecto Estrobo 3 En 1 Tecshow Strobe Box Dual,"Efecto estrobo 3 en 1 apto para uso como estrobo y/o bañador.
Panel: 640 LEDs RGB
Tubo central: 80 LEDs blancos x 1W
Control por segmentos
Strobe Box Dual es un versátil estrobo de alto rendimiento, que puede ser utilizado como bañador gracias a la composición de su panel LED. Cuenta con 640 LEDs RGB en su sección panel y se complementa con un tubo central compuesto por 80 LEDs blancos de 1W. Ideal para la generación de efectos visuales, está pensado para soportar las más demandantes y extensas jornadas de touring.",in stock,new,293998.00 ARS,https://tecnoshow.vercel.app/#MLA2474687046,https://http2.mlstatic.com/D_NQ_NP_2X_815864-MLA95223181258_102025-F.jpg,"https://http2.mlstatic.com/D_NQ_NP_2X_736523-MLA83605958158_042025-F.jpg,https://http2.mlstatic.com/D_NQ_NP_2X_874448-MLA83898902161_042025-F.jpg,https://http2.mlstatic.com/D_NQ_NP_2X_928415-MLA83605958160_042025-F.jpg",Tecshow,Iluminación
MLA2710911624,Tacho Par Led Bañador Tecshow Nebula Dual RGB+UV+W,"Tacho Par LED Bañador Tecshow Nebula Dual RGB+UV+W
Nebula Dual es un bañador profesional que cuenta con 20 LEDs en total (16 LEDs RGBUV+W de 8W y 4 LEDs blancos de 50W (2 cálidos y 2 fríos)). Su tecnología LED de seis colores y sus pastillas independientes en diferentes temperaturas de blanco permite una mezcla suave sin sombras, logrando innumerable cantidad de colores profundamente saturados. Nebula Dual ofrece dimmer lineal para todos los colores, efecto UV y función de estrobo.
Características principales:
- 4 Leds blancos x 50W cada uno (2 cálidos y 2 fríos).
- 16 Leds RGBUV+W de 8W.
- Efectos combinables.
Especificaciones técnicas:
- Modelo: 001974.
- LED: 20 Leds en total (4 Leds blancos x 50W + 16 LEDS RGBUV+W 4 en 1 de 8W).
- Ángulo de haz: 25 grados.
- Flujo lumínico a 3 mts rojo: 463.1 lux.
- Flujo lumínico a 3 mts verde: 838.8 lux.
- Flujo lumínico a 3 mts azul: 24.89 lux.
- Flujo lumínico a 3 mts UV: 52.4 lux.
- Flujo lumínico a 3 mts blanco cálido: 376 lux.
- Flujo lumínico a 3 mts blanco: 339.6 lux.
- Flujo lumínico a 3 mts, todos los colores: 2181 lux.
- Dimmer electrónico: 0-100%.
- Estrobo: 1-25 flashes por segundo.
- Modos de operación: DMX512, Master/Slave, Auto, Audiorítmico.
- Canales DMX: 12.
- Programas preseteados: Sí.
- Color: Blanco Frío, blanco Cálido, RGB+UV+W.
- Display LED.
- Conectores DMX: 2 conectores XLR (XLR-3 Entrada y Salida).
- Conectores de alimentación (Entrada/Salida).
- Dimensiones: 250 x 85 mm.
- Peso: 1.9 kgs.
- Origen: China.",in stock,new,241498.00 ARS,https://tecnoshow.vercel.app/#MLA2710911624,https://http2.mlstatic.com/D_NQ_NP_2X_849650-MLA96893308064_112025-F.jpg,"https://http2.mlstatic.com/D_NQ_NP_2X_918934-MLA95980731090_102025-F.jpg,https://http2.mlstatic.com/D_NQ_NP_2X_883035-MLA95980907208_102025-F.jpg,https://http2.mlstatic.com/D_NQ_NP_2X_719907-MLA96423962725_102025-F.jpg",Tecshow,Iluminación
MLA3183936616,Cabezal Movil Led Alfie Wash Tecshow 7 Leds De 8 Watts Rgbw,"Características Principales:
• 7 LEDs RGBW de 8W 4-en-1
• Ángulo de haz de 20 grados
• Modo DMX de 9/14 canales
El Alfie Wash es un cabezal móvil tipo wash ultra-compacto diseñado para ofrecer un rendimiento excepcional en cualquier evento. Con 7 potentes LEDs RGBW de 8W, este dispositivo es ideal para aplicaciones que requieren una operación silenciosa y eficiente. Su bajo peso lo convierte en la herramienta perfecta para aplicaciones móviles.
Especificaciones:
• Fuente de Luz: 7 LEDs 4-en-1 de 8W
• Vida Útil Promedio: 60,000 horas
• Ángulo de Haz: 20°
• Fotometría: 312 Lux @ 3M & 106 Lux @ 5M
Efectos y Funciones:
• Dimmer: Rango completo 0-100%. Efecto Estroboscópico
• Tecnología LED a 4 Colores: Mezcla suave RGBW sin sombras
• Programas Integrados
Control:
• Canales DMX: 9/14
• Modos de Operación: DMX, Master/Slave, Auto-run, audio rítmico & programas integrados
Movimiento:
• Pan: 540° / 360°
• Tilt: 180°
• Canal de Velocidad de Vector para Pan/Tilt
Detalles Físicos:
• Conectores DMX: 2 conectores XLR (XLR-3 de entrada y salida) Pantalla LED
• Dimensiones: 180 x 170 x 260 mm (7 x 6.7 x 10.2 in)
• Peso: 2 Kg",in stock,new,188998.00 ARS,https://tecnoshow.vercel.app/#MLA3183936616,https://http2.mlstatic.com/D_NQ_NP_2X_710776-MLA108098503520_032026-F.jpg,"https://http2.mlstatic.com/D_NQ_NP_2X_902387-MLA108098474368_032026-F.jpg,https://http2.mlstatic.com/D_NQ_NP_2X_805616-MLA108876146087_032026-F.jpg,https://http2.mlstatic.com/D_NQ_NP_2X_664661-MLA108876146093_032026-F.jpg",Tecshow,Iluminación
MLA1983100258,Tacho PAR Tecshow Cosmo UV 54W 18 LED Luz Negra DMX,"TECSHOW COSMO UV
Es un bañador LED ultra-liviano que posee con 18 LEDs ultra-violetas de 3W. Ideal para cobertura de espacios o creación de efectos, Cosmo UV cuenta a su vez con 4 modos de operación (audiorítimico, auto, maestro/esclavo y DMX).
FICHA TÉCNICA
- Fuente & Óptica
Fuente de Luz: 18 LEDs UV de 3W
Vida útil promedio: 50,000 horas
Ángulo de haz: 65º
- Efectos y funciones
Dimmer: 0-100%
Efecto estrobo
Programas integrados
- Control
Canales DMX: 7
Modos de operación: Audioritimico, auto, maestro/esclavo y DMX
- Físico
Display LED
Conectores DMX: 2 conectores XLR (XLR-3 Entrada y Salida)
Dimensions: 17.5 x 17.5 x 10 cm.
Peso: 0.80 Kg.",in stock,new,114343.00 ARS,https://tecnoshow.vercel.app/#MLA1983100258,https://http2.mlstatic.com/D_NQ_NP_2X_968356-MLA94584895089_102025-F.jpg,"https://http2.mlstatic.com/D_NQ_NP_2X_762897-MLA99962426607_112025-F.jpg,https://http2.mlstatic.com/D_NQ_NP_2X_870135-MLA99961932995_112025-F.jpg",Tecshow,Iluminación
MLA1476834969,Tacho Proton Tecshow COSMO 18 LED RGB 18W Control Remoto DMX,"El potente COSMO 18 de Tecshow es un bañador LED ultra-liviano que cuenta con 18 LEDs (6 rojos, 6 verdes, 6 azules) de 1W. Es dimmerizable de 0-100% y cuenta con efecto estrobo, brindando así una herramienta más que interesante, en un resumido cuerpo de sencillo transporte debido tanto a su peso como a sus dimensiones.
Este versátil dispositivo ofrece una amplia gama de colores, incluyendo ámbar, azul, blanco, fucsia, rojo, turquesa y verde, permitiendo crear ambientes únicos y personalizados.
Además, el COSMO 18 se puede controlar de manera remota o mediante DMX, adaptándose a diferentes necesidades y preferencias. Con una potencia de salida de 18 W y la capacidad de generar efectos de flash, este tacho Proton es ideal para eventos, espectáculos y cualquier ocasión que requiera una iluminación impactante y dinámica.",in stock,new,89248.00 ARS,https://tecnoshow.vercel.app/#MLA1476834969,https://http2.mlstatic.com/D_NQ_NP_2X_756397-MLA95731004282_102025-F.jpg,"https://http2.mlstatic.com/D_NQ_NP_2X_619444-MLU75374225748_042024-F.jpg,https://http2.mlstatic.com/D_NQ_NP_2X_776516-MLU75527023179_042024-F.jpg,https://http2.mlstatic.com/D_NQ_NP_2X_884148-MLU75527023197_042024-F.jpg",Tecshow,Iluminación
MLA1578111425,Cabezal Móvil Tecshow Beamer 250 Mini RGB 250W 24 LEDs,"Cabezal Movil Beamer 250 Mini Tecshow RGB 250W
El Beamer 250 Mini es un cabezal móvil de diseño compacto equipado con una lámpara de 250W. Su sistema óptico ofrece un ángulo de haz de 2º de apertura y es capaz de entregar 240.000lux a 10 metros. Algunas de sus características más destacadas incluyen una rueda de 13 gobos estáticos más abierto, combinables con una rueda de 12 colores + blanco. Para lograr efectos visuales impactantes, Beamer 250 Mini incorpora doble prisma de 8+16 facetas además de un efecto RGB en su sección de anillo.
-Fuente & Óptica
-Fuente de luz [Main]: Lámpara 250W
-Fuente de luz [Ring]: 24 LEDs RGB 3 en 1 de 5050
-Vida de lámpara: 1500 horas
-Ángulo de haz: 2°
-Salida de luz: 240.000lux a 10m.
Efectos y funciones
-Rueda de gobo estática: 13 gobos + abierto
-Prisma rotativo: doble 8+16 caras
-Rueda de color: 12 colores + abierto
-Rueda independiente: 6 colores
-Foco: motorizado
-Dimmer: Rango completo 0-100%
-Efecto estrobo: 1-10 /seg.
-Programas integrados: Sí
-Canales DMX: 16
-Modos de operación: DMX, maestro/esclavo, manual, auto, audiorítmico & programas integrados
-Movimiento
-Pan: 540°
-Tilt: 270°
-Resolución: 16-bit
-Reposicionamiento automático
-Físico
-Display LCD
-Conectores DMX: 2 conectores XLR (XLR-3 de entrada & salida)
-Dimensiones: 285x210x455 mm.
-Peso: 9.65 Kg.",in stock,new,734998.00 ARS,https://tecnoshow.vercel.app/#MLA1578111425,https://http2.mlstatic.com/D_NQ_NP_2X_817237-MLA100064868675_122025-F.jpg,"https://http2.mlstatic.com/D_NQ_NP_2X_983997-MLA92622776242_092025-F.jpg,https://http2.mlstatic.com/D_NQ_NP_2X_904914-MLA93033865599_092025-F.jpg",Tecshow,Iluminación
MLA2551587462,"Efecto de Iluminación 4 en 1 GBR LED GEM HP con Láser, Gobos y Flash para Eventos","Presentamos el innovador Efecto 4 en 1 Laser + Efecto Led + Gobos + Flash Audio/DMX, diseñado para llevar tus eventos a un nuevo nivel. Este dispositivo cuenta con 6 LED de 10W que ofrecen un impresionante efecto LED y 8 LED de 8W que añaden un toque de flash UV. Con dos láseres, uno rojo de 1000mW y otro verde de 50mW, podrás crear espectáculos visuales fascinantes. Su control DMX 512 de 14 canales permite una fácil personalización. Además, dispone de una pantalla LCD digital y modo Master/esclavo, lo que lo hace versátil y fácil de usar. Con dimensiones compactas de 26.5 x 22 x 19.5 cm y un peso ligero de 1.85 kg, se puede transportar fácilmente. Aunque no es resistente al agua, ofrece un rendimiento excepcional en interiores. Compatible con corriente eléctrica, este equipo es ideal para quienes buscan calidad y efectividad en presentaciones dinámicas.",in stock,new,510298.00 ARS,https://tecnoshow.vercel.app/#MLA2551587462,https://http2.mlstatic.com/D_NQ_NP_2X_635615-MLA99480450856_112025-F.jpg,"https://http2.mlstatic.com/D_NQ_NP_2X_622282-MLA93342679972_092025-F.jpg,https://http2.mlstatic.com/D_NQ_NP_2X_879421-MLA93104677051_092025-F.jpg,https://http2.mlstatic.com/D_NQ_NP_2X_673997-MLA93342581286_092025-F.jpg",Gbr,Iluminación
MLA1576655857,Luces láser para escenarios GBR SPIRO LED 162,"Descubre el 'Efecto 4 En 1 Laser + Efecto Led + Gobos + Flash Audio/DMX', la solución perfecta para animar tus eventos con un efecto increíblemente compacto y potente. Este dispositivo combina un láser rojo y verde con un sistema de efectos LED multicolor, lo que garantiza un espectáculo visual impresionante. Además, cuenta con una potencia nominal robusta y 16 canales DMX-512 para un control total sobre la iluminación. Su dimmer y función de strobo/flasheo permiten crear ambientes personalizados. No te preocupes por la instalación, ya que incluye un kit y control remoto para una fácil operatividad. Aunque no es resistente al agua, su diseño en plástico asegura durabilidad. Perfecto para fiestas, conciertos y eventos en vivo, este efecto promete transformar cualquier espacio en un espectáculo inolvidable. ¡Deja que tus luces hablen por ti!",in stock,new,314998.00 ARS,https://tecnoshow.vercel.app/#MLA1576655857,https://http2.mlstatic.com/D_NQ_NP_2X_868842-MLA99924825905_112025-F.jpg,"https://http2.mlstatic.com/D_NQ_NP_2X_940982-MLA93078726767_092025-F.jpg,https://http2.mlstatic.com/D_NQ_NP_2X_695598-MLA92667149234_092025-F.jpg,https://http2.mlstatic.com/D_NQ_NP_2X_785764-MLA93078271203_092025-F.jpg",Gbr,Iluminación
MLA1648063715,Consola DMX Tecshow Navigator 3 192 Canales Control MIDI,"DETALLE DEL PRODUCTO:
Controlador DMX para iluminación móvil - 192 canales
Navigator 3 es un controlador DMX con 192 canales capaz de controlar hasta 12 unidades de 16 canales DMX cada una. El equipo cuenta con un total de 30 bancos con 8 escenas programables (240 escenas máximo) e incluye, a su vez, 6 chases de 240 escenas. Navigator 3 es ideal para aplicaciones móviles y posee control MIDI sobre bancos, chases y blackout.
Interface:
Display LCD de 4 dígitos
8 faders para control manual - 2 páginas
Botón directo para realización de Blackout
12 atajos para seleccionar las luminarias
Botón de Tap Sync
Faders para timer y tiempo de fade
Características:
192 canales DMX – Hasta 12 dispositivos de 16 canales DMX
30 bancos de 8 escenas programables
6 chases con 240 escenas programables de 30 bancos
Entrada MIDI
Tiempo de fade asignable
Micrófono incorporado
Conectores:
1 XLR-3 de salida DMX
1 Entrada MIDI
1 puerto para luz USB
1 Entrada de alimentación
Físico:
Dimensiones: 133,3 x 482,6 x 63,5 mm.
Peso: 2.25 kg.",in stock,new,262498.00 ARS,https://tecnoshow.vercel.app/#MLA1648063715,https://http2.mlstatic.com/D_NQ_NP_2X_870768-MLA99889594975_112025-F.jpg,https://http2.mlstatic.com/D_NQ_NP_2X_731706-MLA95809061602_102025-F.jpg,TecnoShow,Iluminación
MLA1746955625,Tacho PAR LED RGB PLS PL-543 54 Luces 3W DMX512 7 Canales Estrobo,"PLS PL543 PAR LED 54X3W 3 EN 1
Tipo de LED 54 LEDs de 3W RGB (3en1)
Canales DMX 3 / 7 canales
Modos de operación Automático / Activado por sonido / DMX
Efectos Cambio de color, Estrobo
Vida útil 50.000 horas (estimada)
Alimentación AC 110–240V, 50–60Hz
Potencia nominal 180W
Dimensiones 22 × 22 × 29,5 cm
Peso neto 2,1 kg
Peso bruto 2,56 kg
Incluye Cable de alimentación: Manual de usuario",in stock,new,146998.00 ARS,https://tecnoshow.vercel.app/#MLA1746955625,https://http2.mlstatic.com/D_NQ_NP_2X_843323-MLA100743979509_122025-F.jpg,"https://http2.mlstatic.com/D_NQ_NP_2X_818282-MLA100744415641_122025-F.jpg,https://http2.mlstatic.com/D_NQ_NP_2X_897329-MLA100252770500_122025-F.jpg,https://http2.mlstatic.com/D_NQ_NP_2X_965991-MLA107885144285_022026-F.jpg",Pls,Iluminación
MLA3314435076,Tacho Led Proton Rgb 36w Tecshow Cosmo 36,"El Tacho Led Proton RGB 36W Tecshow Cosmo 36 es la solución ideal para quienes buscan iluminar sus eventos con un toque profesional y vibrante. Con una potencia de salida de 36 W y 36 luces LED, este dispositivo ofrece una experiencia visual impactante, gracias a su capacidad para proyectar colores RGB en un ángulo de apertura del haz de luz de 18°.
Diseñado para adaptarse a diversas situaciones, el Cosmo 36 cuenta con múltiples modos de control, incluyendo DMX y audio, lo que permite una personalización completa de la iluminación. Su función de flash y strobo añade dinamismo a cualquier presentación, mientras que su sistema de ventilación asegura un rendimiento óptimo durante largas horas de uso.
Con una vida útil de 50,000 horas, este tacho es una inversión a largo plazo para DJs, organizadores de eventos y productores de espectáculos. La versatilidad del Cosmo 36 lo convierte en un aliado indispensable para crear ambientes únicos y memorables, elevando la experiencia de cualquier evento al siguiente nivel.",in stock,new,103948.00 ARS,https://tecnoshow.vercel.app/#MLA3314435076,https://http2.mlstatic.com/D_NQ_NP_2X_893376-MLA104908409487_012026-F.jpg,"https://http2.mlstatic.com/D_NQ_NP_2X_985572-MLA104357662802_012026-F.jpg,https://http2.mlstatic.com/D_NQ_NP_2X_720873-MLA114874326022_082026-F.jpg,https://http2.mlstatic.com/D_NQ_NP_2X_950815-MLA114874700326_082026-F.jpg",Tecshow,Iluminación
MLA1654767818,Dicroicas 120v 250w Enh Gy 5.3 Osram 93506,"Lampara OSRAM ENH 120V 250W 93506 GY5,3
Vataje nominal 250,00 W
Tensión nominal 120 V
Temperatura de color 3150 K
Flujo luminoso nominal 340 lm
Diámetro 51,0 mm
Longitud 44,5 mm.
Base (designación estándar) GY5,3",in stock,new,50818.00 ARS,https://tecnoshow.vercel.app/#MLA1654767818,https://http2.mlstatic.com/D_NQ_NP_2X_833821-MLA99993914661_112025-F.jpg,"https://http2.mlstatic.com/D_NQ_NP_2X_632322-MLA93359727736_092025-F.jpg,https://http2.mlstatic.com/D_NQ_NP_2X_744272-MLA93359905938_092025-F.jpg",Osram,Iluminación
MLA3690635480,Octobeam Rgbw Efecto Barra Led Movil 8 X10w Dmx,"Descubre la potencia y versatilidad de la Octobeam RGBW, una Barra LED que transformará cualquier evento en una experiencia visual inolvidable. Con 8 LEDs de alta potencia de 10W cada uno, esta impresionante barra ofrece un espectáculo de colores RGBW que iluminará el ambiente. Su movimiento de barrido y la capacidad de programación DMX512 con 13 canales permiten un control preciso y creativo. Además, cuenta con modos de funcionamiento auto y audio, adaptándose a tus necesidades. Su diseño incluye un display digital para una fácil configuración y un sistema de ventilación que asegura un rendimiento óptimo. Con un peso de 7018 g y dimensiones de 46 cm x 17 cm x 21 cm, es ideal para transportarla y usarla en diferentes eventos. No te pierdas la oportunidad de llevar tu iluminación al siguiente nivel con esta barra LED de efecto espectacular.",in stock,new,734998.00 ARS,https://tecnoshow.vercel.app/#MLA3690635480,https://http2.mlstatic.com/D_NQ_NP_2X_845745-MLA99980451925_112025-F.jpg,"https://http2.mlstatic.com/D_NQ_NP_2X_787719-MLA94440261886_102025-F.jpg,https://http2.mlstatic.com/D_NQ_NP_2X_734308-MLA94440358870_102025-F.jpg,https://http2.mlstatic.com/D_NQ_NP_2X_832167-MLA94870935583_102025-F.jpg",Gbr,Iluminación
MLA1648038377,Luz Láser Profesional Tecshow LZ1 Full Color 1W Con DMX y Ventilación,"DESCRIPCIÓN DEL PRODUCTO:
Láser full color de 1W
Potencia 1W
Control Audiorítmico/Auto/DMX
Ángulo de escaneo: ±30°
LZ1 es un equipo compacto que cuenta con un láser rojo de 200mW, un láser verde de 200mW y un láser azul de 600mW. Diseñado para aplicaciones de pequeña y mediana escala, LZ1 es ideal para todos los usos de gran impacto visual. Importante: Evitar exposición directa o dispersa en la piel o en los ojos. Estos artefactos pueden dañar lentes de cámaras, evite filmaciones directas.
FICHA TÉCNICA:
FUENTE & ÓPTICA:
LÁSER ROJO: 200mW / 638 nm
LÁSER VERDE: 80mW / 520nm
LÁSER AZUL: 150mW / 450nm
ÁNGULO DE ESCANEO: ±30°
EFECTOS Y FUNCIONES:
MEZCLA DE COLOR: RGB
CONTROL:
MODOS DE OPERACIÓN: DMX, audio rítmico & automático
FÍSICO:
CONECTORES DMX: Conectores XLR (XLR-3 de entrada & salida)
DIMENSIONES: 130x190x90mm.",in stock,new,635248.00 ARS,https://tecnoshow.vercel.app/#MLA1648038377,https://http2.mlstatic.com/D_NQ_NP_2X_946864-MLA99933800757_112025-F.jpg,"https://http2.mlstatic.com/D_NQ_NP_2X_996733-MLA99449831108_112025-F.jpg,https://http2.mlstatic.com/D_NQ_NP_2X_759014-MLA99934025067_112025-F.jpg,https://http2.mlstatic.com/D_NQ_NP_2X_953943-MLA99449831112_112025-F.jpg",Tecshow,Iluminación
MLA1932510761,Luz De Escenario Gbr Multi Panel 360 Modos Dmx Rgb 9 Leds Strobo,"La Luz de escenario GBR Multi Panel 360 es la solución ideal para quienes buscan iluminar eventos con un toque profesional. Con su diseño versátil y moderno, este panel cuenta con 9 LEDs RGB que ofrecen una amplia gama de colores, permitiendo crear atmósferas únicas y dinámicas en cualquier presentación.
Este dispositivo se adapta a diferentes entornos gracias a sus múltiples modos de control: DMX, Audio, Auto y Master Slave. Esto lo convierte en una herramienta perfecta para DJs, bandas y organizadores de eventos que desean un control total sobre la iluminación y efectos visuales.
El sistema de ventilación integrado asegura un rendimiento óptimo, evitando el sobrecalentamiento durante largas sesiones de uso. Además, la función estroboscópica añade un efecto visual impactante, ideal para resaltar momentos clave en espectáculos y fiestas.
Con 12 canales de control, la Luz de escenario GBR Multi Panel 360 permite una personalización completa de la iluminación, facilitando la creación de secuencias y efectos que capturan la atención del público. Eleva tus eventos al siguiente nivel con esta potente herramienta de iluminación.",in stock,new,577488.00 ARS,https://tecnoshow.vercel.app/#MLA1932510761,https://http2.mlstatic.com/D_NQ_NP_2X_781405-MLA110711552151_042026-F.jpg,,Gbr,Iluminación
MLA1785804695,Cabezal Móvil Multicolor LED 30W GBR DMX Inclinación 270° Modelo MOVING LED 500,"• Cabezal Móvil LED 30W
* Led de alta potencia 30W
* Super compacto, alta potencia
* 16 canales DMX-512
* Rueda de colores y figuras
* 8 colores, 8 gobos
* Flash con velocidad
* Dimmer
* Paneo: 540°
* Inclinación (tilt): 270°
* Display digital multifunción
* Peso: 3 Kg
Este cabezal móvil es ideal para eventos y espectáculos, ofreciendo un color de luz RGB que permite crear ambientes vibrantes y dinámicos. Con modos de control DMX, sonido, auto y esclavo maestro, se adapta a diversas configuraciones. Su diseño compacto y ligero (3 Kg) facilita su transporte y montaje. Además, cuenta con un sistema de ventilación que asegura un rendimiento óptimo durante largas horas de uso. La función de flash y strobo añade un efecto visual impactante, mientras que su embalaje adicional garantiza una entrega segura. Perfecto para DJs y productores de eventos.",in stock,new,304499.00 ARS,https://tecnoshow.vercel.app/#MLA1785804695,https://http2.mlstatic.com/D_NQ_NP_2X_903820-MLA96889483425_102025-F.jpg,"https://http2.mlstatic.com/D_NQ_NP_2X_945722-MLA94274672950_102025-F.jpg,https://http2.mlstatic.com/D_NQ_NP_2X_929039-MLA94704001689_102025-F.jpg,https://http2.mlstatic.com/D_NQ_NP_2X_629196-MLA94704001697_102025-F.jpg",Gbr,Iluminación
MLA764539986,Pls Par 183 Rgb Tacho De 18 Leds Dmx 7 Canales De 50w Proton,"Pls Par 183 Rgb
Tacho De 18 Leds
Dmx 7 Canales
De 50w Oferta
Caracteristicas
Par 183 RGB - 3W * 18 Leds -
DMX512 - 7 Canales -
Consumo: 50W -
Plastico - DMX Link - Interlock Link - Display.",in stock,new,94498.00 ARS,https://tecnoshow.vercel.app/#MLA764539986,https://http2.mlstatic.com/D_NQ_NP_2X_794969-MLA75427885482_042024-F.jpg,"https://http2.mlstatic.com/D_NQ_NP_2X_953810-MLA31604671503_072019-F.jpg,https://http2.mlstatic.com/D_NQ_NP_2X_876093-MLA85728773416_062025-F.jpg,https://http2.mlstatic.com/D_NQ_NP_2X_605092-MLA86040755953_062025-F.jpg",Pls,Iluminación
MLA617777557,Esfera Espejada Gbr Bola 30 Cm Espejos 1x1 Mejor Calidad,Esfera Espejada GBR Bola 30 Cm Espejos 1x1 Mejor Calidad,in stock,new,94498.00 ARS,https://tecnoshow.vercel.app/#MLA617777557,https://http2.mlstatic.com/D_NQ_NP_2X_632983-MLA116412366902_092026-F.jpg,"https://http2.mlstatic.com/D_NQ_NP_2X_768784-MLA31063066719_062019-F.jpg,https://http2.mlstatic.com/D_NQ_NP_2X_382021-MLA20685244117_042016-F.jpg,https://http2.mlstatic.com/D_NQ_NP_2X_920121-MLA20685249707_042016-F.jpg",Gbr,Iluminación
MLA1376281685,Laser Rgb Multipunto Pls | Potencia: R50mw / G4mw / B80mw,"Laser Rgb Multipunto Pls | Potencia: R50mw / G4mw / B80mw
PLS LASER MULTIPUNTO RGB
Láser de MULTIPUNTO RGB
Velocidad del motor ajustable
Audiorrítmico.
Sensibilidad al sonido ajustable
Potencia: R50mW / G4mW / B80mW
Modo de control: reproducción automática / activación de sonido / luz estroboscópica
Voltaje 12v, 50 / 60HZ Incluye Fuente
Incluye transformador, soporte
NUEVA LÍNEA",in stock,new,64999.00 ARS,https://tecnoshow.vercel.app/#MLA1376281685,https://http2.mlstatic.com/D_NQ_NP_2X_794029-MLA82737456751_022025-F.jpg,"https://http2.mlstatic.com/D_NQ_NP_2X_763379-MLA82451534450_022025-F.jpg,https://http2.mlstatic.com/D_NQ_NP_2X_695108-MLA82737123897_022025-F.jpg",Pls,Iluminación
MLA850262493,Zocalo Ceramico Para Lampara Par 64 De 1000 W O 56 De 300 W,"Características
Marca Tecshow
Modelo ZP5 6 64
Conector de entrada BIPIN
Conector de salida C
Largo del cable 18 cm
Cantidad de conectores de entrada 2
Cantidad de conectores de salida 2",in stock,new,14999.00 ARS,https://tecnoshow.vercel.app/#MLA850262493,https://http2.mlstatic.com/D_NQ_NP_2X_958105-MLA116027848975_082026-F.jpg,"https://http2.mlstatic.com/D_NQ_NP_2X_843144-MLA51261750531_082022-F.jpg,https://http2.mlstatic.com/D_NQ_NP_2X_658617-MLA51261734582_082022-F.jpg",Tecshow,Iluminación
MLA610989835,Flash Geni Flash Tipo Bengala Con Lampara Rulo Color Blanca,Flash Geni Flash Tipo Bengala Con Lampara Rulo Color Blanca,in stock,new,11999.00 ARS,https://tecnoshow.vercel.app/#MLA610989835,https://http2.mlstatic.com/D_NQ_NP_2X_654782-MLA116413366664_092026-F.jpg,"https://http2.mlstatic.com/D_NQ_NP_2X_950679-MLA43685983573_102020-F.jpg,https://http2.mlstatic.com/D_NQ_NP_2X_655263-MLA43685991004_102020-F.jpg",Geni,Iluminación
MLA757014069,Puntero Laser Mini Rojo Infiniter,"Características
Marca:Infiniter
Modelo : PUNTERO LASER Carcaza color Rojo
Formato del puntero láser MANUAL
Tipo de batería 3 POR LR44
Alcance máximo 100 m
Potencia 45 mW
Características
Marca Infiniter Laser
Modelo Rojo
Formato del Puntero Láser Comun
Tipo de Batería Pila Moneda
Alcance máximo 100 m
Potencia 1 MW
Longitud de onda 1 nm
Punteros Laser de luz roja
Alta intesidad
No incluye pilas
Medidas: 10,5cm
TE ADJUNTO PUBLICACION
#857323452
Puntero Laser Rojo Mini Infiniter (pack De 10 Unidades)",in stock,new,6298.00 ARS,https://tecnoshow.vercel.app/#MLA757014069,https://http2.mlstatic.com/D_NQ_NP_2X_614757-MLA117913169643_092026-F.jpg,"https://http2.mlstatic.com/D_NQ_NP_2X_752068-MLA109631628836_042026-F.jpg,https://http2.mlstatic.com/D_NQ_NP_2X_924070-MLA109631599154_042026-F.jpg,https://http2.mlstatic.com/D_NQ_NP_2X_821031-MLA110513068325_042026-F.jpg",Infiniter,Iluminación
MLA3383525922,Cabezal Movil Beam Pr Xr 230 Lampara 230 Hri (par Con Rack),"Cabezal movil XR 230 Beam
Marca: PR
Modelo: XR 230 Beam
Descripcion: Flightcase + 2xMovil Beam HRI 230W
14 colores
16 ch DMX
17 gobos
Equipado con una lampara OSRAM SIRIUS HRI 230W (8.000K), 2000hrs
Cabezal movil que produce un haz de luz con un brillo superior que es producido generalmente con un mayor nivel de watts. Produce un efecto de laser paralelo con un alcance impresionante de 68.600lx a 20 metros.
A corto alcance tiene 10 diferentes canales, en alcance estandar 14 canales, y a largo alcance 16 canales
Tiene un recibidor DMX512 inalambrico
Prisma: 1 x 8-facet prisma + CTO + filtro frost plus open, bidireccional con velocidad regulable
Foco DMX lineal
Movimiento del cabezal: panoramico de 540º con una inclinacion de 270º con posicion autocorregible y una velocidad ajustable
1 rueda gobo fija con 17 gobos
1 rueda de color con 14 colores
Dimensiones: 412x510x336mm
Peso: 16kg
Input: 100V-240V",in stock,new,4409998.00 ARS,https://tecnoshow.vercel.app/#MLA3383525922,https://http2.mlstatic.com/D_NQ_NP_2X_715282-MLA117912464081_092026-F.jpg,"https://http2.mlstatic.com/D_NQ_NP_2X_854802-MLA112574393543_062026-F.jpg,https://http2.mlstatic.com/D_NQ_NP_2X_775046-MLA112575878023_062026-F.jpg,https://http2.mlstatic.com/D_NQ_NP_2X_634830-MLA111515486332_062026-F.jpg",Pr,Iluminación
MLA3079437174,Cabezal Movil Beam Pr Xr 230 Lampara 230 Hri (dos Con Rack),"Cabezal movil XR 230 Beam
Marca: PR
Modelo: XR 230 Beam
Descripcion: Flightcase + 2xMovil Beam HRI 230W
14 colores
16 ch DMX
17 gobos
Equipado con una lampara OSRAM SIRIUS HRI 230W (8.000K), 2000hrs
Cabezal movil que produce un haz de luz con un brillo superior que es producido generalmente con un mayor nivel de watts. Produce un efecto de laser paralelo con un alcance impresionante de 68.600lx a 20 metros.
A corto alcance tiene 10 diferentes canales, en alcance estandar 14 canales, y a largo alcance 16 canales
Tiene un recibidor DMX512 inalambrico
Prisma: 1 x 8-facet prisma + CTO + filtro frost plus open, bidireccional con velocidad regulable
Foco DMX lineal
Movimiento del cabezal: panoramico de 540º con una inclinacion de 270º con posicion autocorregible y una velocidad ajustable
1 rueda gobo fija con 17 gobos
1 rueda de color con 14 colores
Dimensiones: 412x510x336mm
Peso: 16kg
Input: 100V-240V",in stock,new,3989998.00 ARS,https://tecnoshow.vercel.app/#MLA3079437174,https://http2.mlstatic.com/D_NQ_NP_2X_669849-MLA117912230935_092026-F.jpg,"https://http2.mlstatic.com/D_NQ_NP_2X_926072-MLA108855391442_032026-F.jpg,https://http2.mlstatic.com/D_NQ_NP_2X_938615-MLA108853813120_032026-F.jpg,https://http2.mlstatic.com/D_NQ_NP_2X_663095-MLA108855391440_032026-F.jpg",Pr,Iluminación
MLA1647963781,Cabezal Movil Tecshow Ampro Molly Beam 150w + Anillo Rgb KIT 6 UNIDADES.,"Fuente & Ópticas
Fuente de luz: LED de 150W Beam + anillo RGB SMD
Rueda de Colores: 7 colores + blanco
Gobo: 11 patrones + abierto
Prisma: 18 caras
Efecto Arcoíris: 6 colores de efecto arcoíris
Ángulo del Haz: 3°
Dimmer: lineal de 0~100%
Estrobo: 1~20 Hz por segundo, ajustable
Duración de la Luz: >20,000 horas
Control y Conectividad
Canales DMX: 13/15
Modo de Control: DMX, M/S, audiorítmico.
Pantalla: LCD integrada
Nivel de Protección IP: IP20 para uso interior
Movimiento
Pan: 540°
Tilt: 200°
Velocidad de Giro: ajustable
Físico
Dimensiones Molly Beam: 37 x 28 x 27 cm
Dimensiones case: 67 x 63 x 56,5 cm
Peso: 5.3 kg",in stock,new,3149998.00 ARS,https://tecnoshow.vercel.app/#MLA1647963781,https://http2.mlstatic.com/D_NQ_NP_2X_768978-MLA95969502530_102025-F.jpg,"https://http2.mlstatic.com/D_NQ_NP_2X_802684-MLA88954036272_082025-F.jpg,https://http2.mlstatic.com/D_NQ_NP_2X_865982-MLA88953562964_082025-F.jpg,https://http2.mlstatic.com/D_NQ_NP_2X_992311-MLA88953523400_082025-F.jpg",Tecshow,Iluminación
MLA2964418550,Rack Con 20 Nebula 6 Tacho Par Led Tecshow Dmx Rgbwa Uv,"Unidades por pack: 20
• Voltaje: 220V
• Vida útil de 50 h.
• Ángulo de apertura del haz de luz: 25°.
• Potencia de salida: 12 W.
• Con sistema de ventilación.
• Con función strobo.
Nebula 6 es un par de LED para interior que tiene 6
LEDs 6-en-1 de 12W. La unidad viene con tecnología
LED 6-en-1 y modo UV que permite una mezcla RGBWA + UV sin sombras multicolor. Gracias a su liviano y ultra delgado diseño es ideal para aplicaciones arquitecturales. El equipo posee un ángulo de haz de 25°, un dimmer electrónico de 0-100% y un silencioso funcionamiento. Nebula 6 es una excelente herramienta para crear ambientes sofisticados y brinda gran flexibilidad gracias a sus 4 modos de operación
(Manual, DMX, Master/Slave & audiorítmico).
Fuente de luz: 6 LEDs 6-en-1 de 12W
Vida útil promedio: 50,000 horas
Ángulo de haz: 25/40° (opcional)
Flujo lumínico: 1200 lux @ 3m (10 ft.)
Tecnología LED 6-en-1: Mezcla suave RGBWA+UV sin sombras multicolores
Efecto UV optimizado
Dimmer: Rango completo 0-100% general & para todos los colores
Efecto estrobo
4 programas integrados
Canales DMX: 6/9
Modos de operación: Manual, DMX, Master/Slave & audiorítmico
Rango de voltaje de entrada: AC100-240V, 50-60Hz
Consumo de potencia: 165W
Display LED
Conectores DMX: 2 conectores XLR (XLR-3 Entrada y Salida)
Conectores de alimentación (Entrada/Salida)
Dimensiones: 260x260x360 mm. / 10.2x10.2x14.1 in.
Características principales
Marca:Tecshow
Modelo:Nebula RGBUV
Voltaje:220V
Características de venta
Formato de venta:Rack
Unidades por pack:20
Peso y dimensiones
Largo x Ancho x Altura:26 cm x 260 cm x 260 cm
Peso:2 kg
Registros de producto
Organismo de certificación (OCP)
IRAM Instituto Argentino de Normalización y
Certificación
Número de certificado de seguridad eléctrica:85875786869698798709
7
Otros
Colores de la luz:RGBAUV
Tipo de dispositivo:Tacho PAR LED
Modos de control:DMX AUTO CONTROL REMOTO AUDIORITMICO
Cantidad de luces LED:12
Cantidad de canales:10
Vida útil:50 h
Ángulo de apertura del haz de luz:25°
Potencia de salida:12W
Con flash:Sí
Con luz negra:Sí
Con sistema de ventilación:IS
Con función strobo:Si
Con puerto USB:No
Incluye filtro gel:No
Garantía de fábrica: 30 días",in stock,new,3149998.00 ARS,https://tecnoshow.vercel.app/#MLA2964418550,https://http2.mlstatic.com/D_NQ_NP_2X_956811-MLA117913345175_092026-F.jpg,"https://http2.mlstatic.com/D_NQ_NP_2X_855585-MLA107261598674_032026-F.jpg,https://http2.mlstatic.com/D_NQ_NP_2X_605235-MLA80826039137_112024-F.jpg,https://http2.mlstatic.com/D_NQ_NP_2X_673230-MLA80380796851_112024-F.jpg",Tecshow,Iluminación
MLA2596072808,Rack 4 Cabezales Movil Halo 740 Pix Tecshow 7 Leds Rgbw 40w,"Unidades por pack: 4
• Voltaje: 110/220V
• Vida útil de 50000 h.
• Ángulo de apertura del haz de luz: 3°.
• Potencia de salida: 350 W.
Con sistema de ventilación.
• Con función strobo.
DETALLE DEL PRODUCTO:
HALO 740 PIX
Cabezal móvil LED de 350W con zoom electrónico de 3 a 60 grados, mezcla RGBW y control pixel por pixel.
Ideal escenarios.
Halo 740 PIX es un potente cabezal móvil LED de
350W. con zoom electrónico de 3 a 60 grados, ideal tanto para efectos beam intensos como para bañados amplios. Gracias a sus 7 LEDs de 40w. 4 en 1 y control por pixel, permite generar desde haces nítidos y definidos hasta escenas de color uniformes con gran cobertura.
FICHA TÉCNICA:
Fuente y Ópticas:
Fuente de luz: 7 x 40W. RGBW 4 en 1.
Zoom electrónico: 3 a 60 grados.
Vida útil: 50.000 hs.
Efectos y funciones:
Control individual por pixel: sí.
Regulación: 0 - 100% lineal sin parpadeo.
Estrobo: 0 -20 Hz.
Movimiento:
Pan: 540 grados / Tilt: 270 grados.
Resolución de movimiento: 8/16 bit.
Control:
Canales DMX: 17CH/45CH.
Modos de operación: DMX512, Automático, Maestro-
Esclavo, Audio.
Display: LCD.
Físico:
Dimensiones: 215 x 170 x 345 mm.
Peso neto: 6 kg.
Material: Plástico.
Color del cuerpo: Negro.
Conexiones y alimentación:
Entrada de alimentación: Powercon in/out.
Entrada/salida de datos: XLR 3 pines.
Características principales
Marca Tecshow
Modelo HALO 740 PIX
Voltaje 110/220V
Características de venta
Formato de venta Unidad
Peso y dimensiones
Largo x Ancho x Altura
21.5 cm x 17 cm x 34.5 cm
Peso 6 kg
Otros
Colores de la luz RGBW
Tipo de dispositivo Cabezal móvil
Modos de control DMX512, Automático, Maestro-Esclavo, Audio
Cantidad de luces LED 7
Cantidad de canales 45
Vida útil 50.000 h
Ángulo de apertura del haz de luz 3°
Garantía de fábrica: 30 días",in stock,new,2939998.00 ARS,https://tecnoshow.vercel.app/#MLA2596072808,https://http2.mlstatic.com/D_NQ_NP_2X_662297-MLA117912494689_092026-F.jpg,"https://http2.mlstatic.com/D_NQ_NP_2X_718341-MLA98913808868_112025-F.jpg,https://http2.mlstatic.com/D_NQ_NP_2X_960958-MLA98913908050_112025-F.jpg,https://http2.mlstatic.com/D_NQ_NP_2X_962037-MLA98913868330_112025-F.jpg",Tecshow,Iluminación
MLA1447181402,Cabezal Movil Marca Pr Pilot 575 Lampara Hmi 575 Con Rack.,"El cabezal móvil Pr Pilot 575 es una herramienta esencial para profesionales del entretenimiento y la iluminación. Con su potente lámpara HMI de 575W, ofrece una calidad de luz excepcional, ideal para eventos en vivo, producciones teatrales y grabaciones cinematográficas. Su diseño versátil permite una fácil integración con cualquier sistema de iluminación, garantizando un rendimiento óptimo en diversas aplicaciones.
Este cabezal está diseñado para funcionar con una alimentación de 220 Volt, asegurando una operación eficiente y confiable. Su construcción robusta y duradera lo convierte en una opción ideal para quienes buscan un equipo que resista el uso intensivo en entornos profesionales. Además, su compatibilidad con todas las marcas de controladores de iluminación lo hace aún más atractivo para los técnicos de iluminación.
El Pr Pilot 575 no incluye pilas, lo que permite una conexión directa a la red eléctrica, eliminando la preocupación por la duración de la batería durante eventos prolongados. Su capacidad de movimiento y ajuste preciso permite crear efectos de iluminación dinámicos y personalizados, elevando la experiencia visual de cualquier producción.
Con el cabezal móvil Pr Pilot 575, los profesionales de la iluminación pueden llevar su creatividad al siguiente nivel, ofreciendo espectáculos visuales impactantes y memorables. Este producto es una inversión en calidad y rendimiento, ideal para quienes buscan destacar en el mundo del entretenimiento.
Garantía de fábrica: 30 días",in stock,new,2099998.00 ARS,https://tecnoshow.vercel.app/#MLA1447181402,https://http2.mlstatic.com/D_NQ_NP_2X_620113-MLA117912464285_092026-F.jpg,"https://http2.mlstatic.com/D_NQ_NP_2X_654696-MLA70396829434_072023-F.jpg,https://http2.mlstatic.com/D_NQ_NP_2X_671615-MLA109169421936_042026-F.jpg",TecnoShow,Iluminación
MLA2016962360,Polaris Gbr Barra Movil 8 Laser 500mw Rgb Dimmer Flash Dmx,"Barra Laser Polaris LED. GBR
Caracteristicas:
8 Laser RGB 3 EN 1 de 500mw
DMX-512 CANALES 10/31 CANALES
Dimmer: Strobo/flasheo
Largo: 101 cm
Ancho: 33 cm
Profundidad : 46 cm
Peso: 6 kg
Cantidad de canales: 22",in stock,new,1994998.00 ARS,https://tecnoshow.vercel.app/#MLA2016962360,https://http2.mlstatic.com/D_NQ_NP_2X_769914-MLA117913227417_092026-F.jpg,"https://http2.mlstatic.com/D_NQ_NP_2X_673007-MLA82241955960_022025-F.jpg,https://http2.mlstatic.com/D_NQ_NP_2X_745462-MLA82525213821_022025-F.jpg,https://http2.mlstatic.com/D_NQ_NP_2X_960152-MLA82526693209_022025-F.jpg",Gbr,Iluminación
MLA764538945,Cabezal Móvil Led American Pro Neo-150 Lampara Descarga 150,"Características
Marca:AMERICAN PRO
Modelo:PRO NEO 150",in stock,new,1978294.00 ARS,https://tecnoshow.vercel.app/#MLA764538945,https://http2.mlstatic.com/D_NQ_NP_2X_983749-MLA31604672282_072019-F.jpg,"https://http2.mlstatic.com/D_NQ_NP_2X_22116-MLA20224117683_012015-F.jpg,https://http2.mlstatic.com/D_NQ_NP_2X_754272-MLA31604671804_072019-F.jpg,https://http2.mlstatic.com/D_NQ_NP_2X_860159-MLA115692887254_092026-F.jpg",American Pro,Iluminación
MLA764538930,Cleo 108 American Pro Bañador De 108 Led,"Características
Marca:AMERICAN PRO
Modelo:CLEO 108",in stock,new,1905748.00 ARS,https://tecnoshow.vercel.app/#MLA764538930,https://http2.mlstatic.com/D_NQ_NP_2X_720147-MLA117913227767_092026-F.jpg,"https://http2.mlstatic.com/D_NQ_NP_2X_741526-MLA82290684851_022025-F.jpg,https://http2.mlstatic.com/D_NQ_NP_2X_765188-MLA82290635535_022025-F.jpg,https://http2.mlstatic.com/D_NQ_NP_2X_763285-MLA82290635597_022025-F.jpg",American Pro,Iluminación
MLA1740943885,Barra Láser Gbr 500mw Movimiento Rgb Dmx Audio,"INCREIBLE BARRA LASER SUPER POTENTE
*INCREIBLE BARRA MOVIL
*RGB 500 X 6
*Movimiento Y: 0-140 GRADOS
*Movimiento Z: 0-140 GRADOS
*DMX-512 CANALES 14/22
*Modo auto/sound/dmx
*Strobo/flasheo
*Peso 24 Kg
*Dimensiones 101*46*33 cm
Esta barra láser profesional de la marca GBR ofrece una potencia nominal de 500 W, garantizando un rendimiento excepcional en cualquier evento. Su diseño metálico asegura durabilidad y resistencia, mientras que su capacidad de movimiento en los ejes Y y Z permite crear espectáculos visuales dinámicos y envolventes. Con 22 canales DMX, es ideal para integrarse en sistemas de iluminación complejos. Además, cuenta con un sistema de ventilación que asegura un funcionamiento óptimo. Su versatilidad se complementa con modos de operación automáticos, de sonido y DMX, permitiendo adaptarse a diferentes ambientes y necesidades.",in stock,new,1889998.00 ARS,https://tecnoshow.vercel.app/#MLA1740943885,https://http2.mlstatic.com/D_NQ_NP_2X_889866-MLA106045869406_022026-F.jpg,"https://http2.mlstatic.com/D_NQ_NP_2X_951170-MLA106045839618_022026-F.jpg,https://http2.mlstatic.com/D_NQ_NP_2X_747250-MLA106046811916_022026-F.jpg,https://http2.mlstatic.com/D_NQ_NP_2X_833512-MLA106046371282_022026-F.jpg",Gbr,Iluminación
MLA764538944,City Color Studio Due Usado Efecto Bañador,"City Color Studio Due Usado Efecto Bañador
El CityColor más famoso y apreciado en todo el mundo, se produce completamente en Italia. CityColor 2500 es una lámpara de lavado muy potente con una tasa de IP54.
Gracias a un sistema óptico extremadamente eficiente, un potente haz de luz puede crear innumerables tonalidades de color a través de los tres filtros que pueden aprovechar al máximo cualquier objeto iluminado.
Sus actuaciones, en términos de luminosidad y superficies iluminadas, pueden alcanzar niveles increíbles. CityColor puede funcionar en modo automático o en modo sincronizado; de lo contrario, puede controlarse con controladores DMX de 8 bits.
Ideal para iluminar grandes superficies exteriores e interiores: teatros, discotecas, parques, centros urbanos, castillos, instalaciones deportivas, etc.
Se obtiene una gran ayuda de la opción especial en el menú que muestra la vida útil de la lámpara, al permitir el reemplazo de la bombilla en el momento correcto (después de aproximadamente 2500 h), y también por el mostrador, muy útil especialmente para los servicios, para verificar las horas que el accesorio ha estado trabajando.
• FUENTE MSA / DE 2500W
Duración de la lámpara 2.000 horas
Temperatura de color 6.000 K
Flujo luminoso 260,000 lm
• SISTEMA DE COLOR ÓPTICO
Mezcla de color CYM completa, variedad ilimitada de colores y sombras.
Motores paso a paso de alta resolución
El cambiador de color puede ser manejado con 4 velocidades diferentes o en tiempo real
Obturador + dimmer
• ÁNGULO DE LA VIGA (50% de intensidad)
50 ° x52 °
• ROTACIÓN DE LA CABEZA
Hasta 260 °
• ENTRADA DE CONTROL
Interfaz estándar: RS-485; entrada optoacoplada
Protocolo: USITT DMX 512
Actualización de software de la línea DMX
• CONFIGURACIÓN Y CONFIGURACIÓN
Menús dinámicos para la personalización de todas las funciones del dispositivo
• MODO AUTOMÁTICO
Control autónomo: función automática modo maestro / esclavo (modo sincronizado) con preajuste interno
• TARIFA IP 54
• FUENTE DE ALIMENTACIÓN (lastre magnético)
Tensión nominal: 230V ~ / 50Hz
Bajo pedido:
200 V ~ / 50 Hz; 208 V ~ / 60Hz; 230 V ~ / 60Hz; 240V ~ / 50Hz
Corriente clasificada: 14A @ 230V
Potencia nominal: 2700W
• CORRECTOR DE FACTOR DE POTENCIA: cos incorporado 0.9
• CONTROL ELECTRÓNICO DEL VENTILADOR para reducir el ruido
• FUNCIÓN DE ESPERA para apagar todos los circuitos de potencia
• CANALES DMX: 7 canales
• FÍSICO : AnxAxP: 780x560x740 mm
Peso: 69 kg.",in stock,new,1750926.00 ARS,https://tecnoshow.vercel.app/#MLA764538944,https://http2.mlstatic.com/D_NQ_NP_2X_839425-MLA116412568158_092026-F.jpg,"https://http2.mlstatic.com/D_NQ_NP_2X_13954-MLA20082324113_042014-F.jpg,https://http2.mlstatic.com/D_NQ_NP_2X_988573-MLA31604672405_072019-F.jpg,https://http2.mlstatic.com/D_NQ_NP_2X_855151-MLA27524913784_062018-F.jpg",Studio Due,Iluminación
MLA1535069681,Cabezal Movil Gbr 5w Laser Pro Full Color Grafico Animados,"DETALLE DEL PRODUCTO:
LASER PROFESIONAL FULL COLOR DE 5W.
MODELO PLATINUM 250 PRO GBR
*Alta potencia FULL COLOR 5W
*Graficos animados
*ARO LED 30 LED 5050
*DMX512 22 CANALES
*Modo Master/ esclavo, sound
*Strobo:0-10/S, Ajustable
*Dimmer:0%~100%
Garantía de fábrica: 30 días",in stock,new,1627498.00 ARS,https://tecnoshow.vercel.app/#MLA1535069681,https://http2.mlstatic.com/D_NQ_NP_2X_818566-MLA116412568002_092026-F.jpg,"https://http2.mlstatic.com/D_NQ_NP_2X_969356-MLA92598759403_092025-F.jpg,https://http2.mlstatic.com/D_NQ_NP_2X_696946-MLA92192033560_092025-F.jpg,https://http2.mlstatic.com/D_NQ_NP_2X_637696-MLA92598789243_092025-F.jpg",Gbr,Iluminación
MLA616935070,Pls Wall Wash 723 Led Usado Bañador De Exteriores Ip 65,"Pls Wall Wash, 723 - 72 Led, 3w, Rgb, Dmx 512, Ip65_24
PRODUCTO REBAJADO POR SER USADO EN DEMOSTRACION PARA SU VENTA",in stock,new,1574998.00 ARS,https://tecnoshow.vercel.app/#MLA616935070,https://http2.mlstatic.com/D_NQ_NP_2X_703465-MLA116412481338_092026-F.jpg,"https://http2.mlstatic.com/D_NQ_NP_2X_688897-MLA41593403309_042020-F.jpg,https://http2.mlstatic.com/D_NQ_NP_2X_807461-MLA27521867186_062018-F.jpg",Pls,Iluminación
MLA1453321302,Cabezal Movil Wash Acme Led-mb400r Wonder Ray 24 Led 10w Dmx,"Cabezal Movil Wash Acme Led-mb400r Wonder Ray 24x10w Dmx.
Potencia de salida: 10 W
Tipo de dispositivo: Cabezal móvil
Cantidad de luces LED: 24
Modos de control: DMX
Con flash: No
Con luz negra: No -cuatro sectores LED independientes
-perfecta mezcla de colores RGBW
-zoom lineal 3,5 ° - 52 °
-temperatura de color ajustable 2700K - 8000K
-funcionamiento silencioso
-'FPR' - sistema de rotación de bandeja libre (patente DTS)
-22.000 lux a 5 m
-ligero",in stock,new,1559286.00 ARS,https://tecnoshow.vercel.app/#MLA1453321302,https://http2.mlstatic.com/D_NQ_NP_2X_624334-MLA116412568240_092026-F.jpg,"https://http2.mlstatic.com/D_NQ_NP_2X_786284-MLA70585495961_072023-F.jpg,https://http2.mlstatic.com/D_NQ_NP_2X_617445-MLA70557957426_072023-F.jpg",Led,Iluminación
MLA764538932,Martin Roboscan Pro 218 Dmx Y Protocolo Martin,"Descripción del vendedor
Martin Pro 218 MKII
Roboscan DMX Nuevo
Este escáner compacto de 200W es una chispa de energía y dinámica con una plantilla de 14 gobos fijos, 3 gobos de iris especiales y una gran cantidad de colores que crean efectos espectaculares.
Caracteristicas
• 15 filtros de color
• 17 gobos fijos
• Lámpara de descarga de 200W
• 3 gobos de iris
• Dmx o modo independiente o Sound o Master y Slave (Maestro y Esclavo)
• Atenuación de rango completo, impulsada por microstep
• Disparador mecánico y obturador separados
• Dos filtros de 4 colores",in stock,new,1499999.00 ARS,https://tecnoshow.vercel.app/#MLA764538932,https://http2.mlstatic.com/D_NQ_NP_2X_966052-MLA116412367056_092026-F.jpg,"https://http2.mlstatic.com/D_NQ_NP_2X_5168-MLA4206417714_042013-F.jpg,https://http2.mlstatic.com/D_NQ_NP_2X_5182-MLA4206417760_042013-F.jpg,https://http2.mlstatic.com/D_NQ_NP_2X_979811-MLA49532266308_032022-F.jpg",Martin,Iluminación
MLA1977412473,Led Par 300 Gbr Anvil Con 10 Proton 180 Watt Rgbw Aro Led,"Spot compacto EXCELENTE POTENCIA PRECIO
COMBO 10 SPOT GBR LED PAR 300 DMX
*SPOT COMPACTO RGBW
*18 LED X 10W
* ALTA POTENICA*FAN
*Programable DMX512 4/8 ch
*Colores: RGB /*Dimmer / Flash
*Modo Auto / Audio*Display Digital
*Master / Esclavo *Angulo 45
*Dim:23*11*24 cm
*Peso 1,5 kg",in stock,new,1399999.00 ARS,https://tecnoshow.vercel.app/#MLA1977412473,https://http2.mlstatic.com/D_NQ_NP_2X_993140-MLA114597758274_082026-F.jpg,"https://http2.mlstatic.com/D_NQ_NP_2X_756890-MLA115958661349_082026-F.jpg,https://http2.mlstatic.com/D_NQ_NP_2X_893145-MLA115958809281_082026-F.jpg,https://http2.mlstatic.com/D_NQ_NP_2X_922863-MLA114599122240_082026-F.jpg",Gbr,Iluminación
MLA740521644,Bañador Color Chromawash 150 American Pro  De Exhibicion,American Pro Chromawash 150 Bañador Color Cmy S/lamp Cdm-150,in stock,new,1270498.00 ARS,https://tecnoshow.vercel.app/#MLA740521644,https://http2.mlstatic.com/D_NQ_NP_2X_786187-MLA116412481036_092026-F.jpg,"https://http2.mlstatic.com/D_NQ_NP_2X_942401-MLA20323612718_062015-F.jpg,https://http2.mlstatic.com/D_NQ_NP_2X_570401-MLA20323612270_062015-F.jpg,https://http2.mlstatic.com/D_NQ_NP_2X_874301-MLA20323611912_062015-F.jpg",American Pro,Iluminación
MLA1376332165,Mega Flash Acme Led St5000 297 Led De 3w Dmx,"Mega Flash Acme Led St5000 297 Led De 3w Dmx
Mega Strober Acme LED-ST5000 RGB 297x3w:
Strober para uso profesional ACME LED-ST5000 ideal para conciertos, eventos grandes y escenarios, este strober tiene la capacidad de genera efectos estroboscopicos de alta luminosidad en color blanco.
Gran capacidad de atenuación de 0 a 100% en un angulo de 80° controlado por protocolo DMX.
Especificaciones Mega Strober Acme:
-Fuente de luz: 297pcs LED
-Ángulo de haz: 80°
Controles:
-Canal DMX: canales 1/2/3/4/6/7
-Modo de control: DMX512
-Actualización de firmware: Actualización vía enlace DMX
Construcción:
-Pantalla: Pantalla LED
-Entrada / salida de datos: XLR de 3 y 5 pines
-Entrada / salida de energía: entrada / salida PowerCon
-Clasificación de protección: IP20
Características:
-Efectos estroboscópicos excepcionales y potentes
-0 ~ 100% atenuación suave
Eléctrico y Físico:
-Voltaje de la energía: AC 100 ~ 240V, 50 / 60Hz
-Consumo de energía: 1000W
-Dimensiones: 486x147x289mm
-Peso: 8Kg",in stock,new,1268219.00 ARS,https://tecnoshow.vercel.app/#MLA1376332165,https://http2.mlstatic.com/D_NQ_NP_2X_691781-MLA117912494609_092026-F.jpg,https://http2.mlstatic.com/D_NQ_NP_2X_823673-MLA70363048458_072023-F.jpg,Led,Iluminación
MLA1799178811,Tecshow Halo 7r Cabeza Móvil Beam,Tecshow Halo 7r Cabeza Móvil Beam,in stock,new,1259998.00 ARS,https://tecnoshow.vercel.app/#MLA1799178811,https://http2.mlstatic.com/D_NQ_NP_2X_647333-MLA110704064913_042026-F.jpg,https://http2.mlstatic.com/D_NQ_NP_2X_688201-MLA109811089058_042026-F.jpg,Tecshow,Iluminación
MLA3189973010,Rack X10 Tacho Par Led Nebula Quad 14 Con 14 Led 6 Watt Rgbw,"RACK con 10 NEBULA QUAD 14
Bañador LED compacto - 14 LEDs 4-en-1 de 6W
14 LEDs 4-en-1 RGBW de 6W
Ángulo de haz: 25°
Diseño delgado""
Nebula Quad 14 es un bañador LED liviano y compacto que incorpora 14 LEDs 4-en-1 de 6W. Ideal para cobertura de espacios o creación de efectos, Nebula
Quad 14 posee tecnología LED de cuatro colores que permite una mezcla RGBW suave sin sombras multicolores.
FICHA TÉCNICA:
NEBULA QUAD 14
FUENTE & ÓPTICA
FUENTE DE LUZ: 14 x 4-in-1 6W LEDS
VIDA ÚTIL: 50,000 horas
ÁNGULO DE HAZ: 25°
EFECTOS & FUNCIONES
DIMMER:
Rango completo 0-100% general & para todos los colores Efecto estrobo Programas integrados
TECNOLOGÍA LED 4-EN-1: Mezcla suave RGBW sin sombras multicolores
CONTROL CANALES DMX: 4/8
MODOS DE OPERACIÓN: Auto, audioritmico, DMX, Master/Slave
FÍSICO
DIMENSIONES: 180x80x155 mm.
PESO: 0.90 Kg.
Voltaje: 220V
Con sistema de ventilación.
Garantía del vendedor: 6 meses
Características principales
Marca TECSHOW
Modelo: NEBULA QUAD 14
Voltaje: 220V
Tipo de dispositivo
Bañador
Modos de control:DMX, Audio
Cantidad de luces LED:14
Con flash:Sí
Con luz negra:No
Con sistema de ventilación:Sí
Garantía de fábrica: 30 días",in stock,new,1259998.00 ARS,https://tecnoshow.vercel.app/#MLA3189973010,https://http2.mlstatic.com/D_NQ_NP_2X_986396-MLA117912966495_092026-F.jpg,"https://http2.mlstatic.com/D_NQ_NP_2X_922188-MLA83964926610_052025-F.jpg,https://http2.mlstatic.com/D_NQ_NP_2X_983356-MLA84260026105_052025-F.jpg,https://http2.mlstatic.com/D_NQ_NP_2X_828045-MLA83964926606_052025-F.jpg",Tecshow,Iluminación
MLA1456037810,Cabezal Movil Wash Acme Led-mb400r Wonder Ray 24 Led 10w Dmx,"Cabezal Movil Wash Acme Led-mb400r Wonder Ray 24 Led 10w Dmx.
Potencia de salida: 10 W
Tipo de dispositivo: Cabezal móvil
Cantidad de luces LED: 24
Modos de control: DMX
Con flash: No
Con luz negra: No -cuatro sectores LED independientes
-perfecta mezcla de colores RGBW
-zoom lineal 3,5 ° - 52 °
-temperatura de color ajustable 2700K - 8000K
-funcionamiento silencioso
-'FPR' - sistema de rotación de bandeja libre (patente DTS)
-22.000 lux a 5 m
-ligero",in stock,new,1185120.00 ARS,https://tecnoshow.vercel.app/#MLA1456037810,https://http2.mlstatic.com/D_NQ_NP_2X_946198-MLA117913257285_092026-F.jpg,"https://http2.mlstatic.com/D_NQ_NP_2X_795832-MLA70619231028_072023-F.jpg,https://http2.mlstatic.com/D_NQ_NP_2X_651402-MLA70647689861_072023-F.jpg",Led,Iluminación
MLA1371716202,Cabezal Beamer 7r Marca Gbr Platinum 250 Con Lampara 7r Dmx,"Cabezal Beamer GBR PLATINUN 250 lampara 7r
BEAM LAMP YODN 7R INCLUIDA
*16 canales DMX-512
*TEMP 8500K
*Rueda de colores y figuras
*17 gobos
*15 Colores
*Prisma rotativo, dimer
*foco motorizado
*flash con velocidad
*Paneo: 540
*Inclinación (tilt): 270
*Control de encendido de lamp DMX
*Reseteo DMX*Display Digital Multi función",in stock,new,1154998.00 ARS,https://tecnoshow.vercel.app/#MLA1371716202,https://http2.mlstatic.com/D_NQ_NP_2X_698692-MLA117912498827_092026-F.jpg,"https://http2.mlstatic.com/D_NQ_NP_2X_767872-MLA54361042600_032023-F.jpg,https://http2.mlstatic.com/D_NQ_NP_2X_646591-MLA54362362952_032023-F.jpg,https://http2.mlstatic.com/D_NQ_NP_2X_928288-MLA54360807258_032023-F.jpg",TecnoShow,Iluminación
MLA764540685,Cabezal Movil Pls 200 Beam Luz Dmx Con Lampara 7r,"Características
Marca: PLS
Modelo :BEAM 200
Modos de control :DMX
Lampara: 7r
Voltage: AC90-260V 50/60Hz
Consumo de energía: 270 W
1 rueda de gobo estático con 17 gobos más abierto
1 prisma giratorio de 8 facetas con velocidad ajustable y dirección variable
Dimmer: sistema de atenuación mecánica de doble bandera
Preset estroboscópico variable / aleatorio y efectos de atenuación
Enfoque: enfoque motorizado de cerca a lejos
Frost: filtro de escarcha disponible (efecto híbrido para lavado)
Ángulo de haz: 3.8 °
Movimiento de la cabeza: movimiento panorámico de 540 ° e inclinación de 270 °
Control: DMX512, maestro-esclavo y operación controlable o automática activada por sonido
Canales: 16/20 canales DMX USITT DMX-512
Pantalla LCD TFT de 2.4 "", sistema inalámbrico (opcional)
Carcasa: plástico de ingeniería de alta temperatura, IP20
Sistema de enfriamiento del ventilador
Peso neto: 16.04kg
Garantía de fábrica: 6 meses",in stock,new,1154998.00 ARS,https://tecnoshow.vercel.app/#MLA764540685,https://http2.mlstatic.com/D_NQ_NP_2X_898834-MLA116412481236_092026-F.jpg,"https://http2.mlstatic.com/D_NQ_NP_2X_666179-MLA32901489404_112019-F.jpg,https://http2.mlstatic.com/D_NQ_NP_2X_907217-MLA32901493668_112019-F.jpg,https://http2.mlstatic.com/D_NQ_NP_2X_602991-MLA32901493679_112019-F.jpg",Pls,Iluminación
MLA2391243096,Laser 5w Rgb Full Color Dmx Ilda Grafico Mdpro,"Laser 3 Watt GBR Full Color Dmx Ilda Grafico Grafica Escribe
Laser Full Color RGB
Potencia real 3W con sistema ILDA, DMX,
Sonido, Automático.
Scanner de 20kpps ideal para dibujos y textos
Panel de control trasero luminoso para cambio de patrones, dibujos, modos...
Muy poderoso, con colores brillantes puede notarse su potencia con verlo facilmente , posee un gran angulo de apertura. Su excelente scanner de alta velocidad permite dibujar textos, y dibujos. Podes usar controlador Pangolin, iShow, Helios Laser DAC, etc
Excelente para discotecas, bares grandes, salones de fiestas, etc
Esta potencia se recomienda en espacios grandes.
Con una potencia de 3W este láser ofrece una iluminación intensa y vibrante en la amplia gama de colores, y puede notarse la combinación a blanco. Mira el video y vas a ver la amplia gama de colores que combina a la perfección.
Fácil de transportar, incluye su cable Powercom para la corriente eléctrica a la pared a 220volt.
Fabricado con chasis de metal, asegurando su durabilidad y calidad en cada presentación.
Además, cuenta con sistema de ventilación doble, resistiendo altas temperaturas.
Todos nuestros laser son probados para asegurar su eficaz funcionamiento.
Con su función ILDA, DMX, podrás controlar y programar los efectos de luz de manera precisa y profesional. También pose modo Audiorítmico y Automático.
Sorprende en tus eventos u ofrecelo como un adicional a tus clientes.
Quedaran satisfecho ya que su luminosidad es muy notable y el efecto tunel sirve para distintos usos.
También traemos mas potencias y modelos a pedido.
Los despachos se realizan en el día a la brevedad para que te llegue lo mas rápido posible.
Garantía de fábrica: 30 días",in stock,new,1049998.00 ARS,https://tecnoshow.vercel.app/#MLA2391243096,https://http2.mlstatic.com/D_NQ_NP_2X_610118-MLA92820425686_092025-F.jpg,"https://http2.mlstatic.com/D_NQ_NP_2X_955436-MLA93232774355_092025-F.jpg,https://http2.mlstatic.com/D_NQ_NP_2X_624920-MLA93233259385_092025-F.jpg,https://http2.mlstatic.com/D_NQ_NP_2X_766728-MLA93232953835_092025-F.jpg",Gbr,Iluminación
MLA3322905198,Martin Roboscan 812 Pro 150w Efecto Led Dmx,"Lámpara de descarga de 150 vatios
11 colores dicroicos más blanco
11 gobos más abierto y apagado
Movimiento de paneo de 175°
Movimiento de inclinación de 83°
Control de velocidad variable en todas las funciones
Efectos de color y gobo separados
Estroboscopio variable hasta 7 Hz
Encendido/apagado remoto de la lámpara (con controladores con protocolo Martin)
Ópticas de precisión con recubrimiento
Enfoque ajustable
Controlable mediante controladores Martin y DMX-512
Operación independiente preprogramada
Activación por música usando micrófono incorporado
Corrección del factor de potencia para bajo consumo de corriente
Enfriamiento eficiente con ventilador
Protección contra sobrecalentamiento
Garantía de fábrica: 30 días",in stock,new,1049998.00 ARS,https://tecnoshow.vercel.app/#MLA3322905198,https://http2.mlstatic.com/D_NQ_NP_2X_600242-MLA116412568144_092026-F.jpg,"https://http2.mlstatic.com/D_NQ_NP_2X_854905-MLA110744421242_052026-F.jpg,https://http2.mlstatic.com/D_NQ_NP_2X_825305-MLA110744660380_052026-F.jpg,https://http2.mlstatic.com/D_NQ_NP_2X_775940-MLA110744510892_052026-F.jpg",Martin,Iluminación
MLA764539665,Bañador Design 150 Pr-1150 Usado,"El Design 150 es un proyector innovador, compacto, silencioso, con cambio de color, capaz de rendimientos extraordinarios en términos de mezcla de colores, fiabilidad y versatilidad. El proyector puede ser utilizado en innumerables entornos y para las más diversas aplicaciones. El producto cumple con las normas y estándares CE y utiliza el protocolo internacional DMX 512. El Design 150 puede ser usado como unidad independiente o conectado a un controlador. El Design 150 es particularmente adecuado para estudios de televisión y teatros, iluminación de escenarios, luces de proyección, fondos, dentro o fuera de tiendas y centros comerciales, deportes y otras aplicaciones culturales, y más. El Design 150 cuenta con 3 tipos de filtros de color para la mezcla de colores CYM y 2 láminas para obturador/abertura. Se puede configurar fácilmente con los interruptores táctiles y una pantalla digital.
CON GARANTIA LIMITADA DE TECNOSHOW ARGENTINA DE 1 MES A PARTIR DE LA FECHA DE VENTA , SEGUN TERMINOS Y CONDICIONES PRECIO SUPER REBAJADO DEL PRODUCTO HASTA AGOTAR STOCK DE 1 UNIDAD",in stock,new,1020790.00 ARS,https://tecnoshow.vercel.app/#MLA764539665,https://http2.mlstatic.com/D_NQ_NP_2X_933002-MLA117913169679_092026-F.jpg,"https://http2.mlstatic.com/D_NQ_NP_2X_707137-MLA111996682807_052026-F.jpg,https://http2.mlstatic.com/D_NQ_NP_2X_934561-MLA111022678428_052026-F.jpg",Pr,Iluminación
MLA3164492660,Laser 3w Rgb Tornado Full Color Dmx Ilda Grafico Mdpro,"Laser 5w Rgb Full Color Dmx Ilda Grafico Mdpro
Laser Full Color RGB
Potencia real 5W con sistema ILDA, DMX,
Sonido, Automático.
Scanner de 20kpps ideal para dibujos y textos
Panel de control trasero luminoso para cambio de patrones, dibujos, modos...
Muy poderoso, con colores brillantes puede notarse su potencia con verlo facilmente, posee un gran angulo de apertura. Su excelente scanner de alta velocidad permite dibujar textos, y dibujos. Podes usar controlador Pangolin, iShow, Helios Laser DAC, etc
Excelente para discotecas, bares grandes, salones de fiestas, etc
Esta potencia se recomienda en espacios grandes.
Con una potencia de 5W este láser ofrece una iluminación intensa y vibrante en la amplia gama de colores, y puede notarse la combinación a blanco. Mira el video y vasa ver la amplia gama de colores que combir la perfección.
Fácil de transportar, incluye su cable powercon para la corriente eléctrica a la pared a 220volt.
Fabricado con chasis de metal, asegurando su durabilidad y calidad en cada presentación.
Además, cuenta con sistema de ventilación doble, resistiendo altas temperaturas.
Todos nuestros lasers son probados para asegurar su eficáz funcionamiento.
Con su función ILDA, DMX, podrás controlar y programar los efectos de luz de manera precisa y profesional. También pose modo Audiorítmico y Automático.
Sorprende en tus eventos u ofrecelo como un adicional a tus clientes.
Quedaran satisfecho ya que su luminosidad es muy notable y el efecto tunel sirve para distintos usOs.
También traemos mas potencias y modelos a pedido.
Los despachos se realizan en el día a la brevedad para que te llegue lo mas rápido posible.
Garantía de fábrica: 30 días",in stock,new,999999.00 ARS,https://tecnoshow.vercel.app/#MLA3164492660,https://http2.mlstatic.com/D_NQ_NP_2X_869287-MLA116376916327_082026-F.jpg,"https://http2.mlstatic.com/D_NQ_NP_2X_905516-MLA116376896511_082026-F.jpg,https://http2.mlstatic.com/D_NQ_NP_2X_656093-MLA116376215523_082026-F.jpg,https://http2.mlstatic.com/D_NQ_NP_2X_731329-MLA116376896509_082026-F.jpg",Gbr,Iluminación
MLA1703766244,Halo 100 Spot Cabezal Movil Led Gobos Dmx Prisma Dj Tecshow,"Halo 100 Spot
DESCRIPCION DEL PRODUCTO
Cabezal móvil spot - 1 LED blanco de 100W
Halo 100 Spot es un cabezal móvil tipo spot que cuenta con un LED blanco de 100W. La unidad tiene un ángulo de haz de 15º y posee, además, foco motorizado, prisma de 3 caras, dimmer de rango completo y un estrobo de 0-30Hz. Halo 100 Spot cuenta con una rueda de color con 7 filtros dicroicos + abierto con efecto arcoíris bidireccional y otra rueda con 6 gobos rotativos. Ideal para aplicaciones móviles de pequeña y mediana escala, el cabezal se destaca por su compacto y liviano diseño.
FICHA
TECNICA
Fuente & Óptica
Fuente de luz: 1 LED blanco de 100W
Vida útil promedio: 50.000 horas
Ángulo de haz: 15º
Efectos y Funciones
Rueda de color: 7 filtros dicroicos + abierto, con efecto arcoiris bidireccional
Rueda de gobos rotativos: 6 gobos bidireccionales e indexables + abierto
Gobo Shaking
Prisma rotativo de 3 caras
Foco motorizado
Dimmer: Rango completo 0-100%
Efecto estrobo
Sistema RDM de avanzada
Control
Canales DMX:14
Modos de operación: DMX, Master/Slave, Automático y audiorítmico
Movimiento
Pan: 540°
Tilt: 210°
16-bit de resolución
Reposicionamiento automático
Físico
Conectores DMX: 2 conectores XLR (XLR-3 de entrada & salida)
Conectores de alimentación: Interlock de Entrada
Display OLED
Dimensiones: 280x215x370 mm. / 11x8.5x14.5 pulg.
Peso: 5.9 Kg. / 13 Lbs.",in stock,new,944998.00 ARS,https://tecnoshow.vercel.app/#MLA1703766244,https://http2.mlstatic.com/D_NQ_NP_2X_968677-MLA117913257195_092026-F.jpg,"https://http2.mlstatic.com/D_NQ_NP_2X_680885-MLA75131648537_032024-F.jpg,https://http2.mlstatic.com/D_NQ_NP_2X_859115-MLA74990994998_032024-F.jpg,https://http2.mlstatic.com/D_NQ_NP_2X_889307-MLA74990984980_032024-F.jpg",Tecshow,Iluminación
MLA764538950,Cabezal Movil Pr Xled 250 Spot De Led Spot Pr 8111,"PR XLED SPOT 250 PR8111
Fuente de luz Cabezal: Luminus 50w cbt-90-w Sistema LedObtics -
Ángulo de la lente:Sistema de color 20 °
Temperatura de color: 6500K -
Rueda de color: 8 colores + blanco Sistema de Golos: 1 fijo - Rueda Gobo: 11 gobo + 1 blanco
Efecto: Dimmer 0 -100% ajustable linealmente estroboscopio: troba electrónica, 0.3-20 FPS
Control y programación: control DMX 512, interfaces de 5 pines, modo maestro / esclavo, modo independiente, modo incorporado, canales: modo corto 7, modo de stand-up: 11
Head Movimiento: Pan 540 °, Inclinación 190 °, Pan Tilt swap y función de inversión
Posición automática
Corrección y posicionamiento del sensor magnético
Características físicas: Carcasa: Ingeniería de alta temperatura de plástico.",in stock,new,944998.00 ARS,https://tecnoshow.vercel.app/#MLA764538950,https://http2.mlstatic.com/D_NQ_NP_2X_777178-MLA116412481024_092026-F.jpg,"https://http2.mlstatic.com/D_NQ_NP_2X_761785-MLA31604671266_072019-F.jpg,https://http2.mlstatic.com/D_NQ_NP_2X_810195-MLA31604672096_072019-F.jpg,https://http2.mlstatic.com/D_NQ_NP_2X_786305-MLA27503918726_062018-F.jpg",Pr,Iluminación
MLA3810498494,Laser Tornado 3w Rgb Fullcolor Animacion Con App Dmx Grafico,"LÁSER GBR RGB 3W CON APP – DIBUJÁ, ESCRIBÍ Y PROYECTÁ DESDE TU CELULAR
¡Llevá tus shows y eventos a otro nivel!
Este potente **LÁSER RGB GBR de 3W** permite generar increíbles efectos multicolor, gráficos animados y, lo más destacado, **crear y proyectar tus propios dibujos y textos directamente desde el teléfono mediante su APP**.
**¿QUÉ PODÉS HACER?**
Desde tu celular podés controlar el láser y crear tus propios contenidos:
Dibujar figuras y formas
Escribir textos y palabras
Crear gráficos y diseños
Trabajar con diferentes colores
Generar efectos y animaciones
Controlar el equipo cómodamente desde el teléfono
Ideal para personalizar tus shows, eventos, fiestas y presentaciones con contenido creado por vos.
## CARACTERÍSTICAS
* **Marca: GBR**
* **Potencia: 3 W**
* **Láser Tornado RGB multicolor**
* Control mediante **APP desde teléfono celular**
* Creación y proyección de **textos**
* Creación y proyección de **dibujos y gráficos**
* **Gráficos animados**
* Efectos multicolor
* Modos automáticos
* Modo audiorítmico
* Control mediante **DMX**
* Construcción metálica profesional
* Soporte regulable para montaje
* Ideal para uso profesional y entretenimiento
## IDEAL PARA
DJs
Boliches y discotecas
Shows y escenarios
Fiestas y eventos
Salones
Bares y clubes
Productoras
Instalaciones de iluminación profesional
Publicidad y presentaciones
### ¡CONTROLALO DESDE TU CELULAR!
Una de las grandes ventajas de este equipo es su sistema de control mediante APP.
Podés crear contenido directamente desde el teléfono y enviarlo al láser para proyectarlo, permitiendo hacer **textos, dibujos, figuras y gráficos personalizados**.
¡Mucho más que un simple láser de efectos!
## IMPORTANTE – SEGURIDAD
Este producto utiliza **radiación láser de alta potencia**.
No apuntar directamente hacia los ojos ni hacia personas, vehículos o aeronaves. Utilizar únicamente de manera responsable y respetando las normas de seguridad correspondientes.
i",in stock,new,899999.00 ARS,https://tecnoshow.vercel.app/#MLA3810498494,https://http2.mlstatic.com/D_NQ_NP_2X_972437-MLA116449612859_082026-F.jpg,"https://http2.mlstatic.com/D_NQ_NP_2X_902696-MLA116376876665_082026-F.jpg,https://http2.mlstatic.com/D_NQ_NP_2X_944257-MLA116376017659_082026-F.jpg,https://http2.mlstatic.com/D_NQ_NP_2X_837463-MLA116376757507_082026-F.jpg",Gbr,Iluminación
MLA1753336525,Dj Lite-puter Dp 6 Controlador De Luces,"LITE PUTER ELECTRONIC LIGHT CONTROLLER
DP-6 DMX INTERFACE
Garantía de fábrica: 30 días",in stock,new,787500.00 ARS,https://tecnoshow.vercel.app/#MLA1753336525,https://http2.mlstatic.com/D_NQ_NP_2X_908673-MLA117912966199_092026-F.jpg,https://http2.mlstatic.com/D_NQ_NP_2X_880959-MLA110553981963_042026-F.jpg,Lite-Puter,Iluminación
MLA2710899114,Láser Gbr App Multi Color Gráficos Animados Escribe,"Descubre el impresionante Láser Gbr App Multi Color, diseñado para ofrecer un efecto láser espectacular que transformará cualquier evento. Controlable fácilmente a través de una aplicación en tu celular, este dispositivo versátil permite un funcionamiento DMX o automático, adaptándose a tus necesidades. Con gráficos animados y una potencia de 2W, podrás disfrutar de colores vibrantes en verde, azul y multicolor. Su construcción en metal garantiza durabilidad, mientras que su diseño profesional incluye 12/22 canales DMX y un dimmer para un control preciso de la iluminación. Además, cuenta con un modo automático y de sonido, así como un sistema de ventilación para un rendimiento óptimo. Ideal para fiestas, conciertos y eventos, este láser es la herramienta perfecta para crear un ambiente inolvidable. ¡No te quedes sin el tuyo!",in stock,new,787498.00 ARS,https://tecnoshow.vercel.app/#MLA2710899114,https://http2.mlstatic.com/D_NQ_NP_2X_797823-MLA97512053074_112025-F.jpg,"https://http2.mlstatic.com/D_NQ_NP_2X_983991-MLA97975995181_112025-F.jpg,https://http2.mlstatic.com/D_NQ_NP_2X_872724-MLA97512073230_112025-F.jpg,https://http2.mlstatic.com/D_NQ_NP_2X_768192-MLA97975758391_112025-F.jpg",Gbr,Iluminación
MLA740514673,Dancing Led Gbr Octobeam Dmx,"*INCREIBLE LED BAR
*8 LED ALTA POTENCIA
*10W 4 EN 1 *RGBW
*MOVIMIENTO DE BARRIDO
*Programable DMX512 13 ch
*Colores: RGBW /*Dimmer / Flash
*Modo Auto / Audio*Display Digital
*Master / Esclavo",in stock,new,762297.00 ARS,https://tecnoshow.vercel.app/#MLA740514673,https://http2.mlstatic.com/D_NQ_NP_2X_994802-MLA117913227285_092026-F.jpg,"https://http2.mlstatic.com/D_NQ_NP_2X_980695-MLA27881039786_082018-F.jpg,https://http2.mlstatic.com/D_NQ_NP_2X_737820-MLA27881026907_082018-F.jpg,https://http2.mlstatic.com/D_NQ_NP_2X_628119-MLA78335703566_082024-F.jpg",Gbr,Iluminación
MLA1829948633,Cabezal Móvil Acme Zoom Led-300zs 19 Leds Flash Profesional,"El Cabezal Móvil Wash Acme Pageant 300 Zomm Cm-300zs 19 Led 10w es una solución de iluminación profesional ideal para eventos y espectáculos. Este dispositivo cuenta con 19 luces LED de 10W cada una, ofreciendo una potente salida de luz. Su control es versátil, con modos DMX y control inalámbrico opcional, y permite actualizaciones de firmware a través de enlace DMX. El cabezal móvil tiene un rango de movimiento de 540° en Pan y 270° en Tilt, con una resolución de 16 bits para movimientos precisos. La interfaz incluye una pantalla LCD azul/blanca y conectores XLR de 3 y 5 pines. Además, incorpora efectos de flash, aunque no incluye luz negra. Este producto es nuevo y de la reconocida marca Acme, modelo LED-300ZS.",in stock,new,734998.00 ARS,https://tecnoshow.vercel.app/#MLA1829948633,https://http2.mlstatic.com/D_NQ_NP_2X_639828-MLA117912494653_092026-F.jpg,"https://http2.mlstatic.com/D_NQ_NP_2X_935249-MLA112990969367_062026-F.jpg,https://http2.mlstatic.com/D_NQ_NP_2X_868498-MLA112990969353_062026-F.jpg,https://http2.mlstatic.com/D_NQ_NP_2X_667359-MLA112991823761_062026-F.jpg",Led,Iluminación
MLA740521553,Pr Xs 250 Cabezal Móvil Pr Lighting 18 Canales Dmx Usado,"Cabezal Pr Lighting Xs-250 (precio de cada uno)
6 Cabezales Usados impecables siempre estuvo colgado en el mismo boliche APETECO
Spot Lámpara de descarga de 250W Angulo de 16°
18 canales DMX (Extended mode)
Foco ajustable por DMX
Dimmer ajustable
Iris ¿ Prisma rotativo 7 Gobos rotativos y 10 Fijos(intercambiables)
12 Fitros dicroicos
Corrección automática de Pan/Tilt.",in stock,new,734998.00 ARS,https://tecnoshow.vercel.app/#MLA740521553,https://http2.mlstatic.com/D_NQ_NP_2X_626903-MLA116412367022_092026-F.jpg,"https://http2.mlstatic.com/D_NQ_NP_2X_126401-MLA20334552286_072015-F.jpg,https://http2.mlstatic.com/D_NQ_NP_2X_635431-MLA27479644343_062018-F.jpg",Pr,Iluminación
MLA744451115,Pr Solo 250 Cabezal Móvil Pr Lighting 10 Canales Dmx Usado,"PR SOLO 250
Cabezal Móvil Pr Lighting
10 Canales Dmx Usado
DE LA LEGENDARIA MARCA PR
Descripcion :Spot Lámpara de descarga de 250W
10 canales DMX 512
Foco ajustable linealmente por DMX
Prisma rotativo 5 Gobos intercambiables, indexables e intercambiables
6 Filtros dicroicos IP20.
LÁMPARA: NSD 250/2 usada
GOBOS: 7 gobos intercambiables + blanco, rotación bidireccional con velocidad variable.
MOVIMIENTO: Pan 370°, Tilt 265°
ANGULO: 12°
CONTROL: DMX512, 10 channels. Stand-Alone Automatic mode and Master/Slave opertion P
PESO 18 Kg
SEGUN CUANTOS COMPRES TE DOY TAMBIEN LAMPARAS NUEVAS EN CAJA MARCA GBR
Equipos de iluminacion de altisima calidad.
Como ven estan en perfecto estado, funcionan!
SE USABAN DE MANERA FIJA EN UN BOLICHE EN MENDOZA LLAMADO LA GUANACA CON DEBIDO MANTENIMIENTO DE CONTROL, LIMPIEZA DE FILTROS, LUBRICACION DE CORREAS Y CAMBIO DE LAMPARAS 100% ORIGINALES.
Lamparas a medio uso en los aparatos y según cuantos compres te doy también nuevas en caja cerrada una por móvil marca AMERICAN PRO O TEC SHOW O GBR
SEGUN DISPONIBILIDAD.
Equipos revisados y limpiados después de descolgar.
El precio es por cada equipo, el precio se multiplica la cantidad que compres
HAY 6 EN TOTAL POR RENOVACION DE EQUIPOS
Ideal para boliches, salones de fiestas, teatros, shows, empresas venta y alquiler de equipos profesionales.",in stock,new,734968.00 ARS,https://tecnoshow.vercel.app/#MLA744451115,https://http2.mlstatic.com/D_NQ_NP_2X_617766-MLA117912230911_092026-F.jpg,"https://http2.mlstatic.com/D_NQ_NP_2X_921911-MLA20663379580_042016-F.jpg,https://http2.mlstatic.com/D_NQ_NP_2X_189811-MLA20663382535_042016-F.jpg,https://http2.mlstatic.com/D_NQ_NP_2X_993911-MLA20663379618_042016-F.jpg",Pr,Iluminación
MLA1961131243,Combo 6 Spot 18 Led Proton 180w 6 En 1 Uv Luz Negra Gbr,"Spot compacto
EXCELENTE POTENCIA PRECIO COMBO
COMBO 6 SPOT GBR LED PAR 500 DMX
CON UV LUZ NEGRA Y AMBAR
*SPOT COMPACTO RGBW
*18 LED X 10W
* ALTA POTENICA*FAN
*Programable DMX512 4/8 ch
*Colores: RGB /*Dimmer / Flash
*Modo Auto / Audio*Display Digital
*Master / Esclavo *Angulo 45
*Dim:23*11*24 cm
*Peso 1,5 kg",in stock,new,669990.00 ARS,https://tecnoshow.vercel.app/#MLA1961131243,https://http2.mlstatic.com/D_NQ_NP_2X_670074-MLA115777815531_082026-F.jpg,"https://http2.mlstatic.com/D_NQ_NP_2X_768279-MLA115778107623_082026-F.jpg,https://http2.mlstatic.com/D_NQ_NP_2X_967466-MLA114429513196_082026-F.jpg,https://http2.mlstatic.com/D_NQ_NP_2X_785123-MLA115778107619_082026-F.jpg",TecnoShow,Iluminación
MLA764540267,Martin Pro 218 Roboscan Protocolo Martin Robot Usado,"Martin Pro 218 Roboscan Protocolo Martin Usado
Este escáner compacto de 200W es una chispa de energía y dinámica con una plantilla de 14 gobos fijos, 3 gobos de iris especiales y una gran cantidad de colores que crean efectos espectaculares.
Caracteristicas
• 15 filtros de color
• 17 gobos fijos
• Lámpara de descarga de 200W
• 3 gobos de iris
• Protocolo Martin o modo independiente o Sound o Master y Slave (Maestro y Esclavo)
• Atenuación de rango completo, impulsada por microstep
• Disparador mecánico y obturador separados
• Dos filtros de 4 colores",in stock,new,645532.00 ARS,https://tecnoshow.vercel.app/#MLA764540267,https://http2.mlstatic.com/D_NQ_NP_2X_737988-MLA117912464219_092026-F.jpg,"https://http2.mlstatic.com/D_NQ_NP_2X_5194-MLA4206276184_042013-F.jpg,https://http2.mlstatic.com/D_NQ_NP_2X_5123-MLA4206276210_042013-F.jpg,https://http2.mlstatic.com/D_NQ_NP_2X_5164-MLA4206252219_042013-F.jpg",Martin,Iluminación
MLA1371064714,Efecto Gbr Galaxy 600 Led Laser Flash Profesional Dmx Auto,"Gbr Luces Led Galaxy 600 Gbr Laser Flash Profesional
INCREIBLE EFECTO 3 EN 1, LED+WASH+LASER
AUTO SOUND / DMX512 9 CANALES
5 LED 3W 32 RGBWA
8 LED 1W Blanco
Laser Rojo 100 mW
Laser Verde 50 mW
Muy dinámico
Cambio de colores
Flasheo
Led de larga vida
Compacto y Potente
Excelentes Colores",in stock,new,629998.00 ARS,https://tecnoshow.vercel.app/#MLA1371064714,https://http2.mlstatic.com/D_NQ_NP_2X_624974-MLA117913345295_092026-F.jpg,"https://http2.mlstatic.com/D_NQ_NP_2X_780617-MLA54360333255_032023-F.jpg,https://http2.mlstatic.com/D_NQ_NP_2X_786704-MLA54360365053_032023-F.jpg,https://http2.mlstatic.com/D_NQ_NP_2X_983200-MLA54360396879_032023-F.jpg",Gbr,Iluminación
MLA3169456100,Pls Beam 38 Cabezal Movil Led 32 X 3w Doble Cara 3 En 1,"Pls Doble Wash 96 Cabezal Movil Led 32 X 3w 3 En 1 Rotacion
Cabezal Movil Wash y Beam
PRODUCTO REBAJADO POR SER LOS ULTIMOS DOS EN STOCK Y ESTUVIERON EXHIBIDOS
32 LED DE 3W 3 IN 1 LED DE ALTO BRILLO DOBLE TORTA 16X2
USO INDEPENDIENTE SI SE REQUIERE X LADO
7 LEDS de 10w c/u RGBW (rojo, Verde, Azul y Blanco) Automatico, DMX512 y Audiorritmico",in stock,new,629998.00 ARS,https://tecnoshow.vercel.app/#MLA3169456100,https://http2.mlstatic.com/D_NQ_NP_2X_758967-MLA117912494783_092026-F.jpg,https://http2.mlstatic.com/D_NQ_NP_2X_209221-MLA20742106624_052016-F.jpg,Pls,Iluminación
MLA3810987888,Laser Legend 2w Rgb Full Color Dmx Grafico App Telefono,"LÁSER LEGEND GBR RGB 2W CON APP – DIBUJÁ, ESCRIBÍ Y PROYECTÁ DESDE TU CELULAR
¡Llevá tus shows y eventos a otro nivel!
Este potente **LÁSER RGB GBR de 2W** permite generar increíbles efectos multicolor, gráficos animados y, lo más destacado, **crear y proyectar tus propios dibujos y textos directamente desde el teléfono mediante su APP**.
**¿QUÉ PODÉS HACER?**
Desde tu celular podés controlar el láser y crear tus propios contenidos:
Dibujar figuras y formas
Escribir textos y palabras
Crear gráficos y diseños
Trabajar con diferentes colores
Generar efectos y animaciones
Controlar el equipo cómodamente desde el teléfono
Ideal para personalizar tus shows, eventos, fiestas y presentaciones con contenido creado por vos.
## CARACTERÍSTICAS
* **Marca: GBR**
* **Potencia: 2 W**
* **Láser Legend RGB multicolor**
* Control mediante **APP desde teléfono celular**
* Creación y proyección de **textos**
* Creación y proyección de **dibujos y gráficos**
* **Gráficos animados**
* Efectos multicolor
* Modos automáticos
* Modo audiorítmico
* Control mediante **DMX**
* Construcción metálica profesional
* Soporte regulable para montaje
* Ideal para uso profesional y entretenimiento
## IDEAL PARA
DJs
Boliches y discotecas
Shows y escenarios
Fiestas y eventos
Salones
Bares y clubes
Productoras
Instalaciones de iluminación profesional
Publicidad y presentaciones
### ¡CONTROLALO DESDE TU CELULAR!
Una de las grandes ventajas de este equipo es su sistema de control mediante APP.
Podés crear contenido directamente desde el teléfono y enviarlo al láser para proyectarlo, permitiendo hacer **textos, dibujos, figuras y gráficos personalizados**.
¡Mucho más que un simple láser de efectos!
## IMPORTANTE – SEGURIDAD
Este producto utiliza **radiación láser de alta potencia**.
No apuntar directamente hacia los ojos ni hacia personas, vehículos o aeronaves. Utilizar únicamente de manera responsable y respetando las normas de seguridad correspondientes.
i",in stock,new,599999.00 ARS,https://tecnoshow.vercel.app/#MLA3810987888,https://http2.mlstatic.com/D_NQ_NP_2X_638742-MLA115059950184_082026-F.jpg,"https://http2.mlstatic.com/D_NQ_NP_2X_881772-MLA116379903989_082026-F.jpg,https://http2.mlstatic.com/D_NQ_NP_2X_706533-MLA114995151860_082026-F.jpg",Gbr,Iluminación
MLA1495370075,Efecto Led Vertigo Gbr Luces Led + Laser Verde Y Rojo + Flas,Efecto Led Vertigo Gbr Luces Led + Laser Verde Y Rojo + Flas,in stock,new,577498.00 ARS,https://tecnoshow.vercel.app/#MLA1495370075,https://http2.mlstatic.com/D_NQ_NP_2X_633539-MLA117912966419_092026-F.jpg,"https://http2.mlstatic.com/D_NQ_NP_2X_984459-MLA84100176768_052025-F.jpg,https://http2.mlstatic.com/D_NQ_NP_2X_909936-MLA84100226182_052025-F.jpg",Gbr,Iluminación
MLA2007086024,Intimida Laser Led Gbr Efecto Laser Multicolor Animacion,"--INTIMIDA PRO--
NUEVO DISEÑO POTENCIA Y COLORES
- Increible efecto
- 1W RGB
- Verde Azul
- Multi color
- Alta potencia
-DMX-512 12/22 canales
- Dimmer
- Strobo/flasheo",in stock,new,577498.00 ARS,https://tecnoshow.vercel.app/#MLA2007086024,https://http2.mlstatic.com/D_NQ_NP_2X_927618-MLA116412371004_092026-F.jpg,"https://http2.mlstatic.com/D_NQ_NP_2X_842143-MLA81954219144_022025-F.jpg,https://http2.mlstatic.com/D_NQ_NP_2X_726314-MLA81954415784_022025-F.jpg,https://http2.mlstatic.com/D_NQ_NP_2X_667399-MLA81954219204_022025-F.jpg",Gbr,Iluminación
MLA1147235303,"Esferas De Espejos 70 Cm Sin Motor Nacional Espejos De 1,5cm","Esferas De Espejos 70 Cm Sin Motor Nacional Espejos De 1,5cm
PRECIO SIN ENBALAJE
EL ENBALAJE CON CARTON Y PAPEL CORRUGADO $3000",in stock,new,547544.00 ARS,https://tecnoshow.vercel.app/#MLA1147235303,https://http2.mlstatic.com/D_NQ_NP_2X_864769-MLA117912464209_092026-F.jpg,"https://http2.mlstatic.com/D_NQ_NP_2X_775113-MLA50763385918_072022-F.jpg,https://http2.mlstatic.com/D_NQ_NP_2X_609622-MLA50763408856_072022-F.jpg,https://http2.mlstatic.com/D_NQ_NP_2X_723874-MLA50763465311_072022-F.jpg",Tecnoshow,Iluminación
MLA3168735242,Lampara De Descarga Osram Hmi 575 W Dxs 575w Cabezal Movil Color De La Luz Blanco Frío,"Lampara De Descarga Osram Hmi 575 W DXS FS1
Datos eléctricos
Potencia de la lámpara 575 W
Tensión nominal 95,0 V
Tensión de funcionamiento 95 V
Corriente nominal 7 A
Corriente de lámpara 7,0 A
Potencia nominal 575,00 W
Datos Fotométricos
Flujo luminoso nominal 49000 lm
Temperatura de color 6000 K
Índice de reproducción cromática Ra 90
Dimensiones y peso
Diámetro 21,0 mm
Largo 135,0 mm
Longitud de montaje 115,0 mm
Long, con casq pero sin pitones/conexión 115,00 mm
Duración de vida
Duración 1000 h
Datos adicionales del producto
Casquillo (denominación estándar) SFc10-4
Instrucciones de seguridad
Debido a su elevada luminancia, la radiación UV y la elevada presión interna durante su funcionamiento, las lámparas HMI solo pueden funcionar en carcasas cerradas fabricadas especialmente para ese fin. Debe garantizarse con filtros adecuados que la radiación UV se vea reducida hasta un nivel aceptable. El mercurio se libera si se rompe la lámpara, se requieren precauciones de seguridad especiales. Se dispone de información acerca de la seguridad y la manipulación a petición, o bien en el folleto que se adjunta con la lámpara, o en las instrucciones de funcionamiento.
Ampliamente utilizada en la industria del entretenimiento, conciertos, teatros, estudios de filmación, TV y fotografía, etc.",in stock,new,524998.00 ARS,https://tecnoshow.vercel.app/#MLA3168735242,https://http2.mlstatic.com/D_NQ_NP_2X_758267-MLA99498588220_112025-F.jpg,,Osram,Iluminación
MLA3453253678,Efecto Led Dual Gem Led American Dj,"¡Combina dos efectos de iluminación de flor lunar en un solo accesorio compacto!
Como su nombre indica, la luz Dual Gem DJ es una doble versión de la superventas Color Gem de DJ estadounidense. Esta unidad dos en uno proyecta dos efectos multicolores de flor de luna gemelos desde cada lado de la lámpara. Lanzando el doble de rayos que una moonflower solitaria, la Gema Dual puede cubrir una sala o área más grande, mientras sus brillantes rayos barren el suelo al ritmo de la música.
Mejorada con características modernas, la luz club Dual Gem incluye un interruptor de efectos, que permite operar en modo activo acústico, estático o de rotación continua.
Con un peso de solo 4 libras y una medida compacta de 9-3/4"" x 11"" x 4-1/2"", la Dual Gem es muy portátil y ideal para uso móvil. Incluye un soporte colgante y una puerta de reemplazo para lámpara EZ-Access.
Características
Los haces giran de un lado a otro y se mueven al ritmo de la música
Interruptor de efectos: Sonido activo o rotación continua
Puerta de reemplazo de la lámpara EZ-Access
Incluye soporte colgante
Perilla de sensibilidad musical
Transforme su espacio con el Efecto Led Dual Gem Led de American DJ. Este dispositivo destaca por su impresionante capacidad de ofrecer colores vibrantes en RGB, creando atmósferas únicas y dinámicas que cautivarán a su audiencia.
Con dos luces LED y una potencia de salida de 250 W, este equipo es perfecto para eventos, fiestas y presentaciones en vivo. Su vida útil de 100,000 horas asegura un rendimiento duradero, mientras que su adaptable sistema de ventilación garantiza un funcionamiento eficiente.
El Dual Gem cuenta con modos de control por audio y automático, lo que le permite sincronizar las luces con la música o establecer un espectáculo de luces preprogramado. Además, la función de flash y strobo añade un efecto espectacular a sus configuraciones, elevando la experiencia visual.
Ideal para DJ, organizadores de eventos y entusiastas de la iluminación, este dispositivo se convierte en una herramienta indispensable para aquellos que buscan sorprender y emocionar a su público. Sumerja su entorno en una explosión de color y energía con este excepcional efecto de luces LED.
Garantía de fábrica: 1 meses",in stock,new,524998.00 ARS,https://tecnoshow.vercel.app/#MLA3453253678,https://http2.mlstatic.com/D_NQ_NP_2X_854483-MLA117913169535_092026-F.jpg,"https://http2.mlstatic.com/D_NQ_NP_2X_950767-MLA111964835364_062026-F.jpg,https://http2.mlstatic.com/D_NQ_NP_2X_747356-MLA111964198768_062026-F.jpg,https://http2.mlstatic.com/D_NQ_NP_2X_642120-MLA111963431370_062026-F.jpg",American Dj,Iluminación
MLA1753108507,Dj Lite-puter Tx 1201 Controlador De Luces Electronico,"Puede usarse como controlador DMX o como controlador de iluminación analógico controlable de 12 canales.
Sensores de flash y retención por canal.
3 zonas con 4 canales, 4 patrones de persecución con 12 pasos cada uno para cada zona, control de persecución ya sea automáticamente o programable. Velocidad de persecución controlable mediante control de velocidad. 12 escenas programables con 12 pasos. Las escenas pueden llamarse individualmente, como secuencia o todas juntas. Botón de apagado (Blank), pantalla LED de todos los modos, salida DMX vía conector XLR de 5 pines, salidas de canal 0/10 V vía conector Sub D de 15 pines. Suministro de energía mediante unidad de alimentación, dimensiones de 19"" con 2 unidades.
Garantía de fábrica: 30 días",in stock,new,524998.00 ARS,https://tecnoshow.vercel.app/#MLA1753108507,https://http2.mlstatic.com/D_NQ_NP_2X_939836-MLA117913345113_092026-F.jpg,"https://http2.mlstatic.com/D_NQ_NP_2X_922030-MLA110553887243_042026-F.jpg,https://http2.mlstatic.com/D_NQ_NP_2X_822985-MLA110557888305_042026-F.jpg,https://http2.mlstatic.com/D_NQ_NP_2X_988356-MLA110556704729_042026-F.jpg",Lite-Puter,Iluminación
MLA2472347578,Moonflower de led de 5 salidas Acme LED-7875 320 Leds Rgb 5W DMX Event Lighting,"ACME EFECTO LED CARNAVALE LED-7875:
El Efecto Acme Carnavale LED-7875 es un dispositivo de iluminación de alta calidad, ideal para eventos y espectáculos. Este tacho PAR cuenta con un impresionante Moonflower de LED de 5 salidas, que ofrece una experiencia visual vibrante y dinámica. Equipado con 320 LEDs de alta luminosidad, distribuidos en 80 rojos, 80 verdes y 80 azules, garantiza una amplia gama de colores brillantes. Con 4 canales DMX, permite un control preciso y versátil de los efectos de luz. Este producto es completamente nuevo y no incluye luz negra ni flash. Con una potencia de salida de 5 W, es perfecto para crear ambientes festivos y llenos de energía. La marca Acme asegura durabilidad y rendimiento en cada uso.",in stock,new,522898.00 ARS,https://tecnoshow.vercel.app/#MLA2472347578,https://http2.mlstatic.com/D_NQ_NP_2X_761235-MLA95240368656_102025-F.jpg,"https://http2.mlstatic.com/D_NQ_NP_2X_675895-MLU75996180893_042024-F.jpg,https://http2.mlstatic.com/D_NQ_NP_2X_957912-MLU75995773233_042024-F.jpg,https://http2.mlstatic.com/D_NQ_NP_2X_757098-MLU75996917495_042024-F.jpg",Acme,Iluminación
MLA3776178976,Cabezal Movil Beam Led 4 Dual 200 Watt Rgbw 4 En 1 Gbr,"Características eléctricas: 230Vca 50Hz 60w
*Cabezal móvil doble
*2 LED 100W 4 en 1 + 40 LED RGB SMD
*DMX-512 CANALES 24/16
*Modo auto/sound/dmx
*Strobo/flasheo
*Peso 1.5 Kg
*Dimensiones 22*14*13 cm
*Movimiento horizontal: 540°
*Movimiento vertical: 180°",in stock,new,499999.00 ARS,https://tecnoshow.vercel.app/#MLA3776178976,https://http2.mlstatic.com/D_NQ_NP_2X_818942-MLA114665019628_082026-F.jpg,"https://http2.mlstatic.com/D_NQ_NP_2X_678178-MLA114667069134_082026-F.jpg,https://http2.mlstatic.com/D_NQ_NP_2X_817665-MLA114667069124_082026-F.jpg,https://http2.mlstatic.com/D_NQ_NP_2X_803297-MLA116031241649_082026-F.jpg",Gbr,Iluminación
MLA744145129,Gbr Src178 16ch Consola Dimmer Usado En Perfecto Estado,"Controlador Src-178 - GBR
Consola para dimer
*6 CH DIMER Y SWITCH DMX512
*16 PROGRAMAS FIJOS
*16 PROGRAMABLES
*1600 ESCENAS PROGRAMABLES
*MIDI / AUDIO / MANUAL
*FACIL DE PROGRAMAR
*DISPLAY DIGITAL",in stock,new,489298.00 ARS,https://tecnoshow.vercel.app/#MLA744145129,https://http2.mlstatic.com/D_NQ_NP_2X_888370-MLA110469639615_042026-F.jpg,"https://http2.mlstatic.com/D_NQ_NP_2X_679000-MLA109592568986_042026-F.jpg,https://http2.mlstatic.com/D_NQ_NP_2X_889926-MLA27583914950_062018-F.jpg,https://http2.mlstatic.com/D_NQ_NP_2X_756283-MLA109590908566_042026-F.jpg",TecnoShow,Iluminación
MLA1432342654,Cabezal Movil Led 60w Gbr Nuevo Modelo Envio Gratis,"NCREIBLE CABEZAL MOVIL EXCELENTE POTENCIA MUY DINAMICO
MOVING LED 600 DMX
*Led de alta potencia 60W
*SUPER COMPACTO ALTA POTENCIA
*16 canales DMX-512
*Rueda de colores y figuras
*8 colores *8 gobos
*flash con velocidad *Dimmer
*Paneo: 540 Inclinación (tilt): 270
*Display Digital multi función
*Peso: 3 Kg",in stock,new,472498.00 ARS,https://tecnoshow.vercel.app/#MLA1432342654,https://http2.mlstatic.com/D_NQ_NP_2X_720511-MLA117912231055_092026-F.jpg,"https://http2.mlstatic.com/D_NQ_NP_2X_926525-MLA69942956955_062023-F.jpg,https://http2.mlstatic.com/D_NQ_NP_2X_675262-MLA69942859719_062023-F.jpg,https://http2.mlstatic.com/D_NQ_NP_2X_772808-MLA69942842663_062023-F.jpg",Gbr,Iluminación
MLA3914952850,Cabezal Movil Beam Gobos Color 200w Dmx Beam Led,"APROVECHA ESTE EXCELENTE CABEZAL MOVIL SPOT GOBOS / COLORES + BEAM Y SPIDER INCREIBLE
LIQUIDACION DE STOCK
*LED ALTA POTENCIA 200W BEAM
*ARO LED RGB
*RUEDA DE 10 COLORES
*RUEDA DE 14 GOBOS*PRISMA
*DMX512 12 CANALES
*Efecto flash
*Modo Auto, Audio, DMX
*Paneo: 540°Inclinación (tilt): 180
*Display Digital*Dim: 00*2 Cm
*Peso: 3,8Kg",in stock,new,459999.00 ARS,https://tecnoshow.vercel.app/#MLA3914952850,https://http2.mlstatic.com/D_NQ_NP_2X_931141-MLA117198600493_092026-F.jpg,"https://http2.mlstatic.com/D_NQ_NP_2X_633308-MLA115745956876_092026-F.jpg,https://http2.mlstatic.com/D_NQ_NP_2X_815439-MLA115744476910_092026-F.jpg,https://http2.mlstatic.com/D_NQ_NP_2X_861597-MLA115744387718_092026-F.jpg",Gbr,Iluminación
MLA616752476,Acme Matrix Led Efecto Led 64 Led Audioritmico Y Dmx Exibido,"La Acme Matrix cuenta con 256 LED ultrabrillantes de 5 mm y tiene modos 8CH o 256CH para elegir. El Matrix puede ofrecer patrones de texto fabulosos, figuras geométricas, escaneo dinámico, efectos de zoom rotatorios, giratorios e increíbles, lo que le permite llenar una habitación entera con rayos afilados de múltiples colores.",in stock,new,457798.00 ARS,https://tecnoshow.vercel.app/#MLA616752476,https://http2.mlstatic.com/D_NQ_NP_2X_787631-MLA117913257309_092026-F.jpg,"https://http2.mlstatic.com/D_NQ_NP_2X_906740-MLA82290604839_022025-F.jpg,https://http2.mlstatic.com/D_NQ_NP_2X_651519-MLA82290401313_022025-F.jpg,https://http2.mlstatic.com/D_NQ_NP_2X_767139-MLA82290401373_022025-F.jpg",Acme,Iluminación
MLA3201548506,Efecto  Light Team One Led Central Todo En Uno,"Efecto LED central todo-en-uno
4 LEDs RGBW de 30W + 40 LEDs RGB de 0,2W + 12 LEDs RGBWAP 6-en-1 de 3W
Mini bola de espejos motorizada tipo mirror ball
Control remoto incluido
Cuerpo hexagonal con amplia cobertura de efectos
Light Team One es un dispositivo todo-en-uno, con cuerpo hexagonal que integra distintos tipos de fuentes LED, incluyendo 4 LED RGBW de 30W, 40 LEDS RGB de 0,2W y 12 LEDs RGBWAP 6 en 1 de 3W, permitiendo una amplia cobertura y variedad de efectos. Incluye una mini bola de espejos central que genera haces reflectados tipo ""mirror ball"" en movimiento.
Garantía de fábrica: 30 días",in stock,new,440998.00 ARS,https://tecnoshow.vercel.app/#MLA3201548506,https://http2.mlstatic.com/D_NQ_NP_2X_844917-MLA116412367158_092026-F.jpg,"https://http2.mlstatic.com/D_NQ_NP_2X_824975-MLA110516148447_042026-F.jpg,https://http2.mlstatic.com/D_NQ_NP_2X_888435-MLA110515884303_042026-F.jpg",Tecshow,Iluminación
MLA735887077,Acme Matrix Dmx Efecto Led Nuevo (exhibido),"La Acme Matrix cuenta con 256 LED ultrabrillantes de 5 mm y tiene modos 8CH o 256CH para elegir. El Matrix puede ofrecer patrones de texto fabulosos, figuras geométricas, escaneo dinámico, efectos de zoom rotatorios, giratorios e increíbles, lo que le permite llenar una habitación entera con rayos afilados de múltiples colores.",in stock,new,440998.00 ARS,https://tecnoshow.vercel.app/#MLA735887077,https://http2.mlstatic.com/D_NQ_NP_2X_628313-MLA117913345183_092026-F.jpg,https://http2.mlstatic.com/D_NQ_NP_2X_911673-MLA27700979552_072018-F.jpg,Acme,Iluminación
MLA3314433886,Matrix Led Acme Efecto Luces Led 256leds Dmx,"Un efecto LED muy potente e impresionante.
A través de DMX, cada uno de los 256 LEDs de potencia (R=64 + G=64 + B=64 + W=64) se puede controlar de manera independiente para obtener los efectos más increíbles.
Diferentes modos de funcionamiento seleccionables a través de la pantalla LED de 4 dígitos:
Autónomo: shows activados por sonido con micrófono incorporado
Maestro/esclavo: espectaculares shows sincronizados
Control remoto
Opcional CA-8 disponible
Diferentes modos DMX: A través de 256 canales DMX puedes crear sorprendentes patrones de texto, figuras geométricas, efectos dinámicos de escaneo/rotación/desplazamiento y zoom.
El modo DMX de 1 canal hace que el funcionamiento sea extremadamente fácil.
Con el modo DMX de 4 canales obtienes control total sobre todos los programas incorporados.
Colores extremadamente brillantes en comparación con los efectos con lámparas halógenas.
¡Sin reemplazo de lámparas!
Prácticamente sin producción de calor y muy bajo consumo de energía.
Función de estroboscopio ultra rápida.
Equipado con una gran lente óptica para máxima salida de luz y un amplio ángulo de haz de 54°.
La matriz Acme cuenta con 256 LED ultras brillantes de 5 mm y tiene modos de 8CH o 256CH para elegir. La matriz Acme puede ofrecer fabulosos patrones de texto, figuras geométricas, exploración dinámica, desplazamiento, rotación y efectos de zoom impresionantes, permitiendo llenar toda una habitación con haces nítidos multicolores.
El atenuado de LED de alta frecuencia logra fundidos suaves y asegura un rendimiento sin parpadeos en aplicaciones de video. Las múltiples opciones de control incluyen DMX, maestro/esclavo, y modos de activación por sonido, así como control inalámbrico gracias a la compatibilidad con D-Fi USB. También es posible la operación de apuntar y disparar con colores estáticos y programas automáticos mediante el control remoto IRC opcional (se vende por separado). La resistente carcasa de la unidad, de tipo plano, cuenta con salidas de energía y DMX en el lateral.
COB LED produce un espectro completo de luz con una mezcla de colores insuperable. La lente Fresnel magnética incluida permite la flexibilidad de pasar de un haz ultrapanorámico a uno estrecho en segundos. Soporta la dureza de viajar de un concierto a otro con una carcasa robusta. El diseño de la carcasa de asiento plano se adhiere al suelo y cuenta con tomas de corriente y DMX en el lateral del equipo. Operación de apuntar y disparar de colores estáticos y programas automatizados con el control remoto opcional IRC-6. Ahorre tiempo al tender cables y alargadores mediante el enlace de alimentación de múltiples unidades. Múltiples opciones de control incluyen DMX, Master/Slave y modos Sound-Active.
Canales DMX: 8 o 256 seleccionables
Modo 8CH: Strobe, Personaje/logo/Marco, elegir personaje/logo/Marco, color, rotar, dirección del patrón horizontal/vertical y zoom
Modo 256CH: Controla cada LED individual - DMX, master/slave y modos Sound-Activ",in stock,new,439707.00 ARS,https://tecnoshow.vercel.app/#MLA3314433886,https://http2.mlstatic.com/D_NQ_NP_2X_895499-MLA116412481166_092026-F.jpg,"https://http2.mlstatic.com/D_NQ_NP_2X_602905-MLA111639221829_052026-F.jpg,https://http2.mlstatic.com/D_NQ_NP_2X_879376-MLA111638799437_052026-F.jpg,https://http2.mlstatic.com/D_NQ_NP_2X_636257-MLA111639697185_052026-F.jpg",Acme,Iluminación
MLA2391242808,Max Power Minibrut 4 Led Blinder Cob 400watts Dmx Gbr Teatro,"Minibrut 4 Led Blinder Cob 400watts Dmx Teatro
Gbr
CARACTERISTICAS TECNICAS:
Consumo de energía: 400W
Fuente de luz: 4x100W (BLANCO CALIDO o FRÍO BLANCO)
Tiempo de vida: 50000 horas
Modo de controles: Maestro / Esclavo, automático, DMX512
Canales DMX: 11-13CH
Atenuador: 0 ~ 100% ajustable linealmente
Strobe: luz estroboscópica electrónica, 1-30
veces / s
Ambiente de trabajo: hasta 40 ° C
Tasa de protección: IP20 Cubierta: Aluminio
Fuente de alimentación: AC100-24OV,
50Hz-60Hz
Tamaño de la dimensión: 350 x 420 × 115mm
Tamaño del embalaje: 420x170x465mm
Peso: 8.5kg
Garantía de fábrica: 30 días",in stock,new,429448.00 ARS,https://tecnoshow.vercel.app/#MLA2391242808,https://http2.mlstatic.com/D_NQ_NP_2X_992925-MLA117912464069_092026-F.jpg,"https://http2.mlstatic.com/D_NQ_NP_2X_946112-MLA92819044666_092025-F.jpg,https://http2.mlstatic.com/D_NQ_NP_2X_825629-MLA92818974520_092025-F.jpg,https://http2.mlstatic.com/D_NQ_NP_2X_774242-MLA92819034684_092025-F.jpg",Gbr,Iluminación
MLA1647999937,Cabezal Móvil GBR BEAM LED 6 RGBW 60W DMX Audio,"El Cabezal Móvil Spider + Laser Rayos Beam 60W GBR DMX Audio es una impresionante herramienta de iluminación diseñada para ofrecer un espectáculo visual impactante. Con un potente LED de 60W y 6 LED de 10W en RGBW, este dispositivo garantiza una amplia gama de colores vibrantes. Su láser verde multi punto añade un efecto dinámico, ideal para eventos y presentaciones. Compacto y ligero, con un peso de solo 3 kg, es fácil de transportar y manejar. Ofrece un control preciso con 15 canales DMX-512, permitiendo una personalización total de los efectos. Su capacidad de paneo de 540° y una inclinación de 180° aseguran una cobertura completa del espacio. Además, cuenta con un display digital multifuncional que facilita su operación. Este cabezal móvil es perfecto para quienes buscan calidad y versatilidad en sus producciones de iluminación.",in stock,new,419998.00 ARS,https://tecnoshow.vercel.app/#MLA1647999937,https://http2.mlstatic.com/D_NQ_NP_2X_873255-MLA99982928797_112025-F.jpg,"https://http2.mlstatic.com/D_NQ_NP_2X_779342-MLA94239137330_102025-F.jpg,https://http2.mlstatic.com/D_NQ_NP_2X_922181-MLA94668066745_102025-F.jpg,https://http2.mlstatic.com/D_NQ_NP_2X_912568-MLA94667937141_102025-F.jpg",Gbr,Iluminación
MLA735895636,Movil Moving Led 600 Cabezal Movil,"*Led de alta potencia 27W
*9/11 canales DMX-512
*Rueda de colores y figuras
*7 colores
*7 gobos
*Efecto de flash con velocidad
*Paneo: 540 Inclinación (tilt): 270
*Display Digital multi función
*Medidas 30 altura, BASE 15 x 14 cm
*Peso 3.5 kg",in stock,new,419998.00 ARS,https://tecnoshow.vercel.app/#MLA735895636,https://http2.mlstatic.com/D_NQ_NP_2X_983125-MLA117913257081_092026-F.jpg,"https://http2.mlstatic.com/D_NQ_NP_2X_681931-MLA27701129530_072018-F.jpg,https://http2.mlstatic.com/D_NQ_NP_2X_684669-MLA110645565870_052026-F.jpg,https://http2.mlstatic.com/D_NQ_NP_2X_759927-MLA27701129029_072018-F.jpg",Gbr,Iluminación
MLA1729507209,Agressor Led Gbr 6 Beam Móviles 4 En 1,"AGRESSOR LED
Increible efedo 4 EN 1 ""GIRO 360)
FLASH - EFECTO LED- LASSER - ARO LED
*6 BEAM MOVILES ISW 4 EN 1 *2 FLASH SW
ILASER ROX) 100MW| LASER VERIDE 100MW
*BOLA LED *Multi color
Alta polencia
*DMX-512 17/31 canales
*Dimmer *Strobo/flasheo
*Modo auto y sound
*Peso 2.5 kg",in stock,new,419998.00 ARS,https://tecnoshow.vercel.app/#MLA1729507209,https://http2.mlstatic.com/D_NQ_NP_2X_625224-MLA116412481122_092026-F.jpg,"https://http2.mlstatic.com/D_NQ_NP_2X_659954-MLA109045817144_032026-F.jpg,https://http2.mlstatic.com/D_NQ_NP_2X_672338-MLA109878879475_032026-F.jpg",Gbr,Iluminación
MLA2710630452,Led Gem Gbr Cabezal Móvil 6 Brazos Laser Rojo Verde Flash,"*Increible efecto 4 EN 1
*LASER- FLASH - EFECTO LED
*6 BEAM MOVILES
*4 HACES INTERNOS
•LASER ROJO - VERDE
*Multi color
*Alta potencia
*DMX-512 16 canales
*Dimmer* Strobo/flasheo
*Modo auto y sound
Características de venta
Formato de venta:Unidad
Peso y dimensiones
Largo x Ancho x Altura
34 cm x 34 cm x 24 cm
Peso:2,4 kg
Otros
Colores de la luz:Rojo, Verde, Azul
Tipo de dispositivo:Cabezal móvil LED
Modos de control:DMX Y MANUAL
Cantidad de luces LED:30
Cantidad de canales:7
Vida útil:50.000 h
Potencia de salida:100 W
Con flash:Sí
Con luz negra:No
Con sistema de ventilación:Sí
Con función strobo:Sí
Con puerto USB:No
Incluye filtro gel:No
Garantía de fábrica: 30 días",in stock,new,419998.00 ARS,https://tecnoshow.vercel.app/#MLA2710630452,https://http2.mlstatic.com/D_NQ_NP_2X_664464-MLA117913227349_092026-F.jpg,"https://http2.mlstatic.com/D_NQ_NP_2X_657502-MLA102439818887_122025-F.jpg,https://http2.mlstatic.com/D_NQ_NP_2X_679736-MLA102440465951_122025-F.jpg,https://http2.mlstatic.com/D_NQ_NP_2X_760735-MLA102439610623_122025-F.jpg",Gbr,Iluminación
MLA2705182874,Efecto Led Gbr Tri Gressor 14 Leds 10w 4 En 1 Uv,"Características principales
Marca:GBR
Modelo:Tri Gressor
Voltaje:220V
Características de venta
Formato de venta:Unidad
Peso y dimensiones
Largo x Ancho x Altura
26.5 cm x 22 cm x 19.5 cm
Peso:1,85 kg
Otros
Colores de la luz:4 en 1, Rojo, UV, Verde
Tipo de dispositivo:efecto led
Modos de control:DMX, sonido, auto, esclavo maestro
Cantidad de luces LED:14
Cantidad de canales:14
Potencia de salida:10 W
Con flash:No
Con función strobo:Sí
Con puerto USB:No
Unidades por pack: 1
• Voltaje: 220V
• Potencia de salida: 10 W.
Con función strobo.
*14 leds 10w 4 en 1 efecto led.
* 4 led 8w 2 en 1 flash con UV.
* 1 laser 100mW Rojo.
* 1 laser 50mW Verde.
* DMX 512 14 canales.
* Modo Master/esclavo, sound.
* Strobo: 0-10/S Ajustable.
* Display LCD digital.
* Control remoto (sin pila incluida).
Garantía de fábrica: 30 días",in stock,new,419998.00 ARS,https://tecnoshow.vercel.app/#MLA2705182874,https://http2.mlstatic.com/D_NQ_NP_2X_750922-MLA117913169597_092026-F.jpg,"https://http2.mlstatic.com/D_NQ_NP_2X_735159-MLA102190409813_122025-F.jpg,https://http2.mlstatic.com/D_NQ_NP_2X_615344-MLA102190409815_122025-F.jpg,https://http2.mlstatic.com/D_NQ_NP_2X_680916-MLA102190340561_122025-F.jpg",Gbr,Iluminación
MLA1444777705,Cabezal Móvil Beam 100 Watt Gbr Dmx Gobos Prisma Aro De Luz,"INCREIBLE CABEZAL MOVIL EXCELENTE POTENCIA BEAM
*LED ALTA POTENCIA 100W BEAM
*RUEDA DE 8 COLORES
*RUEDA DE 8 GOBOS
*PRISMA
* Aro de Luz en el frente del Cabezal
*DMX512 12 CANALES
*Efecto flash
*Modo Auto, Audio, DMX
*Paneo: 540
°Inclinación (tilt): 180
*Display Digital
*Dim: 00*2 Cm
*Peso: 3,8Kg",in stock,new,419998.00 ARS,https://tecnoshow.vercel.app/#MLA1444777705,https://http2.mlstatic.com/D_NQ_NP_2X_983450-MLA117912494821_092026-F.jpg,"https://http2.mlstatic.com/D_NQ_NP_2X_654773-MLA83181117329_032025-F.jpg,https://http2.mlstatic.com/D_NQ_NP_2X_696930-MLA82892366584_032025-F.jpg",Gbr,Iluminación
MLA617776446,"Esferas De Espejos 60 Cm Sin Motor Nacional Espejos De 1,5cm","Esferas De Espejos 60 Cm Sin Motor Nacional Espejos De 1,5cm
ELENBALAJE CON PAPEL CORRUGADO Y CARTON SE COBRA APARTE $300",in stock,new,419998.00 ARS,https://tecnoshow.vercel.app/#MLA617776446,https://http2.mlstatic.com/D_NQ_NP_2X_745969-MLA117912494527_092026-F.jpg,"https://http2.mlstatic.com/D_NQ_NP_2X_970021-MLA20685252060_042016-F.jpg,https://http2.mlstatic.com/D_NQ_NP_2X_382021-MLA20685244117_042016-F.jpg,https://http2.mlstatic.com/D_NQ_NP_2X_449021-MLA20685244132_042016-F.jpg",Tecnoshow,Iluminación
MLA1977101819,Starball Led American Dj Dmx 34 Rayos De 3w,"American DJ Starball LED DMX
Generá un increíble efecto tipo bola de espejos con tecnología LED. La Starball LED DMX proyecta 34 haces blancos ultra brillantes que giran cubriendo grandes superficies, ideal para boliches, eventos, DJs, fiestas y salones.
LED blanco de 3W de alta duración
34 haces luminosos de gran alcance
Control DMX de 2 canales
Modos DMX, Sound Active y Master/Slave
Giro con velocidad regulable y efecto strobo
Compatible con controlador UC3 (opcional)
Bajo consumo energético (10W)
Ideal para crear efectos dinámicos con o sin máquina de humo.",in stock,new,399999.00 ARS,https://tecnoshow.vercel.app/#MLA1977101819,https://http2.mlstatic.com/D_NQ_NP_2X_948970-MLA115953151525_082026-F.jpg,"https://http2.mlstatic.com/D_NQ_NP_2X_900439-MLA115951936227_082026-F.jpg,https://http2.mlstatic.com/D_NQ_NP_2X_627352-MLA114594218158_082026-F.jpg",American Dj,Iluminación
MLA1787156895,Mushtec Led 3w Efecto Luces Led,"MushTEC 3W Efecto LED.
CARACTERÍSTICAS
Efecto clásico con tecnología de LEDs de 3w.
4 LEDs de 3W (1 rojo, 1 verde, 1 azul y 1 blanco).
Audio-activado, con control de sensibilidad.
Excelente cobertura y potencia.
Larga vida: 50.000 hs.
Bajo consumo y mínima emisión de calor.
Consumo: 23/32 watts.
Voltaje: CA 230 V, 50 Hz
Peso: 2.6 Kg.
Dimensiones: 390 x 290 x 290 mm.
Garantía de fábrica: 30 días",in stock,new,398998.00 ARS,https://tecnoshow.vercel.app/#MLA1787156895,https://http2.mlstatic.com/D_NQ_NP_2X_986101-MLA116412367032_092026-F.jpg,"https://http2.mlstatic.com/D_NQ_NP_2X_728243-MLA111639735487_052026-F.jpg,https://http2.mlstatic.com/D_NQ_NP_2X_637725-MLA111642445893_052026-F.jpg,https://http2.mlstatic.com/D_NQ_NP_2X_931354-MLA111642445899_052026-F.jpg",American Pro,Iluminación
MLA1576770627,Led Washer Pro Barra Led Spot 40 Led Pixel Gbr,"La Barra Spot Led 'Led Washer Pro' es la solución perfecta para iluminar cualquier evento con su potente sistema de 40 LEDs de 3W cada uno, ofreciendo una salida total de 240W. Su control por pixel permite crear efectos visuales impresionantes, mientras que el protocolo DMX 512 con 21 canales asegura una integración sencilla en sistemas de iluminación profesional. Con modos de operación auto y sonido, esta barra se adapta a cualquier ambiente, ya sea en fiestas, conciertos o producciones teatrales. Su ángulo de apertura de 3 grados permite concentrar la luz en áreas específicas, y su función de strobo añade un toque dinámico a tus presentaciones. Además, cuenta con un sistema de ventilación que garantiza un rendimiento óptimo, haciendo de este dispositivo una herramienta versátil y confiable para cualquier espectáculo.",in stock,new,367498.00 ARS,https://tecnoshow.vercel.app/#MLA1576770627,https://http2.mlstatic.com/D_NQ_NP_2X_817243-MLA96423941470_102025-F.jpg,"https://http2.mlstatic.com/D_NQ_NP_2X_761493-MLA94257312988_102025-F.jpg,https://http2.mlstatic.com/D_NQ_NP_2X_655344-MLA94686419899_102025-F.jpg,https://http2.mlstatic.com/D_NQ_NP_2X_908226-MLA94686311589_102025-F.jpg",Gbr,Iluminación
MLA3131180304,Lámpara de Descarga Venetian MSR 700 para Iluminación Profesional 700 W Blanco Neutro,"**Lámpara de Descarga Alternativa MSR 700 Xenpow NSD 700/2**
- Potente lámpara de descarga para aplicaciones de iluminación profesional.
- Ideal para eventos, espectáculos y producciones audiovisuales.
- Proporciona una luz intensa y de alta calidad.
- Compatible con sistemas de iluminación DMX.
- Diseño robusto y duradero para un uso prolongado.
- Fácil instalación y manejo.
- Con una potencia de 700 W, esta lámpara garantiza un rendimiento excepcional en cualquier entorno.
- Su tecnología de iluminación de descarga asegura una eficiencia energética superior, mientras que su forma Bipin y tipos de rosca permiten una instalación sencilla.
- Aunque no cuenta con conectividad Wi-Fi ni es giratoria, su diseño está pensado para satisfacer las exigencias de los profesionales del sector.
- Ideal para quienes buscan calidad y fiabilidad en sus equipos de iluminación.",in stock,new,367498.00 ARS,https://tecnoshow.vercel.app/#MLA3131180304,https://http2.mlstatic.com/D_NQ_NP_2X_888609-MLA98468353913_112025-F.jpg,,Venetian,Iluminación
MLA2017600366,Mega Gem Led Gbr Bañador De 576 Pixer Led Rgb Y 112 Blanco,"Mega Gem Led GBR Bañador de 576 Pixer Led RGB y 112 Pixel Led Blanco
Caracteristicas :
- LED 576 RGB pixel led alta potencia
- LED 112 Blanco pixel led
- Total 688 LED alta potencia
- DMX51 4/6/12/144/154 canales
- Efecto pixel
- Efecto flash
- Modo auto, audio, dmx
- Display digital",in stock,new,367498.00 ARS,https://tecnoshow.vercel.app/#MLA2017600366,https://http2.mlstatic.com/D_NQ_NP_2X_981913-MLA117913227377_092026-F.jpg,"https://http2.mlstatic.com/D_NQ_NP_2X_957852-MLA82554396567_022025-F.jpg,https://http2.mlstatic.com/D_NQ_NP_2X_723221-MLA82269973934_022025-F.jpg,https://http2.mlstatic.com/D_NQ_NP_2X_934685-MLA82270428846_022025-F.jpg",Gbr,Iluminación
MLA1371716644,Cabezal Verti Power Led Beam + Wash Rgbw Doble Cara,"Cabezal Doble Cara Gbr Verti Power Led Beam + Wash Rgbw
CABEZAL 360 2 en 1 BEAM+WASH
2 AÑOS DE GARANTIA
1 CREE LED 10W RGBW
4 X 10 W RGBW
15/21 canales DMX-512
Paneo: 540 *Inclinación (tilt): 360
ANGULO3/25 O 3/45
Reseteo DMX
Display Digital Multi funcion
Dimer
Efecto de flash con velocidad",in stock,new,367498.00 ARS,https://tecnoshow.vercel.app/#MLA1371716644,https://http2.mlstatic.com/D_NQ_NP_2X_989687-MLA117912494851_092026-F.jpg,"https://http2.mlstatic.com/D_NQ_NP_2X_922836-MLA54361141680_032023-F.jpg,https://http2.mlstatic.com/D_NQ_NP_2X_606381-MLA54360082827_032023-F.jpg,https://http2.mlstatic.com/D_NQ_NP_2X_910296-MLA54361408564_032023-F.jpg",Gbr,Iluminación
MLA3823227624,Spiro Led Beam Laser Flash Aro Led 6 En 1 Premiun Gbr,"Increible efecto super potente el mejor precio del mercado
Compra ya!
*Increible efecto 6 EN 1 *GIRO 360
* FLASH + EFECTO LED+ LASSER + ARO LED
*6 BEAM MOVILES 15W 4 EN 1 *2 FLASH 5W
*1LASER ROJO 100MW *1 LASER VERDE 100MW
*BOLA LED *Multi color*Alta potencia
*DMX-512 17/31 canales
*Dimmer *Strobo/flasheo
*Modo auto y sound
*Peso 2,5 kg
*Dimensiones 345*28*25 cm",in stock,new,359999.00 ARS,https://tecnoshow.vercel.app/#MLA3823227624,https://http2.mlstatic.com/D_NQ_NP_2X_985999-MLA116438678791_082026-F.jpg,"https://http2.mlstatic.com/D_NQ_NP_2X_603600-MLA116438205023_082026-F.jpg,https://http2.mlstatic.com/D_NQ_NP_2X_965255-MLA116438678799_082026-F.jpg,https://http2.mlstatic.com/D_NQ_NP_2X_954818-MLA115050436644_082026-F.jpg",Gbr,Iluminación
MLA3810143092,Spiro Led Laser Strobo Rgbw 150w Efecto Led Profesional,"SPIRO LED RGBW + LÁSER + STROBO + EFECTO MÁGICO
Un equipo de iluminación multifunción que combina LED RGBW, láser rojo y verde, efectos estroboscópicos y bandas de luz mágica, creando una gran variedad de efectos en un solo equipo.
Ideal para fiestas, DJs, eventos, salones, boliches y shows.
Características
10 unidades LED RGBW de 10 W
Láser rojo de 100 mW
Láser verde de 50 mW
2 luces estroboscópicas blancas de 10 W
2 luces estroboscópicas doradas de 10 W
23 bandas de luz mágica
26 canales DMX512
Modo DMX512
Modo Maestro/Esclavo
Modo automático
Control por sonido
Regulación de intensidad del 0 al 100%
Flash de hasta 20 destellos por segundo
Alimentación: 230 V AC / 50 Hz
¿Qué lo hace diferente?
El Spiro LED combina varios efectos de iluminación en un solo equipo: colores RGBW, láser rojo y verde, flashes blancos y dorados y bandas de luz mágica. Además, podés manejarlo automáticamente, al ritmo de la música o mediante DMX de 26 canales para tener un control más preciso.",in stock,new,359999.00 ARS,https://tecnoshow.vercel.app/#MLA3810143092,https://http2.mlstatic.com/D_NQ_NP_2X_871558-MLA114990304622_082026-F.jpg,"https://http2.mlstatic.com/D_NQ_NP_2X_604276-MLA116375375059_082026-F.jpg,https://http2.mlstatic.com/D_NQ_NP_2X_604734-MLA114990304628_082026-F.jpg,https://http2.mlstatic.com/D_NQ_NP_2X_988664-MLA114990214812_082026-F.jpg",Gbr,Iluminación
MLA3314443224,Moontec Iv - Efecto Led Moonflower Pro 256 Led Rgbwy De 5mm,"MoonTEC IV es un efecto LED que tiene 256 LEDs RGBWY (64R 64G 64B 32W 32Y) de 5mm que incluye efectos dinámicos y estáticos que realmente resaltan la unidad La unidad cuenta con un ángulo de haz de 37º y provee una función de estrobo increíble El equipo está diseñado para brindarle gran flexibilidad con sus 6 modos de operación (DMX Master/Slave programas incluidos Auto-run audiorítmico y color estático) y su capacidad de trabajar toda la noche MoonTEC IV la solución ideal para cualquier aplicación
Garantía de fábrica: 30 días",in stock,new,346498.00 ARS,https://tecnoshow.vercel.app/#MLA3314443224,https://http2.mlstatic.com/D_NQ_NP_2X_757142-MLA117913169591_092026-F.jpg,"https://http2.mlstatic.com/D_NQ_NP_2X_826467-MLA110685954534_052026-F.jpg,https://http2.mlstatic.com/D_NQ_NP_2X_831060-MLA110685303016_052026-F.jpg,https://http2.mlstatic.com/D_NQ_NP_2X_871910-MLA111639276999_052026-F.jpg",American Pro,Iluminación
MLA1785759023,Pls Solar Efecto Led 138 X 5mm Rgb 6 Lentes Dmx,"PLS Solar (Led8016)
Efecto Led
138 Leds x 5mm
RGB (36 Red + 48 Green + 54 Blue)
6 lentes
Función strobo
3 grupos de gobos
6 canales DMX
Dmx/Auto/audioritmico
Motor para movimiento horizontal
Garantía de fábrica: 30 días",in stock,new,314998.00 ARS,https://tecnoshow.vercel.app/#MLA1785759023,https://http2.mlstatic.com/D_NQ_NP_2X_681026-MLA116412366956_092026-F.jpg,"https://http2.mlstatic.com/D_NQ_NP_2X_771761-MLA111595797589_052026-F.jpg,https://http2.mlstatic.com/D_NQ_NP_2X_696870-MLA110644739580_052026-F.jpg,https://http2.mlstatic.com/D_NQ_NP_2X_612615-MLA110645297106_052026-F.jpg",Pls,Iluminación
MLA617776569,"Esferas De Espejos 50 Cm Sin Motor Nacional Espejos De 1,5cm","Esferas De Espejos 50 Cm Sin Motor Nacional Espejos De 1,5cm
ATENCION LA EMPRESA NO SE RESPONSABILIZA POR DAÑOS EN EL TRASLADO O FLETE. CONSIDERELO ANTES DE COMPRAR.",in stock,new,314998.00 ARS,https://tecnoshow.vercel.app/#MLA617776569,https://http2.mlstatic.com/D_NQ_NP_2X_908759-MLA117913169491_092026-F.jpg,"https://http2.mlstatic.com/D_NQ_NP_2X_907785-MLA31577287911_072019-F.jpg,https://http2.mlstatic.com/D_NQ_NP_2X_382021-MLA20685244117_042016-F.jpg,https://http2.mlstatic.com/D_NQ_NP_2X_449021-MLA20685244132_042016-F.jpg",Tecnoshow,Iluminación
MLA616753136,Sunray Led Efecto De Luces Audioritmico 6 Rayos De Color,Pls Sunray Led Efecto De Luces Audioritmico 6 Rayos De Color,in stock,new,314998.00 ARS,https://tecnoshow.vercel.app/#MLA616753136,https://http2.mlstatic.com/D_NQ_NP_2X_728590-MLA117913169837_092026-F.jpg,"https://http2.mlstatic.com/D_NQ_NP_2X_138911-MLA20673900655_042016-F.jpg,https://http2.mlstatic.com/D_NQ_NP_2X_616003-MLA110645114760_052026-F.jpg,https://http2.mlstatic.com/D_NQ_NP_2X_481911-MLA20673899610_042016-F.jpg",Pls,Iluminación
MLA901984120,Colorwall American Pro 3 Lámparas Halógenas 220 Volt 300 W,"Colorwall American Pro
3 Lámparas Halógenas de 300 W
220 Volt
COLORWALL puede funcionar en modo Maestro/Esclavo y modo DMX; además, el SRC-247 puede controlar todo el sistema en modo Maestro/Esclavo.
Modo Maestro: •AUTO • AUDIO
Modo Esclavo: RGB • C&B • RGB y Autónomo
""ESPECIFICACIONES;
Voltaje de entrada: CA 220 V 50/60 Hz 6,3 A mín. CA 110 V 50/60 Hz 10 A mín.
Potencia: 220 V 300 W x 3 (SALIDA MAXIMA),
Entrada y salida DMX: XLR hembra de 3 pines
Fusible: F6,3 A 250 V 5 x 20 mm (CA 220V)",in stock,new,314998.00 ARS,https://tecnoshow.vercel.app/#MLA901984120,https://http2.mlstatic.com/D_NQ_NP_2X_861576-MLA117913169595_092026-F.jpg,"https://http2.mlstatic.com/D_NQ_NP_2X_819724-MLA110467347721_042026-F.jpg,https://http2.mlstatic.com/D_NQ_NP_2X_697027-MLA110466842907_042026-F.jpg,https://http2.mlstatic.com/D_NQ_NP_2X_981227-MLA109587217250_042026-F.jpg",American Pro,Iluminación
MLA1376332423,Flash Acme Led St50 10 Lead Blancos De 50 Watt Dmx,"Flash Acme Led St50 10 Lead Blancos De 50 Watt Dmx
- 10 leds de 5 watts.
- Efecto estroboscópico.
- Carcasa de aluminio.
- Fácil de cablear, instalar y ajustar.
- Funciones estroboscópicas y 0 ~ 100% de regulación suave con variable y velocidad ajustable en la parte trasera de la unidad.
- Perfecto para discotecas, clubes, pubs, fiestas y mucho más.",in stock,new,313738.00 ARS,https://tecnoshow.vercel.app/#MLA1376332423,https://http2.mlstatic.com/D_NQ_NP_2X_749117-MLA117912966255_092026-F.jpg,"https://http2.mlstatic.com/D_NQ_NP_2X_873791-MLA70363053776_072023-F.jpg,https://http2.mlstatic.com/D_NQ_NP_2X_711155-MLA70387571951_072023-F.jpg,https://http2.mlstatic.com/D_NQ_NP_2X_881600-MLA70387765671_072023-F.jpg",Led,Iluminación
MLA1361474361,Splitter Dmx De 8 Canales Pls Litecraft Dd-8u - 2in 8out,"Splitter Dmx De 8 Canales Pls Litecraft Dd-8u - 2in 8out
Garantía de fábrica: 30 días",in stock,new,308532.00 ARS,https://tecnoshow.vercel.app/#MLA1361474361,https://http2.mlstatic.com/D_NQ_NP_2X_915990-MLA117913169681_092026-F.jpg,"https://http2.mlstatic.com/D_NQ_NP_2X_946233-MLA54177967539_032023-F.jpg,https://http2.mlstatic.com/D_NQ_NP_2X_998877-MLA54178019419_032023-F.jpg",Pls,Iluminación
MLA1753332053,Luces Led Hexagonales Hex-led 24 Pzs Blancas 5 Hexagonos,"Luces LED Hexagonales 24 piezas 5 Rejillas
MODELO DE ESTA PUBLICACIÓN:
- Tamaño: 5 Hex
DIMENSION DE LOS 5 HEX: 1,676M X 2,4M
Piezas: 44cm
DESCRIPCIÓN:
Luces Para Barbería, casa, gimnasio, garaje
Para techos duros: Asegure la unidad al techo utilizando los tornillos proporcionados y los agujeros de montaje pre-perforados.
CARACTERÍSTICAS DESTACADAS:
- Luz Brillante y Suave Tamaño Más Grande, no amarillean y son resistentes a altas temperaturas. Con un chip LED de alta calidad incorporado, las luces LED hexagonales para garaje emiten luz BLANCA de 6500K. Es estable sin parpadeos ni deslumbramientos, lo que no dañará los ojos. Ideal para luces LED de techo para sótanos,almacenamiento, almacenes, garajes, barberías, salones, talleres de reparación, sala de lavado de autos, sala de belleza, gimnasio, salón de exposición, sala de reuniones.
- Ahorro de Energía y Seguridad: Las luces de garaje hexagonales están hechas de chips LED de alta eficiencia y fuentes de alimentación de ahorro de energía. La eficiencia de la luz es tan alta como 120LM/W, lo que ahorra más del 50% de energía en comparación con las lámparas tradicionales. La pantalla está hecha de material PC ignífugo diseñado ópticamente con excelente rendimiento retardante de llama. La carcasa integrada sin cables expuestos puede evitar fugas, es más segura. Grandes luces hexagonales.
- Diseño de Alta Gama luz de gimnasio en casa: Con forma hexagonal y diseño de efecto de luz, las luces LED de techo DIY pueden mostrar la luz de manera uniforme sobre los objetos, creando un efecto visual estiloso y atmosférico, haciendo que las personas se sientan como en un espacio tecnológico del futuro. El grado de restauración de la iluminación de rejilla LED para garaje alcanza más del 98%, sin sombras en el área iluminada, lo que es muy adecuado para decoración en tiendas de vehículos, salones de exposición, gimnasios, salones de arte, salas de juegos, bares, etc. Luz de techo de garaje.
- Instalación DIY y Rápida: Las luces de taller LED están hechas de materiales ultraligeros y están diseñadas para ser instaladas rápidamente por una persona. Método de conexión de energía de enchufe rápido, bloqueo automático sin conexión manual, enchufar y usar. Estas luces de taller hexagonales son fáciles de instalar siguiendo el manual de instrucciones. Para techos duros: Asegure la unidad al techo utilizando los tornillos proporcionados y los agujeros de montaje pre-perforados. Para sistemas de rejilla: Adjunte la unidad utilizando las bridas de nylon incluidas para un ajuste seguro.
- Servicio Postventa de Calidad luces para barbería: Nos comprometemos a proporcionar un excelente servicio de pre-venta y post-venta para estas luces LED hexagonales de garaje para garantizar su satisfacción en cada paso del camino. Experimente la fiabilidad y alta calidad de las luces LED hexagonales para el garaje y disfrute del espacio brillante y eficiente que estas luces de garaje hexagonales brindan. Grandes luces de panel LED par",in stock,new,299999.00 ARS,https://tecnoshow.vercel.app/#MLA1753332053,https://http2.mlstatic.com/D_NQ_NP_2X_684696-MLA110552747341_042026-F.jpg,"https://http2.mlstatic.com/D_NQ_NP_2X_753288-MLA110552686317_042026-F.jpg,https://http2.mlstatic.com/D_NQ_NP_2X_689008-MLA110553367255_042026-F.jpg,https://http2.mlstatic.com/D_NQ_NP_2X_885156-MLA110553337059_042026-F.jpg",Solatmos,Iluminación
MLA3314440574,Laser Azul Moon L50b 150 Mw,"Características destacadas:
-Diodo de 150mW 450nm: Ofrece una proyección intensa y brillante, ideal para crear ambientes vibrantes y dinámicos.
-Programación versátil: Incluye varios modos de funcionamiento: automático, activado por sonido y audiorítmico, permitiéndote adaptar la iluminación a cualquier tipo de evento.
-Efectos avanzados: Equipado con más de 50 patrones de proyección púrpura, el láser crea efectos visuales impresionantes que realzan la experiencia auditiva y visual de tus eventos.
-Certificación CE y RoHS: Este producto cumple con los estándares de calidad y seguridad, asegurando un uso fiable y seguro.
Especificaciones técnicas:
-Fuente de alimentación: A, lo que garantiza un funcionamiento eficiente y sin interrupciones.
-Diseño compacto: Fácil de transportar y configurar en cualquier lugar, lo que lo hace perfecto para DJs, bandas, eventos corporativos y fiestas.
Beneficios:
-Impacto visual: La intensidad del láser azul y sus patrones personalizados crean un ambiente único y cautivador, perfecto para cualquier tipo de celebración.
-Facilidad de uso: Con múltiples modos de activación, este láser es fácil de manejar, permitiendo que tanto profesionales como aficionados puedan disfrutar de sus efectos.
-Durabilidad y seguridad: La certificación CE y RoHS garantiza que este láser es seguro para su uso en cualquier entorno.
Garantía de fábrica: 30 días",in stock,new,293998.00 ARS,https://tecnoshow.vercel.app/#MLA3314440574,https://http2.mlstatic.com/D_NQ_NP_2X_711147-MLA117912231017_092026-F.jpg,"https://http2.mlstatic.com/D_NQ_NP_2X_999322-MLA111639270441_052026-F.jpg,https://http2.mlstatic.com/D_NQ_NP_2X_618379-MLA110683840646_052026-F.jpg,https://http2.mlstatic.com/D_NQ_NP_2X_926738-MLA111638763521_052026-F.jpg",Moon,Iluminación
MLA1829737691,Efecto Led Beamtec Tecshow,"BeamTEC es un efecto LED que tiene 3 LEDs RGB de 3W que provee haces de luz tipo beam muy definidos y una función de estrobo. El equipo está diseñado para brindarle gran flexibilidad con sus 3 modos de operación (DMX, Master/Slave, audiorítmico), su capacidad de trabajar toda la noche y su control exacto de dimmer electrónico de 0-100%. BeamTEC es la solución ideal para cualquier aplicación.",in stock,new,283498.00 ARS,https://tecnoshow.vercel.app/#MLA1829737691,https://http2.mlstatic.com/D_NQ_NP_2X_823657-MLA111874122304_062026-F.jpg,"https://http2.mlstatic.com/D_NQ_NP_2X_931547-MLA112989462775_062026-F.jpg,https://http2.mlstatic.com/D_NQ_NP_2X_981050-MLA112990918229_062026-F.jpg,https://http2.mlstatic.com/D_NQ_NP_2X_726684-MLA111874889628_062026-F.jpg",Tecshow,Iluminación
MLA764540245,Gbr Par Led 64 L Dmx Spot Tacho De Led Aluminio Pulido Largo,"GBR Par Led 64 L Dmx
Spot Tacho De Led Aluminio Pulido Largo",in stock,new,269999.00 ARS,https://tecnoshow.vercel.app/#MLA764540245,https://http2.mlstatic.com/D_NQ_NP_2X_969307-MLA117913257311_092026-F.jpg,"https://http2.mlstatic.com/D_NQ_NP_2X_958911-MLA20667915711_042016-F.jpg,https://http2.mlstatic.com/D_NQ_NP_2X_609911-MLA20667920632_042016-F.jpg,https://http2.mlstatic.com/D_NQ_NP_2X_319811-MLA20667915714_042016-F.jpg",Gbr,Iluminación
MLA1932510799,Barral Pixel Led Gbr Wash Led 6,"La Barral Pixel Led Gbr Wash Led 6 es una potente barra LED bañador que cuenta con 8 secciones y un total de 80 LED de 3W cada uno, ofreciendo una vibrante mezcla de colores RGB. Su diseño incluye un ángulo de apertura del haz de luz de 25°, ideal para crear efectos de iluminación envolventes en cualquier evento. Este dispositivo es controlado mediante DMX, con 24 canales disponibles, lo que permite una gran versatilidad en su uso. Además, cuenta con modos de operación automáticos y de sonido, así como funciones de strobo y dimmer para personalizar la experiencia visual. Con una vida útil de 50,000 horas, es una opción confiable y duradera para profesionales del entretenimiento. Su peso es de 2550 g y viene en un paquete con dimensiones de 30 cm de altura, 23 cm de largo y 24 cm de ancho, asegurando un transporte seguro y fácil.",in stock,new,262498.00 ARS,https://tecnoshow.vercel.app/#MLA1932510799,https://http2.mlstatic.com/D_NQ_NP_2X_715799-MLA108571287814_032026-F.jpg,"https://http2.mlstatic.com/D_NQ_NP_2X_994278-MLA109375757529_032026-F.jpg,https://http2.mlstatic.com/D_NQ_NP_2X_813702-MLA109375727537_032026-F.jpg,https://http2.mlstatic.com/D_NQ_NP_2X_991256-MLA108571258148_032026-F.jpg",Gbr,Iluminación
MLA865701634,Interface Dmx 512 Gbr Light Pro Usb Controlador Iluminacion,"Características
Marca : GBR
Modelo : Light Pro
Potencia de salida 0 W
Tipo de dispositivo INTERFACE DMX
Cantidad de luces LED 0
Modos de control DMX
Flash Sí
Luz negra No
EXCELENTE DISPOSITIVO PARA MANEJAR TODO CON LA COMPUTADORA
INTERFACE DMX512-USB
PODER DE PROGRAMACION
PERMITE CONTROLAR TODO
EL SISTEMA DMX DESDE LA PC
512 CH DMX
INCLUYE SOFTWARE FREESTYLER
CABLE USB
Control de Pan y Tilt con el mouse
Función Audio rítmica
Posibilidad de conectar un Joystick
Compatible con consolas midi
Manejo con Touch Screen
Hasta 16 pasos por escena.
Reproduccion de hasta 20 escenas simultaneas",in stock,new,257248.00 ARS,https://tecnoshow.vercel.app/#MLA865701634,https://http2.mlstatic.com/D_NQ_NP_2X_785111-MLA117912494725_092026-F.jpg,"https://http2.mlstatic.com/D_NQ_NP_2X_772210-MLA42458613083_072020-F.jpg,https://http2.mlstatic.com/D_NQ_NP_2X_801537-MLA42458610127_072020-F.jpg,https://http2.mlstatic.com/D_NQ_NP_2X_707694-MLA42458579701_072020-F.jpg",Gbr,Iluminación
MLA3365819282,Efecto Led Tecshow Cuatrotec Evo Rgbw Dmx,"Efecto LED RGBW de 4 vías tipo moonflower
152 LEDs RGBW de alta potencia
Ángulo de haz: 15º x 4
Control DMX, Auto, Sonido, Maestro/Esclavo, Remoto
Hasta 16 segmentos
Cuatrotec EVO es un efecto LED de 4 vías tipo moonflower equipado con 152 LEDs RGBW. El equipo entrega 4 haces de 15º potentes y definidos a través de sus 4 lentes. Incorpora función de estrobo, programas integrados, y 4 modos de operación: DMX, audiorítmico, auto, y control remoto.
Físico
Pantalla LED de 4 dígitos
Conectores DMX: 2 conectores XLR (XLR-3 de entrada & salida)
Dimensiones: 432*279*184 mm.
Peso: 3.25 Kg.",in stock,new,251998.00 ARS,https://tecnoshow.vercel.app/#MLA3365819282,https://http2.mlstatic.com/D_NQ_NP_2X_987977-MLA104664730641_012026-F.jpg,https://http2.mlstatic.com/D_NQ_NP_2X_824067-MLA104122203362_012026-F.jpg,Tecshow,Iluminación
MLA1407131476,Splitter Dmx Pls Dd-4u De Luces 4 Canales Aislamiento Óptico,"SPLITTER DMX512 - 4 CANALES
Este equipo es especial para mejorar y aislar la señal DMX proveniente de una consola o interface de PC.
Gracias a su diseño de doble fuente ( Aislacion Galvanica ) y Aislacion Optica, permite obtener 4 salidas individuales una de otra, totalmente aisladas con respecto a la entrada.
Una de las principales ventajas del equipo es la de independizar las ramas DMX, de forma que si ocurre algun problema en algun cable, conector o si alguno de los equipos llegara a fallar, solo se vera afectada dicha rama cortando el problema alli y no perjudicando a las demas lineas de comunicacion.
** INDICADOR DE SEÑAL DMX DE ENTRADA Y EN CADA UNA DE LAS 4 SALIDAS
** Dimensiones: 483x136x46 mm. / 19x5.3x1.8 pulg.
** Peso: 2.6 Kg. / 5.7 Lbs",in stock,new,237022.00 ARS,https://tecnoshow.vercel.app/#MLA1407131476,https://http2.mlstatic.com/D_NQ_NP_2X_608645-MLA117912230961_092026-F.jpg,,Pls,Iluminación
MLA1787153445,Minibrut Para 4 Lamparas Tec Show American Pro Sin Lamparas,"Minibrut Para 4 Lamparas Tec Show De American Pro Sin Lamparas Color Negro Mate
Características
Marca : Tecshow
Modelo : Minibrut 4
Marca: Tecshow
Modelo: MINIBRUT
Color : Negro Mate
Características
Potencia: 2600 W
Modo de control: MANUAL",in stock,new,236786.00 ARS,https://tecnoshow.vercel.app/#MLA1787153445,https://http2.mlstatic.com/D_NQ_NP_2X_923666-MLA117912231095_092026-F.jpg,"https://http2.mlstatic.com/D_NQ_NP_2X_650469-MLA111645427447_052026-F.jpg,https://http2.mlstatic.com/D_NQ_NP_2X_872457-MLA110692221032_052026-F.jpg",Tecshow,Iluminación
MLA691828544,Consola Dmx Operator 192 Canales Control. Dmx 512 1 Año Gtia,"Características
Marca GBR
Modelo Dmx oprator
Tipo de dispositivo CONSOLA DMX
Modos de control DMX,Audio
Flash Sí
Luz negra No
ORIGINAL GBR DMX OPERATOR ULTIMO MODELO
CONSOLA DMX512
CONTROLA TODOS TUS EQUIPOS Y PROGRAMALOS A GUSTO
240 ESCENAS PROGRAMABLES
6 BANCOS DE MEMORIA
AUDIO/MANUAL
192 CANALES PARA DMX 512.",in stock,new,230998.00 ARS,https://tecnoshow.vercel.app/#MLA691828544,https://http2.mlstatic.com/D_NQ_NP_2X_904223-MLA117912966247_092026-F.jpg,"https://http2.mlstatic.com/D_NQ_NP_2X_848336-MLA41901504029_052020-F.jpg,https://http2.mlstatic.com/D_NQ_NP_2X_623210-MLA41901482557_052020-F.jpg,https://http2.mlstatic.com/D_NQ_NP_2X_209221-MLA20742106624_052016-F.jpg",Gbr,Iluminación
MLA3337516044,Kit Dmx Inalambrico Transmisor Receptor Wireless 2.4 Dmxar,"Transmisor y Receptor DMX Inalámbrico 2.4GHz – Plug & Play
Simplificá tus instalaciones y olvidate de los cables largos. Este sistema DMX inalámbrico permite transmitir datos DMX512 en tiempo real con total estabilidad y sin interferencias, ideal para eventos, escenarios, teatros, discotecas, estudios o instalaciones fijas.
Con solo conectar el transmisor a tu consola o interfaz DMX y el receptor a tus luces, tendrás comunicación inmediata y confiable hasta 400 metros de distancia en campo abierto.
Características principales:
- Transmisión DMX512 digital en tiempo real mediante tecnología inalámbrica 2.4GHz
- Plug & Play: simplemente conectar y usar, sin configuraciones complicadas
- Comunicación estable hasta 400 metros (en campo abierto)
- 126 canales automáticos con salto de frecuencia para evitar interferencias
- Permite configurar hasta 7 grupos independientes sin interferirse entre sí
- Cuerpo metálico de aleación de aluminio, resistente y duradero
- Compatible con cualquier consola, interfaz o dispositivo DMX con conector XLR de 3 pines
Aplicaciones:
Perfecto para uso en shows, escenarios, estudios de TV, eventos, montajes de DJ, discotecas, teatros, iglesias o cualquier instalación de iluminación profesional donde se busque eliminar el cable DMX entre la consola y las luminarias.
Especificaciones técnicas:
* Material: Aleación de aluminio
* Estándar de transmisión: DMX512 digital
* Banda de frecuencia: 2.4GHz ISM (126 canales)
* Grupos de red: 7 grupos independientes
* Potencia máxima de transmisión: 20dBm
* Sensibilidad de recepción: -94dBm
* Distancia de comunicación: hasta 400 m (en campo abierto)
* Interfaz: XLR de 3 pines
* Alimentación: por adaptador incluido
* Modo de uso: Plug and Play
Contenido del paquete:
1 Transmisor DMX inalámbrico
1 Receptor DMX inalámbrico
2 Adaptadores de corriente
1 Manual de usuario
Garantía de fábrica: 30 días",in stock,new,209998.00 ARS,https://tecnoshow.vercel.app/#MLA3337516044,https://http2.mlstatic.com/D_NQ_NP_2X_728219-MLA111858663947_052026-F.jpg,"https://http2.mlstatic.com/D_NQ_NP_2X_756832-MLA111858307681_052026-F.jpg,https://http2.mlstatic.com/D_NQ_NP_2X_706893-MLA111857714815_052026-F.jpg,https://http2.mlstatic.com/D_NQ_NP_2X_623697-MLA111857714817_052026-F.jpg",Dmxar,Iluminación
MLA3337516826,Kit Dmx Inalambrico Transmisor Receptor Wireless 2.4,"Transmisor y Receptor DMX Inalámbrico 2.4GHz – Plug & Play
Simplificá tus instalaciones y olvidate de los cables largos. Este sistema DMX inalámbrico permite transmitir datos DMX512 en tiempo real con total estabilidad y sin interferencias, ideal para eventos, escenarios, teatros, discotecas, estudios o instalaciones fijas.
Con solo conectar el transmisor a tu consola o interfaz DMX y el receptor a tus luces, tendrás comunicación inmediata y confiable hasta 400 metros de distancia en campo abierto.
Características principales:
- Transmisión DMX512 digital en tiempo real mediante tecnología inalámbrica 2.4GHz
- Plug & Play: simplemente conectar y usar, sin configuraciones complicadas
- Comunicación estable hasta 400 metros (en campo abierto)
- 126 canales automáticos con salto de frecuencia para evitar interferencias
- Permite configurar hasta 7 grupos independientes sin interferirse entre sí
- Cuerpo metálico de aleación de aluminio, resistente y duradero
- Compatible con cualquier consola, interfaz o dispositivo DMX con conector XLR de 3 pines
Aplicaciones:
Perfecto para uso en shows, escenarios, estudios de TV, eventos, montajes de DJ, discotecas, teatros, iglesias o cualquier instalación de iluminación profesional donde se busque eliminar el cable DMX entre la consola y las luminarias.
Especificaciones técnicas:
* Material: Aleación de aluminio
* Estándar de transmisión: DMX512 digital
* Banda de frecuencia: 2.4GHz ISM (126 canales)
* Grupos de red: 7 grupos independientes
* Potencia máxima de transmisión: 20dBm
* Sensibilidad de recepción: -94dBm
* Distancia de comunicación: hasta 400 m (en campo abierto)
* Interfaz: XLR de 3 pines
* Alimentación: por adaptador incluido
* Modo de uso: Plug and Play
Contenido del paquete:
1 Transmisor DMX inalámbrico
1 Receptor DMX inalámbrico
2 Adaptadores de corriente
1 Manual de usuario
Garantía de fábrica: 30 días",in stock,new,209998.00 ARS,https://tecnoshow.vercel.app/#MLA3337516826,https://http2.mlstatic.com/D_NQ_NP_2X_931668-MLA111859464793_052026-F.jpg,"https://http2.mlstatic.com/D_NQ_NP_2X_740404-MLA111857955243_052026-F.jpg,https://http2.mlstatic.com/D_NQ_NP_2X_851219-MLA110892658138_052026-F.jpg,https://http2.mlstatic.com/D_NQ_NP_2X_678105-MLA111859406807_052026-F.jpg",Dmxar,Iluminación
MLA3649509860,Lampara Pantalla Galponera Aluminio 45cm +gancho+portalamp,"La Lámpara Galponera LED 100W es la solución ideal para galpones, talleres, depósitos, locales comerciales, cocheras, industrias y todo ambiente que requiera una iluminación potente y uniforme.
Gracias a su reflector de aluminio de alta eficiencia y su luz blanca fría de 6500K, ofrece un excelente rendimiento lumínico con un bajo consumo eléctrico.
Características:
Potencia: 100W
Tensión de trabajo: 175 a 265V AC
Temperatura de color: 6500K (Blanco Frío)
Reflector de aluminio de alta reflexión
Encendido instantáneo
Bajo consumo energético
Excelente disipación del calor
Larga vida útil
Ideal para uso continuo
Aplicaciones:
Galpones
Depósitos
Talleres
Industrias
Locales comerciales",in stock,new,199999.00 ARS,https://tecnoshow.vercel.app/#MLA3649509860,https://http2.mlstatic.com/D_NQ_NP_2X_813949-MLA114964380723_072026-F.jpg,"https://http2.mlstatic.com/D_NQ_NP_2X_680907-MLA114963463191_072026-F.jpg,https://http2.mlstatic.com/D_NQ_NP_2X_755316-MLA114964795183_072026-F.jpg,https://http2.mlstatic.com/D_NQ_NP_2X_675461-MLA114963048929_072026-F.jpg",Generic,Iluminación
MLA809912569,Gbr Led Par 500 Dmx 6 En 1 Con Led Uv De 10 Watt Oferta,"Proton Tacho de Les GBR Led Par 500 DMX 6 en 1 con Led UV de 10 Watt Oferta
Garantía de fábrica: 6 meses",in stock,new,192580.00 ARS,https://tecnoshow.vercel.app/#MLA809912569,https://http2.mlstatic.com/D_NQ_NP_2X_963703-MLA117913227273_092026-F.jpg,"https://http2.mlstatic.com/D_NQ_NP_2X_910829-MLA31881350816_082019-F.jpg,https://http2.mlstatic.com/D_NQ_NP_2X_949201-MLA31881344847_082019-F.jpg",Gbr,Iluminación
MLA1444988853,Spiroled 84 Gbr Efecto Water Led + Laser Verde C/remoto Dmx,Spiroled 84 GBR,in stock,new,178498.00 ARS,https://tecnoshow.vercel.app/#MLA1444988853,https://http2.mlstatic.com/D_NQ_NP_2X_833233-MLA116412367078_092026-F.jpg,"https://http2.mlstatic.com/D_NQ_NP_2X_815041-MLA78370187854_082024-F.jpg,https://http2.mlstatic.com/D_NQ_NP_2X_913049-MLA78370257186_082024-F.jpg,https://http2.mlstatic.com/D_NQ_NP_2X_660258-MLA78370187922_082024-F.jpg",Gbr,Iluminación
MLA2013484645,Consola Tablero De Llaves 10 Teclas On/off Con Luz Gbr,"CONSOLA DE LUCES 10 TECLAS CON LUZ ON/OFF , LA MEJOR !!
Consola para Iluminacion
10 Teclas Individuales Con indicador de Luz
Termica individual por tecla",in stock,new,159999.00 ARS,https://tecnoshow.vercel.app/#MLA2013484645,https://http2.mlstatic.com/D_NQ_NP_2X_976554-MLA115047077866_082026-F.jpg,"https://http2.mlstatic.com/D_NQ_NP_2X_745888-MLA115046315882_082026-F.jpg,https://http2.mlstatic.com/D_NQ_NP_2X_839402-MLA116435788187_082026-F.jpg,https://http2.mlstatic.com/D_NQ_NP_2X_848731-MLA115046315884_082026-F.jpg",Gbr,Iluminación
MLA717278964,Proton Nebula 6 Rgbwa + Uv Ampro Tecshow Am Pro Ambar Uv 12w,"Nebula 6 Am Pro Tacho Par 64 Led Dmx Rgbw Ambar Uv 12w
Proton Nebula 6 Rgbwa + Uv Ampro Tecshow
Características
Marca:AMPRO
Modelo:nebula 6",in stock,new,159999.00 ARS,https://tecnoshow.vercel.app/#MLA717278964,https://http2.mlstatic.com/D_NQ_NP_2X_676441-MLA116412568212_092026-F.jpg,"https://http2.mlstatic.com/D_NQ_NP_2X_785902-MLA43627268327_092020-F.jpg,https://http2.mlstatic.com/D_NQ_NP_2X_952845-MLA43627279195_092020-F.jpg,https://http2.mlstatic.com/D_NQ_NP_2X_687583-MLA32462955699_102019-F.jpg",Tecshow,Iluminación
MLA3322906158,Controlador Dmx De Luces Interface Dmx Wifi 2 Salidas Xlr,"*** DMX JAHRO WIFI ***
Especificaciones técnicas DMX:
Compatible con todos los programas que puedan transmitir DMX por protocolo artnet. Es muy sencillo se conecta la interfaz a la red mediante su fuente incorporada, seleccioná la red wifi a la que desea conectarse y la interfaz ya está lista.
Cuenta con dos modos de operación:
Acces Point (Te conectas a la red wifi del nodo)
Cliente (Configuras al nodo a la red wifi que tengas)
Sistemas operativos soportados:
WINDOWS
ANDROID
IOS
LINUX
Software Recomendados:
Freestyler DMX
QLC+
JINX
DOT2
y muchos mas..
Led indicador de estado.
Salida XLR tipo Neutrik 3 pines hembra.
Fuente 5V 1A incorporada.
Baja Latencia y estabilidad en la señal.
Soporta hasta 32 luminarias por salida (Conectando un splitter se puede aumentar la cantidad).
Salidas aisladas.
Se configura mediante una página web alojada dentro de la interfaz, se puede asignar cualquier universo a cualquier salida.
Carcaza compacta impresa en 3D, robusta y con buena terminación estética.
Sin necesidad de cables USB o grandes distancias de cable dmx.
Garantía de fábrica: 30 días",in stock,new,157498.00 ARS,https://tecnoshow.vercel.app/#MLA3322906158,https://http2.mlstatic.com/D_NQ_NP_2X_677207-MLA111703320653_052026-F.jpg,"https://http2.mlstatic.com/D_NQ_NP_2X_762118-MLA111703157295_052026-F.jpg,https://http2.mlstatic.com/D_NQ_NP_2X_904323-MLA111703186757_052026-F.jpg",Jahro,Iluminación
MLA3277238926,Linterna Multifuncion Led Alta Potencia Recargable 5 Efectos,"LINTERNA TACTICA RECARGABLE DE MANO DE ALTA POTENCIA
La Lámpara Táctica Laser LED de 30,000 lúmenes es la herramienta perfecta para quienes buscan una iluminación potente y versátil. Con un alcance de proyección de hasta 1000 metros, esta linterna es ideal para actividades al aire libre como camping, senderismo y seguridad. Su diseño robusto de aluminio la hace resistente al polvo y al agua, garantizando durabilidad en cualquier entorno. Cuenta con 4 modos de luz, incluyendo un modo estroboscópico que se activa fácilmente. Además, su función de Power Bank permite cargar otros dispositivos, mientras que el indicador de batería te mantiene informado sobre su estado. Incluye una batería compuesta de 3 pilas 18650 recargables, asegurando hasta 6 horas de uso continuo. Con un diámetro de 4.5 cm y un color negro elegante, es una herramienta indispensable para el hogar, el equipo táctico y las fuerzas de seguridad.
Garantía de fábrica: 30 días",in stock,new,157498.00 ARS,https://tecnoshow.vercel.app/#MLA3277238926,https://http2.mlstatic.com/D_NQ_NP_2X_913016-MLA117912231103_092026-F.jpg,"https://http2.mlstatic.com/D_NQ_NP_2X_969093-MLA110342970836_052026-F.jpg,https://http2.mlstatic.com/D_NQ_NP_2X_796504-MLA110344906136_052026-F.jpg,https://http2.mlstatic.com/D_NQ_NP_2X_833211-MLA111273891155_052026-F.jpg",Generic,Iluminación
MLA617776657,"Esferas De Espejos 40 Cm Sin Motor Nacional Espejos De 1,5cm","Esferas De Espejos 40 Cm Sin Motor Nacional Espejos De 1,5cm",in stock,new,157498.00 ARS,https://tecnoshow.vercel.app/#MLA617776657,https://http2.mlstatic.com/D_NQ_NP_2X_754078-MLA31009563439_062019-F.jpg,"https://http2.mlstatic.com/D_NQ_NP_2X_382021-MLA20685244117_042016-F.jpg,https://http2.mlstatic.com/D_NQ_NP_2X_449021-MLA20685244132_042016-F.jpg,https://http2.mlstatic.com/D_NQ_NP_2X_940021-MLA20685249692_042016-F.jpg",TecnoShow,Iluminación
MLA2014051161,Consola Tablero Llaves Teclas 8 Canales On/off Luces Dj Gbr,"La consola de teclas tododj modelo 8 CANALES ofrece un control práctico para sistemas de iluminación con ocho canales independientes. Su diseño permite gestionar encendidos y apagados de manera clara, ideal para ambientes donde se requiere supervisión precisa de cada línea. Las luces rojas facilitan la lectura visual del estado de cada canal con rapidez.
Pensada para uso en entornos de audio e iluminación profesional, esta consola aporta orden y respuesta directa en cada comando. Cuenta con 8 luces LED y 8 canales, lo que la convierte en una solución simple y funcional para control manual. Su formato de tablero de llaves favorece una operación cómoda y confiable.
Si buscas una herramienta directa para administrar iluminación en eventos, cabinas o montajes técnicos, esta consola reúne lo esencial para un manejo eficiente. Su estructura concentrada en funciones básicas ayuda a mantener una operación estable y sin complicaciones. Es una elección adecuada para quienes priorizan control, claridad y practicidad en un solo equipo.",in stock,new,149999.00 ARS,https://tecnoshow.vercel.app/#MLA2014051161,https://http2.mlstatic.com/D_NQ_NP_2X_986687-MLA116440490625_082026-F.jpg,"https://http2.mlstatic.com/D_NQ_NP_2X_938779-MLA116441460695_082026-F.jpg,https://http2.mlstatic.com/D_NQ_NP_2X_721701-MLA115052208900_082026-F.jpg,https://http2.mlstatic.com/D_NQ_NP_2X_625408-MLA115051797460_082026-F.jpg",Tododj,Iluminación
MLA764539241,Gbr Par Led 400 Negro Proton 36 Led Alta Potencia (el Par),"Kit de 2 Par Led 400 Gbr Negro
Proton 36 Led Alta Potencia (Precio por El Par)
Características
Marca: GBR
Modelo: Led par 400
Potencia:36 W
Cantidad de LEDS:36
Modo de control:
Auto Audio DMX
Cantidad de canales:7",in stock,new,148138.00 ARS,https://tecnoshow.vercel.app/#MLA764539241,https://http2.mlstatic.com/D_NQ_NP_2X_651662-MLA116412366944_092026-F.jpg,"https://http2.mlstatic.com/D_NQ_NP_2X_355321-MLA20763621347_062016-F.jpg,https://http2.mlstatic.com/D_NQ_NP_2X_316321-MLA20763621405_062016-F.jpg,https://http2.mlstatic.com/D_NQ_NP_2X_209221-MLA20742106624_052016-F.jpg",Gbr,Iluminación
MLA856999887,Consola Dmx Gbr Dmx Operator Eco 192ch 8 Prog 16canal Dmx512,"Características
Marca GBR
Modelo Dmx oprator
Tipo de dispositivo CONSOLA DMX
Modos de control DMX,Audio
Flash Sí
Luz negra No
ORIGINAL GBR DMX OPERATOR ULTIMO MODELO
CONSOLA DMX512
CONTROLA TODOS TUS EQUIPOS Y PROGRAMALOS A GUSTO
240 ESCENAS PROGRAMABLES
6 BANCOS DE MEMORIA
AUDIO/MANUAL
192 CANALES PARA DMX 512.",in stock,new,146998.00 ARS,https://tecnoshow.vercel.app/#MLA856999887,https://http2.mlstatic.com/D_NQ_NP_2X_782538-MLA117913227457_092026-F.jpg,"https://http2.mlstatic.com/D_NQ_NP_2X_890861-MLA41901359007_052020-F.jpg,https://http2.mlstatic.com/D_NQ_NP_2X_872144-MLA41901311750_052020-F.jpg",Gbr,Iluminación
MLA735090699,Consola Dmx Operator Gbr 192 Canales Dmx 512 Conzola Dmx,"Consola Gbr Dmx Operator 192 Canales Control. Dmx 512 1 Año Gtia
(Nuevo En Caja Cerrada)",in stock,new,146998.00 ARS,https://tecnoshow.vercel.app/#MLA735090699,https://http2.mlstatic.com/D_NQ_NP_2X_610237-MLA117912464085_092026-F.jpg,"https://http2.mlstatic.com/D_NQ_NP_2X_838753-MLA41901578150_052020-F.jpg,https://http2.mlstatic.com/D_NQ_NP_2X_829810-MLA41901571214_052020-F.jpg,https://http2.mlstatic.com/D_NQ_NP_2X_316321-MLA20763621405_062016-F.jpg",Gbr,Iluminación
MLA3164386954,Tacho Pls Par 610 Rgbw Con 7 Leds Dmx 10 Canales De 70w,"PLS 610
ESPECIFICACIONES:
• Tacho de 10w RGBWA
• RGBWA (rojo, Verde, Azul y Blanco)
• Dimmer: 2 CPU
• IP20
• Automático, DMX512 y Audiorrítmico",in stock,new,125998.00 ARS,https://tecnoshow.vercel.app/#MLA3164386954,https://http2.mlstatic.com/D_NQ_NP_2X_677916-MLA116412481158_092026-F.jpg,"https://http2.mlstatic.com/D_NQ_NP_2X_759448-MLA110173234279_042026-F.jpg,https://http2.mlstatic.com/D_NQ_NP_2X_989560-MLA110173292353_042026-F.jpg,https://http2.mlstatic.com/D_NQ_NP_2X_990266-MLA110173828139_042026-F.jpg",Gbr,Iluminación
MLA3783751350,Spot 18 Led Proton Par 500 180w 6 En 1 Con Uv Luz Negra Gbr,"Spot compacto
EXCELENTE POTENCIA
SPOT GBR LED PAR 500 DMX
CON UV LUZ NEGRA Y AMBAR
*SPOT COMPACTO RGBW
*18 LED X 10W
* ALTA POTENICA*FAN
*Programable DMX512 4/8 ch
*Colores: RGB /*Dimmer / Flash
*Modo Auto / Audio*Display Digital
*Master / Esclavo *Angulo 45
*Dim:23*11*24 cm
*Peso 1,5 kg",in stock,new,119999.00 ARS,https://tecnoshow.vercel.app/#MLA3783751350,https://http2.mlstatic.com/D_NQ_NP_2X_839247-MLA115778637105_082026-F.jpg,"https://http2.mlstatic.com/D_NQ_NP_2X_952263-MLA114429308444_082026-F.jpg,https://http2.mlstatic.com/D_NQ_NP_2X_923922-MLA114429513188_082026-F.jpg,https://http2.mlstatic.com/D_NQ_NP_2X_785123-MLA115778107619_082026-F.jpg",Gbr,Iluminación
MLA764540686,Par Led Proton Dmx 18x1 Reales  Tecshow,"Cosmo Par 18 Led.
Spot compacto rgb de 18 led por 1W de alta potencia y rendimiento. Compatible y programable con DMX512 7 ch. Utiliza los sistemas de color RGB, Dimmer o Flash.
Trabajar en los modos auto o auto display digital
Consituible como master / esclavo ya que puede conectar varios dispositivos en cadena
Opcion de angulo a 15° con un peso de 1kg
Tu consulta no es molestia estamos a tu disposicion.
(TAMBIÉN PUBLICADO EN OTROS MEDIOS)
EL ARTICULO SALE CON FACTURA ""A"" O ""B""
GARANTIA ESCRITA DE 6 MESES OFICIAL DE LA MARCA",in stock,new,114343.00 ARS,https://tecnoshow.vercel.app/#MLA764540686,https://http2.mlstatic.com/D_NQ_NP_2X_687956-MLA117912494747_092026-F.jpg,"https://http2.mlstatic.com/D_NQ_NP_2X_620708-MLA26610532808_012018-F.jpg,https://http2.mlstatic.com/D_NQ_NP_2X_926233-MLA26610536209_012018-F.jpg,https://http2.mlstatic.com/D_NQ_NP_2X_705525-MLA26610549171_012018-F.jpg",Tecshow,Iluminación
MLA3783753166,Spot 18 Led Proton Par 300 180w Con Aro De Led Gbr,"Spot compacto
EXCELENTE POTENCIA
SPOT GBR LED PAR 300 DMX
*SPOT COMPACTO RGBW
*18 LED X 10W
* ALTA POTENICA*FAN
*Programable DMX512 4/8 ch
*Colores: RGB /*Dimmer / Flash
*Modo Auto / Audio*Display Digital
*Master / Esclavo *Angulo 45
*Dim:23*11*24 cm
*Peso 1,5 kg",in stock,new,109999.00 ARS,https://tecnoshow.vercel.app/#MLA3783753166,https://http2.mlstatic.com/D_NQ_NP_2X_952263-MLA114429308444_082026-F.jpg,"https://http2.mlstatic.com/D_NQ_NP_2X_839247-MLA115778637105_082026-F.jpg,https://http2.mlstatic.com/D_NQ_NP_2X_923922-MLA114429513188_082026-F.jpg,https://http2.mlstatic.com/D_NQ_NP_2X_785123-MLA115778107619_082026-F.jpg",Gbr,Iluminación
MLA1378909745,Pin Spot Led Par36 Proton 1x10w Rgbw Bola Esfera De Espejos,"Pin Spot Led Par 36 Proton 1x10w Rgbw Para Iluminar Bola Esfera De Espejos.
Cambio De Colores Y DMX",in stock,new,109999.00 ARS,https://tecnoshow.vercel.app/#MLA1378909745,https://http2.mlstatic.com/D_NQ_NP_2X_666649-MLA117912231071_092026-F.jpg,"https://http2.mlstatic.com/D_NQ_NP_2X_862677-MLA70641982347_072023-F.jpg,https://http2.mlstatic.com/D_NQ_NP_2X_664985-MLA70641982383_072023-F.jpg,https://http2.mlstatic.com/D_NQ_NP_2X_803654-MLA70613684334_072023-F.jpg",Gbr,Iluminación
MLA743505695,Vidrio Repuesto Para Parabola Par 64 Pack De 12 U 3 Modelos,"12 Vidrios de repuesto para par 64 modelo haZ abierto (Vicrio Rayado)
Especificar que modelos se solicitan para ser enviados correctamente
Clear
Narrow
Super Narrow",in stock,new,104998.00 ARS,https://tecnoshow.vercel.app/#MLA743505695,https://http2.mlstatic.com/D_NQ_NP_2X_966245-MLA111288854070_052026-F.jpg,"https://http2.mlstatic.com/D_NQ_NP_2X_920600-MLA82452520216_022025-F.jpg,https://http2.mlstatic.com/D_NQ_NP_2X_711716-MLA82452538622_022025-F.jpg,https://http2.mlstatic.com/D_NQ_NP_2X_870297-MLA82452597802_022025-F.jpg",Kupo,Iluminación
MLA1612921857,Guirnalda Luces Exterior Ip65 Con Lámparas Led 10 Metros,"A Luces Exterior IP65 con lámparas led 10 metros
Guirnalda para Exterior de 10 metros está fabricada con materiales de alta calidad, resistentes y duraderos.
Cuenta con 10 portalámparas E27 (rosca estándar) y con un cable que los interconecta. Si bien la guirnalda soporta la intemperie y los portalámparas vienen con tapas compactas aptas para exteriores, debe protegerse ante
Iluvias fuertes. Es ideal para decorar todo tipo de eventos en exteriores como fiestas, casamientos, bares, restaurantes, etc. Viene con Plug extensor. El producto
INCLUYE lámparas.
Características principales
Marca:Led Light
Modelo:Guirnalda E27-10M
Color:Negro
Nombre del diseño:Zócalo Largo
Dimensiones
Largo total:10 metros
Otros
Material:Goma/PVC
Largo del banderín:10 cm
Ancho del banderín:8 cm
Cantidad de banderines:10
Es apto para exteriores:Sí
Es producto personalizado:No
Características
• Modelo: NW-10MT-E27
• Largo: 10 Metros
• Color: Negro, Blanco
• Portalámpara: E27
• Cantidad de Portalámparas: 10
• Tensión: AC250V
• Potencia máxima: 100 Watt
• Material: PVC
• Uso: Exterior
• Protección: IP66
• Origen: China
Producto Incluye
1 Guirnaldas Interconectables con 10 lámparas led Portalámparas E27
Colgantes Largos
Garantía de fábrica: 30 días",in stock,new,104998.00 ARS,https://tecnoshow.vercel.app/#MLA1612921857,https://http2.mlstatic.com/D_NQ_NP_2X_770894-MLA101288611194_122025-F.jpg,"https://http2.mlstatic.com/D_NQ_NP_2X_802705-MLA101288919722_122025-F.jpg,https://http2.mlstatic.com/D_NQ_NP_2X_896579-MLA101790437733_122025-F.jpg",Led Light,Iluminación
MLA764538691,Proton Gbr Power 18 Led 3w Tacho Parled Bañador Dmx,"Proton GBR Power 18 Led 3W
Tacho Parled Bañador Dmx
*EL MAS POTENTE DEL MERCADO
*DISPLAY DIGITAL
*18 Led 3Walta potencia
*Programable DMX512 7 ch
*Colores: RGB /*Dimmer / Flash
*Modo Auto / Audio*Display Digital
*Master / Esclavo
6 Leds Rojo, 6 Verde, 6 Azul
Programable DMX512 7 ch
Colores: RGB / Dimmer / Flash
Modo Auto / Audio / Display Digital
Master / Esclavo
Consumo 60w",in stock,new,104998.00 ARS,https://tecnoshow.vercel.app/#MLA764538691,https://http2.mlstatic.com/D_NQ_NP_2X_991908-MLA116412481128_092026-F.jpg,"https://http2.mlstatic.com/D_NQ_NP_2X_974911-MLA20667918413_042016-F.jpg,https://http2.mlstatic.com/D_NQ_NP_2X_613077-MLA31070096637_062019-F.jpg,https://http2.mlstatic.com/D_NQ_NP_2X_593911-MLA20667918419_042016-F.jpg",Gbr,Iluminación
MLA4014105542,Efecto Led 4 En 1 Esfera Bola Laser Flash Cont Remoto Audio,"Efecto Led 4 en 1:
• Efecto Moon RGB giratorio
• Laser Verde Multipunto con figuras
• Laser Rojo Multipunto con con figuras
• Flash
Modos: Audiorítmico, automático, strobo y control remoto.
Regulador de velocidad del movimiento
Soporte para colgar regulable
Incluye Control Remoto y cable adaptador usb.
Potencia: 9W
Alimentación: 5 VDC 2A
Peso 0.5 Kg",in stock,new,99999.00 ARS,https://tecnoshow.vercel.app/#MLA4014105542,https://http2.mlstatic.com/D_NQ_NP_2X_885681-MLA118512580117_092026-F.jpg,"https://http2.mlstatic.com/D_NQ_NP_2X_966465-MLA116948587954_092026-F.jpg,https://http2.mlstatic.com/D_NQ_NP_2X_786349-MLA118513284957_092026-F.jpg",Jahro,Iluminación
MLA3746527800,Barra Led Uv 10w Gbr Led Bar,"Barra LED UV Super Potente 90W
Iluminá tus eventos con esta nueva barra UV de alto rendimiento, diseñada para crear efectos impactantes y profesionales. Con 9 LEDs de 10W, ofrece una potencia excepcional y un haz uniforme ideal para escenarios, boliches, fiestas temáticas y espectáculos en vivo.
Características principales:
Fuente de luz: 9 LEDs UV de 10W (total 90W).
Control DMX 512: 4/8 canales para máxima versatilidad.
Modos de funcionamiento: Automático, activación por sonido y control remoto.
Ángulo de haz: 25°.
Efectos: Strobo y dimmer con rango completo.
Incluye control remoto para un manejo práctico y sencillo.
Una barra compacta, eficiente y súper potente que te garantiza efectos UV intensos y profesionales en cualquier espacio.",in stock,new,99990.00 ARS,https://tecnoshow.vercel.app/#MLA3746527800,https://http2.mlstatic.com/D_NQ_NP_2X_728400-MLA115776302695_082026-F.jpg,"https://http2.mlstatic.com/D_NQ_NP_2X_951090-MLA115776302701_082026-F.jpg,https://http2.mlstatic.com/D_NQ_NP_2X_884196-MLA115775917953_082026-F.jpg",Gbr,Iluminación
MLA1407849336,Bañador Led Barra De Luz Negra Uv Bar  Uv-bar 9 Led De 3 Wat,"Barra Led Uv Negra 43cm 9x3w Luz Ultravioleta Flúor
Funciona muy bien para habitación de aprox 16x16.
La longitud de onda de la luz LED UV negra es de 390-400nm, inofensiva para la piel humana y cubren con brillo fluorescente en la oscuridad.
Fácil de instalar: los soportes de montaje ajustables de 360 ° son para montaje en pared / techo o para instalar en el piso, una mejor solución de iluminación en comparación con las bombillas de luz negra y las luces ultravioleta uv led stripcan. El paquete viene con accesorios de tornillo.
Durable: la carcasa de aleación de metal obtiene una excelente disipación de calor. Solo enchufe la fuente de alimentación se puede utilizar.
Fácil configuración mediante el interruptor ON / OFF. La luz suave no es deslumbrante, pero no se recomienda mirar directamente a la fuente de luz durante mucho tiempo.
Aplicaciones diversificadas: puede usarse para curar uñas, prueba de orina de mascotas, identificación de antigüedades, billetes de banco e iluminar carteles.
Ampliamente utilizado en fiestas, festivales, KTV, disco bar, discotecas para crear una atmósfera brillante para la habitación de nuestros hijos, ya que tienen esas calcomanías oscuras en todas las paredes.
Características:
La barra tiene una longitud de 43cm
La barra tiene 9 focos
Luz negra uv diseñada para funcionar con productos fluo
Solo conectar y usar
Angulo de 45 grados
Tipo de Luz: LED - UV
Efecto de luz: Beam
Luz led Numero 9",in stock,new,83998.00 ARS,https://tecnoshow.vercel.app/#MLA1407849336,https://http2.mlstatic.com/D_NQ_NP_2X_726534-MLA117912231019_092026-F.jpg,"https://http2.mlstatic.com/D_NQ_NP_2X_650073-MLA54978485011_042023-F.jpg,https://http2.mlstatic.com/D_NQ_NP_2X_928402-MLA69166487892_042023-F.jpg,https://http2.mlstatic.com/D_NQ_NP_2X_865653-MLA54984347766_042023-F.jpg",Genérica,Iluminación
MLA764539245,Gbr Dmx 400 Par Led Iluminacion Nuevo,"Características:
*SPOT COMPACTO RGB
*36 LED ALTA POTENICA
*1W RGB *FAN
*Programable DMX512 7 ch
*Colores: RGB
*Dimmer / Flash
*Modo Auto / Audio
*Display Digital
*Master / Esclavo
*Angulo 45
*Peso 1 kg",in stock,new,83998.00 ARS,https://tecnoshow.vercel.app/#MLA764539245,https://http2.mlstatic.com/D_NQ_NP_2X_702603-MLA117913169515_092026-F.jpg,https://http2.mlstatic.com/D_NQ_NP_2X_777923-MLA27583461908_062018-F.jpg,Gbr,Iluminación
MLA1805524301,Vidrio Repuesto Para Parabola Par 64 Pack 6 Uni 3 Modelos,"6 Vidrios de repuesto para par 64 modelo haZ abierto (Vidrio Rayado)
Especificar que modelos se solicitan para ser enviados correctamente
Clear - Claro sin efecto
Narrow - Borroso (puntitos)
Super Narrow - Super Borroso (rectangulos)",in stock,new,78748.00 ARS,https://tecnoshow.vercel.app/#MLA1805524301,https://http2.mlstatic.com/D_NQ_NP_2X_682251-MLA82452480612_022025-F.jpg,"https://http2.mlstatic.com/D_NQ_NP_2X_711716-MLA82452538622_022025-F.jpg,https://http2.mlstatic.com/D_NQ_NP_2X_966245-MLA111288854070_052026-F.jpg,https://http2.mlstatic.com/D_NQ_NP_2X_920600-MLA82452520216_022025-F.jpg",Kupo,Iluminación
MLA1376922597,Laser Rgb Multipunto Pls | Potencia: R50mw / G4mw / B80mw,"Laser Rgb Multipunto Pls | Potencia: R50mw / G4mw / B80mw
Garantía de fábrica: 30 días",in stock,new,72765.00 ARS,https://tecnoshow.vercel.app/#MLA1376922597,https://http2.mlstatic.com/D_NQ_NP_2X_881501-MLA116412366920_092026-F.jpg,,Pls,Iluminación
MLA625288922,"Pls Strobe 261, Led Strobo, Led De 3mm, Audio Ritmico Oferta","Pls Strobe 261
Led Strobo, Led De 3mm, Audio Ritmicos
Oferta
CARACTERISTICAS
Led De 3 Milimetros, Audio Ritmicos Perilla de Ajuste (panel posterior)",in stock,new,68248.00 ARS,https://tecnoshow.vercel.app/#MLA625288922,https://http2.mlstatic.com/D_NQ_NP_2X_898199-MLA82292500725_022025-F.jpg,"https://http2.mlstatic.com/D_NQ_NP_2X_894338-MLA31036575684_062019-F.jpg,https://http2.mlstatic.com/D_NQ_NP_2X_744337-MLA31036575095_062019-F.jpg",Pls,Iluminación
MLA1748578373,Flash Led Multicolor Rgb 20 Leds Ampro Mini Color Changer,"Mini Bañador Led Mini Color Changer American Pro Luces Dj
TIPO DE PRODUCTO: EFECTO DE ILUMINACION
TIPO DE CAMBIO DE COLOR: GRADIENTE & SKIPPING
TECNOLOGÍA PARA PEQUEÑOS LOUNGE
BAR, PISTAS O AMBIENTACIONES DECORATIVAS. ELEGANTE Y COMPACTO FACILITA SU INSTALACIÓN EN CUALQUIER LUGAR.
LED 3.1W
LED: 20 LEDS RGB 3 EN 1
CONTROL: PLUG AND PLAY
ALIMENTACION: 120V/60HZ O 230V/50HZ, 3.1W
DIMENSIONES: 110X25MM
PESO: 0.25KG",in stock,new,64048.00 ARS,https://tecnoshow.vercel.app/#MLA1748578373,https://http2.mlstatic.com/D_NQ_NP_2X_914897-MLA116412367226_092026-F.jpg,"https://http2.mlstatic.com/D_NQ_NP_2X_912029-MLA109549475564_042026-F.jpg,https://http2.mlstatic.com/D_NQ_NP_2X_764443-MLA110424695593_042026-F.jpg,https://http2.mlstatic.com/D_NQ_NP_2X_833393-MLA109549385036_042026-F.jpg",Ampro,Iluminación
MLA764539218,Flash Geni Tipo Bengala Con Lampara U Color Blanca Kit De 6),Kit de Flash Geni Tipo Bengala Con Lampara Rulo Color Blanca,in stock,new,62998.00 ARS,https://tecnoshow.vercel.app/#MLA764539218,https://http2.mlstatic.com/D_NQ_NP_2X_901456-MLA109668768248_042026-F.jpg,"https://http2.mlstatic.com/D_NQ_NP_2X_22017-MLA20222938013_012015-F.jpg,https://http2.mlstatic.com/D_NQ_NP_2X_22042-MLA20222938078_012015-F.jpg,https://http2.mlstatic.com/D_NQ_NP_2X_22091-MLA20222937648_012015-F.jpg",Geni,Iluminación
MLA1899840443,Lampara Halogena Bryte Bipin Grueso Zocalo G9.5 240v 100w,"La lámpara halógena BRYTE bipin grueso con zócalo G9.5 está diseñada para ofrecer una luz clara y potente en aplicaciones que requieren rendimiento confiable. Su tecnología halógena con filamento de tungsteno proporciona una respuesta rápida y una emisión luminosa estable, ideal para auto y camioneta. Con 240 V y 100 W, entrega una iluminación intensa con una presentación transparente que favorece una proyección nítida.
Garantía de fábrica: 30 días",in stock,new,62998.00 ARS,https://tecnoshow.vercel.app/#MLA1899840443,https://http2.mlstatic.com/D_NQ_NP_2X_988265-MLA113389384736_072026-F.jpg,"https://http2.mlstatic.com/D_NQ_NP_2X_720597-MLA114644316927_072026-F.jpg,https://http2.mlstatic.com/D_NQ_NP_2X_926270-MLA114644800131_072026-F.jpg,https://http2.mlstatic.com/D_NQ_NP_2X_809659-MLA113389921006_072026-F.jpg",Bryte,Iluminación
MLA1452055034,Flash De Led Mini Strobe Acme 5 Watt Compacto Blanco Oferta,"Flash De Led Mini Strobe Acme 5 watt Compacto Blanco Oferta
ACME - MINISTROBE
Descripción:
LED DE 5 WATT BLANCO EFECTO STROBO
- COMPACTO
- VELOCIDAD AJUSTABLE
- IDEAL PARA BARES, FIESTAS Y DJ",in stock,new,62370.00 ARS,https://tecnoshow.vercel.app/#MLA1452055034,https://http2.mlstatic.com/D_NQ_NP_2X_699732-MLA116412481216_092026-F.jpg,https://http2.mlstatic.com/D_NQ_NP_2X_642525-MLA70533673430_072023-F.jpg,Led,Iluminación
MLA764539229,Mini Bañador Led Mini Color Changer American Pro Luces Dj,Mini Bañador Led Mini Color Changer American Pro Luces Dj,in stock,new,57879.00 ARS,https://tecnoshow.vercel.app/#MLA764539229,https://http2.mlstatic.com/D_NQ_NP_2X_985713-MLA110424724949_042026-F.jpg,"https://http2.mlstatic.com/D_NQ_NP_2X_603803-MLA110422788195_042026-F.jpg,https://http2.mlstatic.com/D_NQ_NP_2X_885861-MLA110422817985_042026-F.jpg,https://http2.mlstatic.com/D_NQ_NP_2X_794024-MLA109548014190_042026-F.jpg",American Pro,Iluminación
MLA915766373,Laser A Bateria Ionify Btl-150  Con Parlante Y Bluetooth,"DETALLE DE PRODUCTO
BTL-150 brinda una autonomía total de 4-5 horas y tanto el láser rojo como el verde, aportan colores vívidos ideales para destacar ambientes. Pequeño, liviano y fácil de transportar, el equipo trae a su vez un pequeño soporte para facilitar su armado y montaje, de forma rápida y sencilla.
• Láser verde 50mW / 650mm
• Láser rojo 100mW / 532mm
• Colores vividos
• Hasta 8 metros de proyección
• Batería recargable de ion de litio
• Tiempo de operación: 4-5 horas
• Conexión Bluetooth para dispositivos móviles
• Dimensiones: 10x9.5x4.8 Cm.
• Peso: 0.35Kg.
• 1 cable USB de carga
• 1 manual de conexionado Bluetooth
• 1 Soporte de pie",in stock,new,57748.00 ARS,https://tecnoshow.vercel.app/#MLA915766373,https://http2.mlstatic.com/D_NQ_NP_2X_675319-MLA117913169551_092026-F.jpg,"https://http2.mlstatic.com/D_NQ_NP_2X_610499-MLA45526921963_042021-F.jpg,https://http2.mlstatic.com/D_NQ_NP_2X_859368-MLA109552610368_042026-F.jpg,https://http2.mlstatic.com/D_NQ_NP_2X_602029-MLA110425639301_042026-F.jpg",Ionify,Iluminación
MLA3199472788,Protón Tacho De 18 Led Luz Ultravioleta Uv Dmx Auto Audio.,"Protón Tacho de 18 LED luz Ultravioleta UV DMX auto audio.
Es un bañador LED ultra-liviano que posee con 18 LEDs ultra-violetas de 1W. Ideal para cobertura de espacios o creación de efectos, Cosmo UV cuenta a su vez con 4 modos de operación (audiorítimico, auto, maestro/esclavo y DMX).
FICHA TÉCNICA
- Fuente & Óptica
Fuente de Luz: 18 LEDs UV de 1W
Vida útil promedio: 50,000 horas
Ángulo de haz: 65º
- Efectos y funciones
Dimmer: 0-100%
Efecto estrobo
Programas integrados
- Control
Canales DMX: 7
Modos de operación: Audioritimico, auto, maestro/esclavo y DMX
- Físico
Display LED
Conectores DMX: 2 conectores XLR (XLR-3 Entrada y Salida)",in stock,new,52498.00 ARS,https://tecnoshow.vercel.app/#MLA3199472788,https://http2.mlstatic.com/D_NQ_NP_2X_614225-MLA117913227577_092026-F.jpg,"https://http2.mlstatic.com/D_NQ_NP_2X_651378-MLA110507391811_042026-F.jpg,https://http2.mlstatic.com/D_NQ_NP_2X_796465-MLA110508284831_042026-F.jpg,https://http2.mlstatic.com/D_NQ_NP_2X_875621-MLA110507511055_042026-F.jpg",Genérico,Iluminación
MLA666368340,Flash De Led Mini Strobe Acme 5 Watt Compacto Blanco Oferta,"Flash De Led Mini Strobe Acme 5 watt Compacto Blanco Oferta
ACME - MINISTROBE
Descripción:
LED DE 5 WATT BLANCO EFECTO STROBO
- COMPACTO
- VELOCIDAD AJUSTABLE
- IDEAL PARA BARES, FIESTAS Y DJ",in stock,new,52498.00 ARS,https://tecnoshow.vercel.app/#MLA666368340,https://http2.mlstatic.com/D_NQ_NP_2X_830019-MLA116412366954_092026-F.jpg,https://http2.mlstatic.com/D_NQ_NP_2X_623890-MLA70358305254_072023-F.jpg,Acme,Iluminación
MLA1109149201,Lampara Dicroica 120v  250watt  Enh  Gy 5.3 General Electric,"Lampara Dicroica 120v 250w Enh Gy 5.3 General Electric
Marca : General Electric
Modelo : ENH
Potencia:250 Watt
Zocalo : GY 5.3
Voltaje : 120 Volt
Longitud : 4.1cm
Diametro : 4 cm",in stock,new,41998.00 ARS,https://tecnoshow.vercel.app/#MLA1109149201,https://http2.mlstatic.com/D_NQ_NP_2X_753336-MLA117912966457_092026-F.jpg,"https://http2.mlstatic.com/D_NQ_NP_2X_696733-MLA47964389082_102021-F.jpg,https://http2.mlstatic.com/D_NQ_NP_2X_642798-MLA47964331646_102021-F.jpg,https://http2.mlstatic.com/D_NQ_NP_2X_664204-MLA47964300727_102021-F.jpg",Ge,Iluminación
MLA3983806148,Halógeno Philips Halot One - 50 W Blanco cálido - 2,Halógeno Philips Halot One - 50 W Blanco cálido - 2,in stock,new,39999.00 ARS,https://tecnoshow.vercel.app/#MLA3983806148,https://http2.mlstatic.com/D_NQ_NP_2X_999397-MLA114557393510_082026-F.jpg,"https://http2.mlstatic.com/D_NQ_NP_2X_943900-MLA115916045729_082026-F.jpg,https://http2.mlstatic.com/D_NQ_NP_2X_804660-MLA115916015959_082026-F.jpg,https://http2.mlstatic.com/D_NQ_NP_2X_924980-MLA115915815429_082026-F.jpg",Philips,Iluminación
MLA1895828207,Motor Gbr Para Bola Espejada Hasta 40 Cm,"MOTOR PARA ESFERA ESPEJADA HASTA 50 CM
3 RPM
Alimentación 220VCA
No incluye ficha a 220 tiene cable pelado
Incluye gancho para colgar la esfera.",in stock,new,39999.00 ARS,https://tecnoshow.vercel.app/#MLA1895828207,https://http2.mlstatic.com/D_NQ_NP_2X_674563-MLA114543323401_072026-F.jpg,"https://http2.mlstatic.com/D_NQ_NP_2X_800583-MLA114544895935_072026-F.jpg,https://http2.mlstatic.com/D_NQ_NP_2X_963855-MLA113300663514_072026-F.jpg",Gbr,Iluminación
MLA1804004477,Pack 2 Parábola Par 36 Con Zócalo Para Lámpara Bipin,"Pack 2 Parábola Par 36 Con Zócalo Para Lámpara Bipin Sin Lampara
Garantía de fábrica: 30 días",in stock,new,39898.00 ARS,https://tecnoshow.vercel.app/#MLA1804004477,https://http2.mlstatic.com/D_NQ_NP_2X_984243-MLA82451054514_022025-F.jpg,"https://http2.mlstatic.com/D_NQ_NP_2X_747259-MLA82451357588_022025-F.jpg,https://http2.mlstatic.com/D_NQ_NP_2X_868571-MLA82736641973_022025-F.jpg,https://http2.mlstatic.com/D_NQ_NP_2X_994979-MLA82736651845_022025-F.jpg",Telstar,Iluminación
MLA1895849705,"Motor Esfera De Espejos Hasta 40cm 1,5rpm Con Enchufe","Motor Esfera 1.5RPM 220V
Soporte hasta 30kg
Recomendable para esferas de hasta 40cm de diametrp
Descripción:
Motor eléctrico de bola de espejos giratoria. Se monta en el techo con tornillos.
Fácil de instalar y usar.
Perfecto para DJ, bandas, pubs, bodas, banquetes, clubes nocturnos, discotecas o cualquier otra ocasión para brindar un ambiente deslumbrante e impresionante.
Especificación:
Diámetro: 11 cm / 4,33 pulgadas
Material: Metal
El paquete incluye:
Motor de bola de espejo de 1 pieza
Garantía de fábrica: 30 días",in stock,new,37798.00 ARS,https://tecnoshow.vercel.app/#MLA1895849705,https://http2.mlstatic.com/D_NQ_NP_2X_949282-MLA114545695001_072026-F.jpg,"https://http2.mlstatic.com/D_NQ_NP_2X_933777-MLA113301135284_072026-F.jpg,https://http2.mlstatic.com/D_NQ_NP_2X_695972-MLA113300126262_072026-F.jpg,https://http2.mlstatic.com/D_NQ_NP_2X_657548-MLA114542964183_072026-F.jpg",Genérico,Iluminación
MLA1731070699,Dicroica Led Rgb 12v Coriente Continua,"Lampara Dicroica 12V RGB
con 2 filtros diferentes
Filtro tipo Frost
Filtro tipo Transparente
Corriente continua 11 a 14 V
Consumo de 1 a 3W
16 colores diferentes
Garantía de fábrica: 30 días",in stock,new,37798.00 ARS,https://tecnoshow.vercel.app/#MLA1731070699,https://http2.mlstatic.com/D_NQ_NP_2X_723966-MLA117912966275_092026-F.jpg,"https://http2.mlstatic.com/D_NQ_NP_2X_911060-MLA109926954561_042026-F.jpg,https://http2.mlstatic.com/D_NQ_NP_2X_766715-MLA109926864257_042026-F.jpg,https://http2.mlstatic.com/D_NQ_NP_2X_999681-MLA109927516189_042026-F.jpg",Tecnoshow,Iluminación
MLA1421315509,Linterna Frontal LED Recargable 350 Lm ALL PERSPECTIVES Cabeza USB A Prueba Agua,"Consigue la linterna ideal para todas tus necesidades. Fabricada con materiales resistentes y de calidad, se adapta a todas las situaciones en las que necesites una buena iluminación.",in stock,new,36750.00 ARS,https://tecnoshow.vercel.app/#MLA1421315509,https://http2.mlstatic.com/D_NQ_NP_2X_769695-MLA95139488388_102025-F.jpg,"https://http2.mlstatic.com/D_NQ_NP_2X_752710-MLA97863967572_112025-F.jpg,https://http2.mlstatic.com/D_NQ_NP_2X_610020-MLU74272677170_022024-F.jpg,https://http2.mlstatic.com/D_NQ_NP_2X_678561-MLU74272677182_022024-F.jpg",All Perspectives Headlamp,Iluminación
MLA3488287262,Ignitor Bag Ni 400 Le 220 A 240v / 70 A 400w / 250 A 400w,"MODELO: NI400LE4K
IGNITOR
4.6 AMP
3.5-5 KV
220/230/240 VAC
50/60 HZ
El Ignitor BAG NI 400 LE es un balasto electrónico de alta eficiencia diseñado para optimizar el rendimiento de sus lámparas. Con una potencia de 400 W y adecuado para voltajes de 220 a 240 V, este producto se integra perfectamente en sistemas de iluminación que requieren una alimentación de corriente alterna.
Este balasto destaca por su compatibilidad en aplicaciones de iluminación de alta intensidad, asegurando un encendido rápido y estable. Ideal para quienes buscan una opción fiable y eficiente en proyectos de iluminación comercial o industrial, garantiza un funcionamiento óptimo y prolongado.
La marca BAG Electronics es sinónimo de calidad en el sector, asegurando que cada producto cumple con altos estándares de rendimiento. Con el Ignitor BAG NI 400 LE, experimentará una mejora notable en la iluminación, complementando eficazmente sus instalaciones.
Garantía de fábrica: 30 días",in stock,new,36750.00 ARS,https://tecnoshow.vercel.app/#MLA3488287262,https://http2.mlstatic.com/D_NQ_NP_2X_644339-MLA116412367090_092026-F.jpg,"https://http2.mlstatic.com/D_NQ_NP_2X_849358-MLA113517716465_062026-F.jpg,https://http2.mlstatic.com/D_NQ_NP_2X_632548-MLA112359761360_062026-F.jpg,https://http2.mlstatic.com/D_NQ_NP_2X_799884-MLA112359967968_062026-F.jpg",Bag Electronics,Iluminación
MLA1751714831,Pack De 5 Punteros Laser Mini Rojo Infiniter,"Pack de 5 punteros laser
Características
Marca:Infiniter
Modelo : PUNTERO LASER Carcaza color Rojo
Formato del puntero láser MANUAL
Tipo de batería 3 POR LR44
Alcance máximo 100 m
Potencia 45 mW
Características
Marca Infiniter Laser
Modelo Rojo
Formato del Puntero Láser Comun
Tipo de Batería Pila Moneda
Alcance máximo 100 m
Potencia 1 MW
Longitud de onda 1 nm
Punteros Laser de luz roja
Alta intesidad
No incluye pilas
Medidas: 10,5cm",in stock,new,36750.00 ARS,https://tecnoshow.vercel.app/#MLA1751714831,https://http2.mlstatic.com/D_NQ_NP_2X_622759-MLA109631660208_042026-F.jpg,"https://http2.mlstatic.com/D_NQ_NP_2X_992247-MLA109631660204_042026-F.jpg,https://http2.mlstatic.com/D_NQ_NP_2X_699477-MLA110512920473_042026-F.jpg,https://http2.mlstatic.com/D_NQ_NP_2X_741454-MLA110512386315_042026-F.jpg",Infiniter,Iluminación
MLA1804004187,Pack 2 Parábola Par 36 Repuesto Para Lámpara Bipin,Parábola Par 36 REPUESTO Para Lámpara Bipin Sin Lampara,in stock,new,36750.00 ARS,https://tecnoshow.vercel.app/#MLA1804004187,https://http2.mlstatic.com/D_NQ_NP_2X_905634-MLA82451527968_022025-F.jpg,"https://http2.mlstatic.com/D_NQ_NP_2X_893994-MLA82451625920_022025-F.jpg,https://http2.mlstatic.com/D_NQ_NP_2X_665547-MLA82451665284_022025-F.jpg,https://http2.mlstatic.com/D_NQ_NP_2X_665123-MLA82737117043_022025-F.jpg",Telstar,Iluminación
MLA1805521147,Pack 2 Parábola Par 64 Reemplazo Óptica Sin Lampara,"Pack 2 Parábola par 64 reemplazo Optica lámpara par 64 Sin Lampara
Reemplaza La lampara tradicional Por esta Parabola y Ahorra en El reemplazo de La Lampara a la Hora de Trabajar es muy Importante Ahorrar",in stock,new,36750.00 ARS,https://tecnoshow.vercel.app/#MLA1805521147,https://http2.mlstatic.com/D_NQ_NP_2X_696697-MLA111291107744_052026-F.jpg,"https://http2.mlstatic.com/D_NQ_NP_2X_854830-MLA112322342895_052026-F.jpg,https://http2.mlstatic.com/D_NQ_NP_2X_715893-MLA111291256000_052026-F.jpg,https://http2.mlstatic.com/D_NQ_NP_2X_945114-MLA27361897930_052018-F.jpg",TecnoShow,Iluminación
MLA1730997671,2 Lampara Cuarzo Circolina 800w,"2 Lampara Circolina 240V/800W
Unidades por pack: 1
* Color de la luz: Blanco cálido
* Tiene rosca bipin.
Características generales
Modelo Circolina
Tecnología de iluminación Filamento
Potencia 800 W
Color de la luz Blanco cálido
Características de venta
Formato de venta Unidad
Especificaciones
Tipos de rosca Bipin
Forma Circolina
Garantía de fábrica: 30 días",in stock,new,36748.00 ARS,https://tecnoshow.vercel.app/#MLA1730997671,https://http2.mlstatic.com/D_NQ_NP_2X_754892-MLA117913257207_092026-F.jpg,"https://http2.mlstatic.com/D_NQ_NP_2X_805831-MLA109926779023_042026-F.jpg,https://http2.mlstatic.com/D_NQ_NP_2X_686500-MLA109089108352_042026-F.jpg",Telstar,Iluminación
MLA872170426,Tira Luces Led 5050 Rgb 5 Metros Sumergible 4 Contactos 12 V,"Características principales
Marca Generica
Modelo Rgb 5050
Tipo de LED 5050
Largo 5 Metros
Otras características
Cantidad de LED por metro: 60
Incluye fuente de alimentación: No
Incluye controlador de color: No
INCLUYE:
Tira LED RGB
No Incluye Fuente .
Fuente Requerida 12 Volt Corriente Continua
TIRA DE LED 5050 RGB
ROLLO X 5 MTS
FUNCIONES & CARACTERISTICAS
- Tira de LED RGB 5050.
- 5 metros tira de led y adhesivo para su colocación sobre superficies lisas.
- Fuente Requerida 12V 2/3 Amp (No Incluida)
- Flexible.
- Cortable cada 10 Centimetros
- Potencia por Metro 4,5W
- Se puede poner en color blanco
DESCRIPCION:
- Interior/exterior
- Tira Ultradelgada.
- Siliconada.
- Autoadhesiva.
- Múltiples efectos, colores e intensidades.
- Apta para Exterior e Interior.
- Ideal para exibidores, decoración en casa, etc.
- Se puede poner en color blanco
Tira de LED RGB para decorar los mejores lugares de manera multicolor y con efectos. También podrá usarla en exterior, ya que está protegida con una capa resistente de silicona, haciendo posible decorar todo tipo de lugar en la intemperie, ademas de adhesiva, para así poder adherirla a cualquier estructura. Este producto no viene con su transformador incluido y Tampoco con controlador que lo podes agregar opcional en tu compra , para poder elegir entre los distintos efectos y colores.",in stock,new,35000.00 ARS,https://tecnoshow.vercel.app/#MLA872170426,https://http2.mlstatic.com/D_NQ_NP_2X_987201-MLA116412481180_092026-F.jpg,"https://http2.mlstatic.com/D_NQ_NP_2X_669872-MLA43071892290_082020-F.jpg,https://http2.mlstatic.com/D_NQ_NP_2X_773965-MLA43071874524_082020-F.jpg,https://http2.mlstatic.com/D_NQ_NP_2X_650155-MLA43071866593_082020-F.jpg",Genérica,Iluminación
MLA850264692,Pack 2 Zócalo Cerámico Para Par 56-64-300-1000,"Pack de 10 Zócalos Cerámicos Para Par 56 - 64 - 300 - 1000
Características
Marca Tecshow
Modelo ZP5 6 64
Conector de entrada BIPIN
Conector de salida C
Largo del cable 18 cm
Cantidad de conectores de entrada 2
Cantidad de conectores de salida 2
Garantía de fábrica: 30 días",in stock,new,35000.00 ARS,https://tecnoshow.vercel.app/#MLA850264692,https://http2.mlstatic.com/D_NQ_NP_2X_778434-MLA41478424844_042020-F.jpg,"https://http2.mlstatic.com/D_NQ_NP_2X_830344-MLA41478420958_042020-F.jpg,https://http2.mlstatic.com/D_NQ_NP_2X_12514-MLA20062161955_032014-F.jpg,https://http2.mlstatic.com/D_NQ_NP_2X_12517-MLA20062161878_032014-F.jpg",Tecshow,Iluminación
MLA3132087842,Lampara Circolina Bipin Potencia 800 Watt Cuarzo Halógena,"Lampara Circolina 240V/800W
Unidades por pack: 1
* Color de la luz: Blanco cálido
* Tiene rosca bipin.
Características generales
Modelo Circolina
Tecnología de iluminación Filamento
Potencia 800 W
Color de la luz Blanco cálido
Características de venta
Formato de venta Unidad
Especificaciones
Tipos de rosca Bipin
Forma Circolina
Garantía de fábrica: 30 días",in stock,new,18373.00 ARS,https://tecnoshow.vercel.app/#MLA3132087842,https://http2.mlstatic.com/D_NQ_NP_2X_800743-MLA117913345075_092026-F.jpg,"https://http2.mlstatic.com/D_NQ_NP_2X_611335-MLA109086878940_042026-F.jpg,https://http2.mlstatic.com/D_NQ_NP_2X_861813-MLA109087979542_042026-F.jpg",Telstar,Iluminación
MLA731258118,Parabola Par 64 Largo/corto Para Cuarzo De 500 Wat Tecnoshow,"PARABOLA PARA PAR 64 O PAR 1000
TACHO LARGO O CORTO
EN ALUMINIO PULIDO DE ALTO BRILLO
PRIMERA CALIDAD PARA LAMPARA DE CUARZO 500 WATTS (NO INCLUIDA)
TODO EXCELENTE CALIDAD.
VA EN TODAS LAS MARCAS DE TACHOS PAR 64
TAMBIEN DISPONEMOS DE
VARIEDAD DE MODELOS EN LAMPARAS DE UNIDAD SELLADA, CUARZOS
TENEMOS TODAS LAS MEDIDAS DE TACHOS
OFRECEMOS TACHOS EN ALUMINIO DE DIFERENTES MEDIDAS DE TACHOS
PAR 16 DICROICO
PAR 36 CORTO (IDEAL PARA ILUMINACION CENTRAL Y BOLAS DE ESPEJOS)
PAR 36 LARGO (IDEAL PARA ILUMINACION CENTRAL Y BOLAS DE ESPEJOS)
PAR 56 CORTO
PAR 56 LARGO
PAR 64 CORTO
PAR 64 LARGO
OFERTA IMPERDIBLE
NUEVOS CON GARANTIA OFICIAL",in stock,new,17848.00 ARS,https://tecnoshow.vercel.app/#MLA731258118,https://http2.mlstatic.com/D_NQ_NP_2X_886277-MLA82425007036_022025-F.jpg,"https://http2.mlstatic.com/D_NQ_NP_2X_619590-MLA82424692350_022025-F.jpg,https://http2.mlstatic.com/D_NQ_NP_2X_841245-MLA82710315417_022025-F.jpg",Parabola,Iluminación
MLA671818328,Parábola Par 36 Con Zócalo Para Lámpara Bipin Sin Lampara,"Parábola Par 36 Con Zócalo Para Lámpara Bipin Sin Lampara
Garantía de fábrica: 30 días",in stock,new,12999.00 ARS,https://tecnoshow.vercel.app/#MLA671818328,https://http2.mlstatic.com/D_NQ_NP_2X_747259-MLA82451357588_022025-F.jpg,"https://http2.mlstatic.com/D_NQ_NP_2X_994979-MLA82736651845_022025-F.jpg,https://http2.mlstatic.com/D_NQ_NP_2X_787645-MLA82736905999_022025-F.jpg,https://http2.mlstatic.com/D_NQ_NP_2X_984243-MLA82451054514_022025-F.jpg",Telstar,Iluminación
MLA1479080443,Parábola Par 36 Repuesto Para Lámpara Bipin Sin Lampara,Parábola Par 36 REPUESTO Para Lámpara Bipin Sin Lampara,in stock,new,12598.00 ARS,https://tecnoshow.vercel.app/#MLA1479080443,https://http2.mlstatic.com/D_NQ_NP_2X_905634-MLA82451527968_022025-F.jpg,"https://http2.mlstatic.com/D_NQ_NP_2X_665123-MLA82737117043_022025-F.jpg,https://http2.mlstatic.com/D_NQ_NP_2X_893994-MLA82451625920_022025-F.jpg,https://http2.mlstatic.com/D_NQ_NP_2X_665547-MLA82451665284_022025-F.jpg",Telstar,Iluminación
MLA671821096,Parábola Par 64 Reemplazo Óptica Lámpara Par 64 Sin Lampara,"Parábola par 64 reemplazo Optica lámpara par 64 Sin Lampara
Reemplaza La lampara tradicional Por esta Parabola y Ahorra en El reemplazo de La Lampara a la Hora de Trabajar es muy Importante Ahorrar",in stock,new,11548.00 ARS,https://tecnoshow.vercel.app/#MLA671821096,https://http2.mlstatic.com/D_NQ_NP_2X_911626-MLA82737978097_022025-F.jpg,"https://http2.mlstatic.com/D_NQ_NP_2X_740674-MLA92045474663_092025-F.jpg,https://http2.mlstatic.com/D_NQ_NP_2X_628778-MLA82738105165_022025-F.jpg,https://http2.mlstatic.com/D_NQ_NP_2X_945114-MLA27361897930_052018-F.jpg",TecnoShow,Iluminación
MLA3284250878,Vidrio Repuesto Para Parabola Par 64 Diferentes Modelos,Vidrio repuesto para par 64 diferentes modelos ; has abierto ; haz medio ; haz cerrado ; narrow ;very narrow,in stock,new,9999.00 ARS,https://tecnoshow.vercel.app/#MLA3284250878,https://http2.mlstatic.com/D_NQ_NP_2X_889136-MLA117913345129_092026-F.jpg,"https://http2.mlstatic.com/D_NQ_NP_2X_965577-MLA82737759127_022025-F.jpg,https://http2.mlstatic.com/D_NQ_NP_2X_687786-MLA82452029782_022025-F.jpg,https://http2.mlstatic.com/D_NQ_NP_2X_961277-MLA82737681017_022025-F.jpg",Kupo,Iluminación
MLA3190963540,Auricular Profesional Behringer Hpm1100bk Monitoreo Studio Color Negro,"En la calle, en el colectivo o en la oficina, ten siempre a mano tus audífonos Behringer y ¡escápate de la rutina por un rato! Vas a poder disfrutar de la música que más te gusta y de tus podcasts favoritos cuando quieras y donde quieras.",in stock,new,47248.00 ARS,https://tecnoshow.vercel.app/#MLA3190963540,https://http2.mlstatic.com/D_NQ_NP_2X_912619-MLA99382614178_112025-F.jpg,"https://http2.mlstatic.com/D_NQ_NP_2X_662479-MLA91980680805_092025-F.jpg,https://http2.mlstatic.com/D_NQ_NP_2X_615030-MLA91581768380_092025-F.jpg",Behringer,Auriculares
MLA1660149640,Auriculares Behringer HPM1000 BK color negro,"Auricular Behringer Hpm-1000 p/ Dj, Estudio o en tu Casa
Ya sea que esté mezclando una grabación, supervisando una línea de bajo o simplemente disfrutando de su MP3 favorito, quiere auriculares que ofrezcan una respuesta de frecuencia amplia y un rango dinámico alto. Los auriculares HPM1000 ofrecen increíbles prestaciones de alta resolución.
ESPECIFICACIONES TECNICAS
- Respuesta de frecuencia ultra-ancha
- Alto rango dinámico
- Cápsulas de alta resolución
- Conector 1/8 ""más adaptador de 1/4"" incluido
- Cable de un solo lado
- Ovalado en forma de auriculares
- Diadema cómoda
- Diseñado y diseñado en Alemania",in stock,new,46198.00 ARS,https://tecnoshow.vercel.app/#MLA1660149640,https://http2.mlstatic.com/D_NQ_NP_2X_840049-MLA96147311401_102025-F.jpg,"https://http2.mlstatic.com/D_NQ_NP_2X_941939-MLU77500842723_072024-F.jpg,https://http2.mlstatic.com/D_NQ_NP_2X_885542-MLU77286346782_072024-F.jpg,https://http2.mlstatic.com/D_NQ_NP_2X_781528-MLU77286346784_072024-F.jpg",Behringer,Auriculares
MLA1655077038,Auriculares Shure Se215 In-ear Monitoreo Sound Isolating Color Clear,"En la calle, en el colectivo o en la oficina, tené siempre a mano tus auriculares Shure y ¡escapate de la rutina por un rato! Vas a poder disfrutar de la música que más te gusta y de tus podcasts favoritos cuando quieras y donde quieras.
El formato perfecto para vos
Al ser in-ear, mejoran la calidad del audio y son de tamaño pequeño para poder insertarse en tu oreja. Son ideales para acompañarte a la hora de hacer ejercicio mientras te sumergís en el mejor sonido envolvente.",in stock,new,349999.00 ARS,https://tecnoshow.vercel.app/#MLA1655077038,https://http2.mlstatic.com/D_NQ_NP_2X_613937-MLA99394505816_112025-F.jpg,"https://http2.mlstatic.com/D_NQ_NP_2X_705504-MLA41886990820_052020-F.jpg,https://http2.mlstatic.com/D_NQ_NP_2X_838214-MLU76545017041_052024-F.jpg,https://http2.mlstatic.com/D_NQ_NP_2X_900466-MLU76544819133_052024-F.jpg",Shure,Auriculares
MLA2103994517,Auricular Pioneer DJ HDJ-CUE1,"Elige el HDJ-CUE1 para tener una apariencia profesional, un sonido rico, un diseño compacto y flexible y un acabado de alta calidad, además de la opción de enlace bluetooth.
Escucha perfectamente las frecuencias bajas en el bajo y el bombo para que puedas mezclar con precisión y saber exactamente lo que escucharán tus amigos cuando dejes caer la siguiente pista.
Los drivers dinámicos te permiten sentir los graves y escuchar medios y agudos con una claridad cristalina, lo que te ayuda a mezclar con precisión.",in stock,new,216999.00 ARS,https://tecnoshow.vercel.app/#MLA2103994517,https://http2.mlstatic.com/D_NQ_NP_2X_660677-MLA96134613089_102025-F.jpg,"https://http2.mlstatic.com/D_NQ_NP_2X_930544-MLU73203389577_122023-F.jpg,https://http2.mlstatic.com/D_NQ_NP_2X_610238-MLU73203389581_122023-F.jpg,https://http2.mlstatic.com/D_NQ_NP_2X_869060-MLA53068671181_122022-F.jpg",Pioneer DJ,Auriculares
MLA878749913,Auriculares Behringer HPX2000 plateado y negro,"Sumérgete en la experiencia de sonido de alta calidad con los Auriculares Behringer HPX2000 en elegante color negro y plateado. Diseñados para brindar comodidad y durabilidad, estos auriculares over-ear cuentan con una unidad de diafragma de 40 mm que garantiza una reproducción de audio nítida y potente. Con una impedancia de 64 Ω y una respuesta en frecuencia de 20 Hz a 20 kHz, podrás disfrutar de un amplio rango de sonidos, desde los graves más profundos hasta los agudos más brillantes. La sensibilidad de 110 dB asegura un volumen adecuado para todas tus necesidades, ya sea que estés escuchando música, viendo películas o trabajando en tus proyectos de audio. Aunque no son inalámbricos ni cuentan con Bluetooth, su diseño con cable te brinda una conexión estable y sin interrupciones, ideal para uso en estudio o en casa. Los Behringer HPX2000 son la opción perfecta para aquellos que buscan calidad de sonido y comodidad a un precio accesible.",in stock,new,83998.00 ARS,https://tecnoshow.vercel.app/#MLA878749913,https://http2.mlstatic.com/D_NQ_NP_2X_742836-MLA99984578085_112025-F.jpg,"https://http2.mlstatic.com/D_NQ_NP_2X_913429-MLA99984784863_112025-F.jpg,https://http2.mlstatic.com/D_NQ_NP_2X_686815-MLA99500627112_112025-F.jpg,https://http2.mlstatic.com/D_NQ_NP_2X_898017-MLA99500489240_112025-F.jpg",Behringer,Auriculares
MLA3347205130,Auricular De Estudio Behringer Hpm1100 Over Ear Color Gris,"- Audífonos profesionales estéreo multipropósito.
- Ideales para referencia de monitoreo, streaming y gaming.
- Drivers dinámicos de 40 mm que proporcionan una respuesta de frecuencia amplia (20 Hz - 20 kHz).
- El diseño circumaural cerrado asegura ambiente consistente de escucha.
- Cojines de oído de alta calidad que atenúan el ruido ambiental.
- Diseño ligero con acolchado confortable y diadema ajustable.
- Rendimiento optimizado  para utilizar con un amplio rango de dispositivos de audio.
- Cable extra largo de 2 metros.
- Plug de 3.5 mm (1/8”) con adaptador de 6.3 mm (1/4”).",in stock,new,41998.00 ARS,https://tecnoshow.vercel.app/#MLA3347205130,https://http2.mlstatic.com/D_NQ_NP_2X_873386-MLA99466339546_112025-F.jpg,"https://http2.mlstatic.com/D_NQ_NP_2X_991732-MLA96085279689_102025-F.jpg,https://http2.mlstatic.com/D_NQ_NP_2X_691253-MLA96085131061_102025-F.jpg,https://http2.mlstatic.com/D_NQ_NP_2X_775377-MLA96085279705_102025-F.jpg",Behringer,Auriculares
MLA1747084925,Auricular Sennheiser Mx80 Negros Con Miniplug Negro,"Auricular Sennheiser MX80 ideal para reproductor portátil.
Los auriculares Sennheiser MX 80 ofrecen versatilidad y comodidad. Son aptos para sistemas de audio portátiles como celulares y reproductores de mp3. Su sonido estéreo brinda bajos potentes ideales para cualquier estilo de música estando en movimiento.
ESPECIFICACIONES TÉCNICAS:
• Color: Negro
• Respuesta de frecuencia: 50 Hz – 15.000 Hz
• Impedancia: 32 ohms
• SPL: 123 dB (1kHz/1Vrms)
• Conector: 3,5 mm (salida universal)
• Longitud de cable: 1,2 m (asimétrico)
• Acoplamiento al oído: Botón - intraaural
• Principio del transductor: Dinámico, cerrado",in stock,new,31498.00 ARS,https://tecnoshow.vercel.app/#MLA1747084925,https://http2.mlstatic.com/D_NQ_NP_2X_845893-MLA94381819195_102025-F.jpg,"https://http2.mlstatic.com/D_NQ_NP_2X_644925-MLA99954304897_112025-F.jpg,https://http2.mlstatic.com/D_NQ_NP_2X_922550-MLA99954304903_112025-F.jpg",Sennheiser,Auriculares
MLA1504959604,Behringer P1 Sistema De Monitoreo Personal Color Negro,"AMPLIFICADOR AURICULARES BEHRINGER POWERPLAY P1
CARACTERISTICAS:
-Salida de Auriculares de Alta Potencia.
-Entradas XLR-3 Dual.
-Funciona con una Bateria de 9V Solo.
-Hasta 12 horas de Operacion.
-Instalación Rápida y Fácil
ESPECIFICACIONES:
-Amplificador de monitor in-ear monitor amplifier para monitorización personal
-Salida de auriculares de alta potencia
-Entradas duales XLR para dos canales mono u operación estéreo
-Operación conmutable estéreo/mono con función mix
-Controles de nivel, balance y mix
-Funciona hasta 12 horas en una batería de 9 V (no incluida)
-Control de batería con indicadores duales de LED
-Opera con fuente de alimentación BEHRINGER PSU-SB DC (no incluida)
-Límites integrados para protegerle
-Clip incluido
-Se monta fácilmente en un soporte de micrófono
-Chasis de metal resistente
-Construcción extremadamente resistente
-Diseñado por BEHRINGER Alemania",in stock,new,210720.00 ARS,https://tecnoshow.vercel.app/#MLA1504959604,https://http2.mlstatic.com/D_NQ_NP_2X_650498-MLA99928285839_112025-F.jpg,"https://http2.mlstatic.com/D_NQ_NP_2X_630421-MLA90681292226_082025-F.jpg,https://http2.mlstatic.com/D_NQ_NP_2X_735754-MLA91070785787_082025-F.jpg",Behringer,Auriculares
MLA1450651093,Auricular Dj Cerrado Profesional Plegable Behringer Bdj1000 Color Negro,"En la calle, en el colectivo o en la oficina, tené siempre a mano tus auriculares Behringer y ¡escapate de la rutina por un rato! Vas a poder disfrutar de la música que más te gusta y de tus podcasts favoritos cuando quieras y donde quieras.
El formato perfecto para vos
El diseño over-ear brinda una comodidad insuperable gracias a sus suaves almohadillas. Al mismo tiempo, su sonido envolvente del más alto nivel se convierte en el protagonista de la escena.",in stock,new,92398.00 ARS,https://tecnoshow.vercel.app/#MLA1450651093,https://http2.mlstatic.com/D_NQ_NP_2X_932978-MLA99432259946_112025-F.jpg,"https://http2.mlstatic.com/D_NQ_NP_2X_624919-MLA79642765637_092024-F.jpg,https://http2.mlstatic.com/D_NQ_NP_2X_631471-MLA79642765643_092024-F.jpg,https://http2.mlstatic.com/D_NQ_NP_2X_705749-MLA79642687751_092024-F.jpg",Behringer,Auriculares
MLA740522372,Monitor In Ear Moon Ma01 Iew Intraural Uhf Inalambrico,"Monitor In Ear Moon Ma01 Iew Intraural Uhf Inalambrico
Características
Marca Moon
Modelo MA01 IEW
MONITOR IN EAR MOON MA01 IEW INTRAURAL UHF INALAMBRICO
CARACTERISTICAS TECNICAS:
De diseño ergonómico y terminado profesional.
Posee un alcance de hasta 40 metros,
el receptor posee control de ganancia,
indicador de señal.
Frecuencias: 600 Mhz
Funciona con dos pilas AA (5 horas de duración)
Incluye:
1 Base Trasmisora
1 Receptor (Bodypackj
1 Auricular estereo
1 Antena
1 Fuente de alimentación
1 Estuche de metal
ESPECIFICACIONES TECNICAS:
Frecuencia de trabajo: 600Mhz
Distancia de opracion: 40m
Distorsión: 1 ºlo.
Salida auricular: 200mW /
16 Ohms por canal.
Relación señal/ruido: > 100dB.
Estabilidad: 10 ppm.
Sensibilidad: 2.0uV.
Transmisor:
Distorsión: < 1 ºlo. Potencia: 1 OmW.
Entrada de potencia: l 2v 85m.
Dimensiones: 38 x 212 x 96mm
Peso: 605gr
Alimetación: 12 a 18V 300mA
Entrada: XLR (Cannon) y RCA
Bodypack:
Peso: l00gr
Alimentacion: 2 pilas AA
Duracion de las baterias: 5Hs.",in stock,new,466640.00 ARS,https://tecnoshow.vercel.app/#MLA740522372,https://http2.mlstatic.com/D_NQ_NP_2X_925909-MLA41525867838_042020-F.jpg,"https://http2.mlstatic.com/D_NQ_NP_2X_827137-MLA41525892100_042020-F.jpg,https://http2.mlstatic.com/D_NQ_NP_2X_915540-MLA41525881472_042020-F.jpg,https://http2.mlstatic.com/D_NQ_NP_2X_931396-MLA41525892117_042020-F.jpg",Moon,Auriculares
MLA4014103476,Auriculares Shure Se 215 K Bt 1 La Plata Color Negro,"Los SE215K BT1 son auriculares in ear que ofrecen un sonido cristalino y graves profundos, además de la libertad de conexión inalámbrica y la simplicidad del Bluetooth.
Hasta 10 m de alcance.
Hasta 8 horas de audio con una sola carga.
Incluye SE215, cable fijo de Bluetooth, cable de carga USB, kit de ajuste, bolsa de transporte y guía del usuario.
Impedancia: 17 ohmios.
Rango de frecuencia: 21 Hz - 17,5 kHz.
Compatibles con la mayoría de los teléfonos, notebooks y tablets.
Permiten el emparejamiento de hasta dos dispositivos.
Incluyen bolsa con cierre para almacenamiento y protección, y clip para sujetar el cable a la ropa, logrando así mayor seguridad y comodidad de uso.",in stock,new,339999.00 ARS,https://tecnoshow.vercel.app/#MLA4014103476,https://http2.mlstatic.com/D_NQ_NP_2X_857069-MLA99855898715_112025-F.jpg,https://http2.mlstatic.com/D_NQ_NP_2X_645400-MLM74180216669_012024-F.jpg,Shure,Auriculares
MLA1429877108,Auriculares Shure Srh144 Plegables Rango Extendido Color Negro,"Auriculares Shure SRH144 en color negro. Cuentan con un rango extendido y son de tipo on-ear. Son dinámicos y semiabiertos, lo que proporciona una experiencia de sonido única. Su respuesta en frecuencia es de 20 a 30000Hz y tienen una sensibilidad de 96dB. El driver es de 36mm y el máximo input es de 200mW. La impedancia es de 34ohms y el cable tiene una longitud de 1.5 mt. El conector es un miniplug de 3.5mm niquelado. El peso de los auriculares es de 150g, lo que los hace ligeros y cómodos de usar. La vincha es ajustable para adaptarse a diferentes tamaños de cabeza y son plegables, lo que facilita su transporte.",in stock,new,157498.00 ARS,https://tecnoshow.vercel.app/#MLA1429877108,https://http2.mlstatic.com/D_NQ_NP_2X_996528-MLA99993931811_112025-F.jpg,"https://http2.mlstatic.com/D_NQ_NP_2X_771066-MLU79324710573_092024-F.jpg,https://http2.mlstatic.com/D_NQ_NP_2X_927611-MLU79083691992_092024-F.jpg,https://http2.mlstatic.com/D_NQ_NP_2X_899880-MLU74051075778_012024-F.jpg",Shure,Auriculares
MLA1892776939,Auriculares Inalámbricos Monster Mission 200 Bluetooth 5.4,"Auriculares Inalámbricos Monster Mission 200 Bluetooth 5.4
Los auriculares Monster Mission 200 son una solución de audio inalámbrica de alta fidelidad diseñada para quienes buscan una experiencia sonora tanto en el hogar como en movimiento. Este dispositivo integra una avanzada tecnología acústica que permite reproducir graves profundos y agudos cristalinos, adaptándose perfectamente a cualquier tipo de contenido multimedia gracias a su versatilidad técnica y su estructura ergonómica de última generación.
La principal ventaja de estos auriculares reside en su sistema de triple ecualización, que permite alternar entre modos específicos para voz, clases o música jazz con solo presionar un botón. Su conectividad Bluetooth 5.4 una transmisión estable de baja latencia, mientras que su impresionante autonomía de 60 horas de reproducción continua marca una diferencia competitiva importante, eliminando la necesidad de cargas constantes durante viajes largos o jornadas laborales intensas.
Elegir los Monster Mission 200 es optar por la comodidad absoluta gracias a su diseño plegable realizado en piel sintética agradable al tacto y almohadillas elásticas que no generan presión. Son ideales para profesionales que realizan videollamadas frecuentemente, ya que cuentan con cancelación de ruido mediante inteligencia artificial para filtrar el sonido ambiente, asegurando una comunicación clara y profesional en todo momento sin importar las distracciones del entorno.
Características principales:
- Tecnología Pure Monster Sound con tres modos de ecualización integrados para diversos perfiles de audio.
- Batería de larga duración de 60 horas con conexión Bluetooth 5.4 de alta estabilidad y baja latencia.
- Diseño ergonómico plegable con almohadillas de piel sintética y micrófono con cancelación de ruido AI.
Peso del paquete: 0.55 kg
Medidas del paquete: 19 x 16 x 9 cm
Garantía de fábrica: 30 días",in stock,new,157498.00 ARS,https://tecnoshow.vercel.app/#MLA1892776939,https://http2.mlstatic.com/D_NQ_NP_2X_907612-MLA114487418553_072026-F.jpg,"https://http2.mlstatic.com/D_NQ_NP_2X_650757-MLA113247924400_072026-F.jpg,https://http2.mlstatic.com/D_NQ_NP_2X_636993-MLA113248456294_072026-F.jpg,https://http2.mlstatic.com/D_NQ_NP_2X_877052-MLA114487060917_072026-F.jpg",Monster,Auriculares
MLA3168246272,Behringer P1 Sistema De Monitoreo Personal Color Negro,"AMPLIFICADOR AURICULARES BEHRINGER POWERPLAY P1
CARACTERISTICAS:
-Salida de Auriculares de Alta Potencia.
-Entradas XLR-3 Dual.
-Funciona con una Bateria de 9V Solo.
-Hasta 12 horas de Operacion.
-Instalación Rápida y Fácil
ESPECIFICACIONES:
-Amplificador de monitor in-ear monitor amplifier para monitorización personal
-Salida de auriculares de alta potencia
-Entradas duales XLR para dos canales mono u operación estéreo
-Operación conmutable estéreo/mono con función mix
-Controles de nivel, balance y mix
-Funciona hasta 12 horas en una batería de 9 V (no incluida)
-Control de batería con indicadores duales de LED
-Opera con fuente de alimentación BEHRINGER PSU-SB DC (no incluida)
-Límites integrados para protegerle
-Clip incluido
-Se monta fácilmente en un soporte de micrófono
-Chasis de metal resistente
-Construcción extremadamente resistente
-Diseñado por BEHRINGER Alemania
Garantía de fábrica: 30 días",in stock,new,157498.00 ARS,https://tecnoshow.vercel.app/#MLA3168246272,https://http2.mlstatic.com/D_NQ_NP_2X_743107-MLA116412568192_092026-F.jpg,"https://http2.mlstatic.com/D_NQ_NP_2X_630421-MLA90681292226_082025-F.jpg,https://http2.mlstatic.com/D_NQ_NP_2X_735754-MLA91070785787_082025-F.jpg",Behringer,Auriculares
MLA3347277672,Kit Stanton: 1 Funda + 1 Cable + 1 Vincha + 1 Par Almohadillas,"Funda Original Stanton de Terciopelo para Auriculares
Elegante funda original de la marca Stanton, confeccionada en suave terciopelo de alta calidad. Ideal para proteger tus auriculares del polvo, rayones y golpes leves, manteniéndolos siempre en excelente estado.
Características:
Producto 100% original Stanton
Material de terciopelo suave y resistente
Interior acolchado para mayor protección
Cierre ajustable
Compacta y fácil de transportar
Perfecta para DJs, productores y amantes de la música que buscan cuidar sus auriculares con un accesorio original y de excelente calidad.
Garantía de fábrica: 30 días",in stock,new,104998.00 ARS,https://tecnoshow.vercel.app/#MLA3347277672,https://http2.mlstatic.com/D_NQ_NP_2X_851135-MLA111951273657_052026-F.jpg,"https://http2.mlstatic.com/D_NQ_NP_2X_716723-MLA82738082593_022025-F.jpg,https://http2.mlstatic.com/D_NQ_NP_2X_911613-MLA117912231093_092026-F.jpg,https://http2.mlstatic.com/D_NQ_NP_2X_918108-MLA116412481050_092026-F.jpg",TecnoShow,Auriculares
MLA764056612,Amplificador De Auriculares Estéreo Behringer Ha400,"BEHRINGER HA400 AMPLIFICADOR DE AURICULARES COLOR NEGRO
Amplificador de auriculares ultra-compacto de 4 canales
Control de nivel de salida para cada canal
1 entrada estéreo de 1/4"" TRS (100kohm)
4 salidas estéreo de 1/4"" TRS (80ohm)
Incluye adaptador de corriente de 12V DC
Dimensiones: 46,5 x 103,6 x 57,2mm (Alto x Ancho x Profundo)",in stock,new,94498.00 ARS,https://tecnoshow.vercel.app/#MLA764056612,https://http2.mlstatic.com/D_NQ_NP_2X_674087-MLA116412481090_092026-F.jpg,"https://http2.mlstatic.com/D_NQ_NP_2X_867580-MLA47849491347_102021-F.jpg,https://http2.mlstatic.com/D_NQ_NP_2X_885818-MLA47849478545_102021-F.jpg",TecnoShow,Auriculares
MLA758324173,Parlante Repuesto Para Auricular Stanton Cerrado Dj Pro-3000,Parlante Repuesto Para Auricular Stanton Cerrado Dj Pro-3000,in stock,new,63523.00 ARS,https://tecnoshow.vercel.app/#MLA758324173,https://http2.mlstatic.com/D_NQ_NP_2X_617271-MLA28695377437_112018-F.jpg,,TecnoShow,Auriculares
MLA907092607,Auriculares Behringer Hpm1000 Black Dj Profesional Cerrado,"En la calle, en el colectivo o en la oficina, tené siempre a mano tus auriculares Behringer y ¡escapate de la rutina por un rato! Vas a poder disfrutar de la música que más te gusta y de tus podcasts favoritos cuando quieras y donde quieras.
El formato perfecto para vos
El diseño over-ear te brinda una comodidad insuperable gracias a sus almohadillas. Al mismo tiempo, su sonido envolvente del más alto nivel se convierte en el protagonista de la escena.",in stock,new,51973.00 ARS,https://tecnoshow.vercel.app/#MLA907092607,https://http2.mlstatic.com/D_NQ_NP_2X_785543-MLA93570687966_102025-F.jpg,"https://http2.mlstatic.com/D_NQ_NP_2X_840260-MLA41020340685_032020-F.jpg,https://http2.mlstatic.com/D_NQ_NP_2X_811524-MLA41021065236_032020-F.jpg",Behringer,Auriculares
MLA1260369993,Stanton Dj 3000 Cable Repuesto Original Nuevo Para Auricular,"Cable de Repuesto Original Para Auricular Stanton DJ3000
Especificaciones:
Cable tipo espiralado con conector Plug Stereo 6.3 formato redondo en un extremo y conector Plug Stereo 3.5 formato rectangulat con traba en el otro extremo",in stock,new,41998.00 ARS,https://tecnoshow.vercel.app/#MLA1260369993,https://http2.mlstatic.com/D_NQ_NP_2X_961986-MLA117913345223_092026-F.jpg,"https://http2.mlstatic.com/D_NQ_NP_2X_611915-MLA110976674480_052026-F.jpg,https://http2.mlstatic.com/D_NQ_NP_2X_849809-MLA110976674478_052026-F.jpg,https://http2.mlstatic.com/D_NQ_NP_2X_636320-MLA111949150573_052026-F.jpg",Stanton,Auriculares
MLA1420718193,Stanton Dj 3000 Vincha De Repuesto Completa Sin Parlantes,"Stanton DJ 3000 Vincha de repuesto completa sin parlantes ni cable.
La compras y le colocas los parlantes y el cable y sale andando
Garantía de fábrica: 30 días",in stock,new,36750.00 ARS,https://tecnoshow.vercel.app/#MLA1420718193,https://http2.mlstatic.com/D_NQ_NP_2X_716723-MLA82738082593_022025-F.jpg,"https://http2.mlstatic.com/D_NQ_NP_2X_849659-MLA82737984277_022025-F.jpg,https://http2.mlstatic.com/D_NQ_NP_2X_668263-MLA82452680464_022025-F.jpg,https://http2.mlstatic.com/D_NQ_NP_2X_657488-MLA82738082725_022025-F.jpg",Stanton,Auriculares
MLA876018708,Auricular Profesional Ciclos Yn-331mic,"Características principales
Marca Ciclos
Línea PRO
Con regulador de volumen
Modelo YN-331
Otras características
Formato del auricular: Over-ear
Es inalámbrico: No
Con Bluetooth: No
Con micrófono: No
Es monoaural: No
Es gamer: No
Sensibilidad: 108 dB
Largo del cable: 2 m",in stock,new,36750.00 ARS,https://tecnoshow.vercel.app/#MLA876018708,https://http2.mlstatic.com/D_NQ_NP_2X_732696-MLA117912966361_092026-F.jpg,"https://http2.mlstatic.com/D_NQ_NP_2X_706159-MLA109588864356_042026-F.jpg,https://http2.mlstatic.com/D_NQ_NP_2X_752144-MLA110467356025_042026-F.jpg,https://http2.mlstatic.com/D_NQ_NP_2X_997483-MLA93578860158_102025-F.jpg",Ciclos,Auriculares
MLA1796391315,Funda Estuche Antipolvo Auriculares Stanton Original,"Funda Original Stanton de Terciopelo para Auriculares
Elegante funda original de la marca Stanton, confeccionada en suave terciopelo de alta calidad. Ideal para proteger tus auriculares del polvo, rayones y golpes leves, manteniéndolos siempre en excelente estado.
Características:
Producto 100% original Stanton
Material de terciopelo suave y resistente
Interior acolchado para mayor protección
Cierre ajustable
Compacta y fácil de transportar
Perfecta para DJs, productores y amantes de la música que buscan cuidar sus auriculares con un accesorio original y de excelente calidad.
Garantía de fábrica: 30 días",in stock,new,36750.00 ARS,https://tecnoshow.vercel.app/#MLA1796391315,https://http2.mlstatic.com/D_NQ_NP_2X_911613-MLA117912231093_092026-F.jpg,"https://http2.mlstatic.com/D_NQ_NP_2X_652983-MLA110976638880_052026-F.jpg,https://http2.mlstatic.com/D_NQ_NP_2X_861621-MLA111948582859_052026-F.jpg,https://http2.mlstatic.com/D_NQ_NP_2X_712721-MLA110976519174_052026-F.jpg",Stanton,Auriculares
MLA1747023135,Auricular Gamer Jahro Led Gh-197,"Máxima potencia: 45MW
Impedancia: 32
Sensibilidad: 108DB/MW
Con micrófono incorporado
Contiene Luces LED
Almohadillas suaves de alta calidad
Excelente Calidad De Audio Con Potentes Sonidos Graves Y Agudos Claros
Ideal para utilizarlo para PC y consolas.
Garantía de fábrica: 30 días",in stock,new,30448.00 ARS,https://tecnoshow.vercel.app/#MLA1747023135,https://http2.mlstatic.com/D_NQ_NP_2X_973731-MLA117913257351_092026-F.jpg,,Jahro,Auriculares
MLA1796395509,Par Almohadillas Para Auriculares Stanton Monster Beats Mixr,"Repuesto de Almohadillas para Auriculares Stanton
Almohadillas de repuesto compatibles con auriculares Stanton, ideales para renovar tus auriculares y recuperar la comodidad y el aislamiento original.
Fabricadas en espuma de alta densidad recubierta en cuero sintético (cuerina), ofrecen un ajuste cómodo, suave al tacto y excelente aislamiento del sonido.
Características:
Compatibles con diversos modelos de auriculares Stanton
Material: espuma acolchada + cuero sintético (PU Leather)
Cómodas y resistentes
Fácil instalación
Mejoran el aislamiento y la calidad de uso
Perfectas para reemplazar almohadillas desgastadas, descascaradas o rotas, dejando tus auriculares como nuevos.
El precio corresponde al par de almohadillas (2 unidades).
Garantía de fábrica: 30 días",in stock,new,15748.00 ARS,https://tecnoshow.vercel.app/#MLA1796395509,https://http2.mlstatic.com/D_NQ_NP_2X_918108-MLA116412481050_092026-F.jpg,"https://http2.mlstatic.com/D_NQ_NP_2X_781696-MLA111950852033_052026-F.jpg,https://http2.mlstatic.com/D_NQ_NP_2X_814145-MLA110978747194_052026-F.jpg,https://http2.mlstatic.com/D_NQ_NP_2X_630016-MLA111950523163_052026-F.jpg",Stanton,Auriculares
MLA2104048141,Pioneer ddj-flx4 controlador dj de 2 canales negro,"El DDJ-FLX4 es un controlador de 2 canales con un diseño simple y fácil de usar y un aspecto profesional.
• Compatibilidad con REKORDBOX, SERATO y Djay
Puedes utilizar el software de DJ rekordbox, Serato DJ Lite o djay de forma gratuita conectando tu PC o Mac al DDJ-FLX4 para completar tu configuración de DJ. Y si quieres actualizar a Serato DJ Pro, puedes comprar una licencia o suscripción para la versión prémium del software.
• Compatibilidad con múltiples dispositivos
Tanto si quieres conectarte a una PC, Mac, iPhone, iPad o a un teléfono o tableta Android, el DDJ-FLX4 tiene un diseño versátil. Mejor aún, si utilizas el controlador con rekordbox para iOS/Android o djay para iOS/Android, podrás conectarlo a tu dispositivo mediante Bluetooth® o cable USB. Así que no hay nada que te impida empezar a pinchar.
• Conexión a una PC o Mac
Conecta tu DDJ-FLX4 a tu PC o Mac mediante un cable USB tipo C. Tu PC suministrará tanto alimentación como sonido al DDJ-FLX4.
• Conexión de un smartphone con un cable USB
Conecta un adaptador de corriente USB o una batería móvil de 9 V a tu DDJ-FLX4 para alimentarlo (precaución: la mayoría de las baterías móviles son de 3 V). Conecta tu smartphone al DDJ-FLX4 con un cable USB tipo C para suministrar sonido.
• Conexión de un smartphone por Bluetooth
Conecta un adaptador de corriente USB o una batería móvil de 9 V a tu DDJ-FLX4 para alimentarlo (precaución: la mayoría de las baterías móviles son de 3 V).
• Diseño portátil fácil de usar y disposición profesional
La disposición de los controles en el DDJ-FLX4 facilita el aprendizaje de DJ y es heredada de los productos profesionales de Pioneer DJ. Todo es fácil de usar y está bien ordenado, lo que también hace que el controlador sea lo suficientemente compacto como para llevarlo a cualquier lugar donde quieras practicar o actuar.
• Nuevas funciones de Smart Mixing (mezcla inteligente)
¿No sabes cómo mezclar? No te preocupes, puedes empezar de inmediato con la función Smart Fader (fader inteligente), que ajusta automáticamente el volumen, el volumen de los graves y el BPM de la música para que puedas pasar de una pista a otra sin problemas con solo mover los faders de los canales o el crossfader. Además, con Smart CFX (CFX inteligente), basta con girar un mando para aplicar una combinación de efectos que añadirá dramatismo al sonido.
• Perfecta integración con determinados servicios de streaming
rekordbox es compatible con varios servicios de streaming. Así, puedes elegir entre millones de pistas disponibles en las plataformas TIDAL, Beatport Streaming, Beatsource Streaming y SoundCloud Go+ (es necesario suscribirse) y mezclarlas en el DDJ-FLX4. También puedes utilizar todos los efectos y funciones de performance para dar sabor a tus canciones favoritas y crear tu propio sonido.
• Salida de audio USB para el sonido del micrófono
El DDJ-FLX4 te facilita que puedas fungir como maestro(a) de ceremonias o cantar encima de tus sets, ya que mezcla el audio por ti. Así",in stock,new,899999.00 ARS,https://tecnoshow.vercel.app/#MLA2104048141,https://http2.mlstatic.com/D_NQ_NP_2X_805559-MLA99572991028_122025-F.jpg,"https://http2.mlstatic.com/D_NQ_NP_2X_716145-MLU69289188822_052023-F.jpg,https://http2.mlstatic.com/D_NQ_NP_2X_933453-MLU74831751004_032024-F.jpg,https://http2.mlstatic.com/D_NQ_NP_2X_934488-MLU74831741212_032024-F.jpg",Pioneer DJ,DJ y consolas
MLA1913263454,Consola Behringer XR18 X Air de mezcla,"PRODUCTO: MIXER DIGITAL BEHRINGER X AIR XR18
¯¯¯¯¯¯¯¯¯¯¯¯¯¯¯¯¯¯¯¯¯¯¯¯¯¯¯¯¯¯¯¯¯¯¯¯¯¯¯¯¯¯¯¯¯¯¯¯¯¯¯¯¯¯¯¯¯¯¯¯¯¯¯¯¯¯¯¯¯¯¯¯¯¯¯¯¯¯¯¯¯¯¯¯¯¯¯¯¯¯¯¯¯¯¯¯¯¯¯¯¯¯
DESCRIPCIÓN:
El Behringer XR18 es un potente mezclador portátil de 18 entradas / 12 buses, diseñado para su uso con tabletas iPad y Android. Ideal para aplicaciones en vivo y en estudio, cuenta con 16 preamplificadores de micrófono diseñados por Midas, un módulo Wifi integrado para control inalámbrico y una interfaz de audio USB bidireccional.
Permite manipular todos los parámetros de la mezcla desde cualquier lugar de la sala con aplicaciones para iOS, Android y PC. Su ingeniería avanzada y diseño meticuloso ofrecen un rendimiento sónico excepcional a un precio accesible.
¯¯¯¯¯¯¯¯¯¯¯¯¯¯¯¯¯¯¯¯¯¯¯¯¯¯¯¯¯¯¯¯¯¯¯¯¯¯¯¯¯¯¯¯¯¯¯¯¯¯¯¯¯¯¯¯¯¯¯¯¯¯¯¯¯¯¯¯¯¯¯¯¯¯¯¯¯¯¯¯¯¯¯¯¯¯¯¯¯¯¯¯¯¯¯¯¯¯¯¯¯¯
ESPECIFICACIONES:
- Mezclador digital de 18 entradas para estudio y aplicación en vivo
- 16 preamplificadores de micrófono programables diseñados por MIDAS
- Enrutador Wifi integrado para operación directa
- Interfaz bidireccional USB para grabación directa
- Auto-Mixing Dugan-style para gestión automática de ganancia
- Rack de efectos X32 con 4 ranuras FX estéreo
- Analizador de tiempo real de 100 bandas (RTA) para ecualizadores
- Conectividad ULTRANET para sistema de vigilancia personal P-16
- Orejas de rack y parachoques de protección incluidos
- 6 buses auxiliares y principales con procesamiento dinámico
- Salidas auxiliares XLR y principales XLR
- DSP de punto flotante de 40 bits para rango dinámico ilimitado
- Aplicaciones para operación remota a través de Ethernet, LAN o WiFi
- MIDI In / Out para control a través de equipo MIDI
- Actualizaciones de firmware disponibles
- Fuente de alimentación conmutada interna para audio sin ruidos
- Diseñado en Alemania",in stock,new,2099999.00 ARS,https://tecnoshow.vercel.app/#MLA1913263454,https://http2.mlstatic.com/D_NQ_NP_2X_602622-MLA100001776917_112025-F.jpg,"https://http2.mlstatic.com/D_NQ_NP_2X_931901-MLA100001508995_112025-F.jpg,https://http2.mlstatic.com/D_NQ_NP_2X_822929-MLA100001895841_112025-F.jpg,https://http2.mlstatic.com/D_NQ_NP_2X_736637-MLA100002004857_112025-F.jpg",Behringer,DJ y consolas
MLA935728383,Consola Potenciada Sanrai Bluetooth 4 Canales JMP4150 USB FM,"SANRAI JMP 4150 BT
Consola Potenciada de 4 Canales 150w RMS - Usb / Sd - Bluetooth - Display Digital - Radio FM - Control Remoto
Características:
- Consola potenciada de 4 canales
- Potencia: 150 Watts RMS @ 4Ω
- Bluetooth®
- Reproductor de USB y SD
- Radio FM
- Ecualizador independiente por canal con Volumen, Graves, Agudos y Efecto
- Efecto de Time y Delay Digital
- Control de Graves, Medios y Agudos
- Display Digital
- Entrada y Salida RCA
- Entrada y Salida Plug
- Control remoto
- Manija para su fácil transporte
- Dimensiones: 48 cm de ancho x 14 cm de alto x 22 cm de profundidad
- Peso: 4 kg",in stock,new,346498.00 ARS,https://tecnoshow.vercel.app/#MLA935728383,https://http2.mlstatic.com/D_NQ_NP_2X_630933-MLA99984535885_112025-F.jpg,"https://http2.mlstatic.com/D_NQ_NP_2X_991960-MLA74651094570_022024-F.jpg,https://http2.mlstatic.com/D_NQ_NP_2X_743962-MLA74651882540_022024-F.jpg,https://http2.mlstatic.com/D_NQ_NP_2X_627778-MLU74113021170_012024-F.jpg",Sanrai,DJ y consolas
MLA1391698497,Behringer Ultra Di20 Caja Directa Activa 2 Canales,"CAJA DIRECTA BEHRINGER DI20
CARACTERÍSTICAS:
Convierte 2 entradas de línea jack estéreo no balanceadas de 6,3 mm en dos salidas XLR balanceadas.
Ultraflexible: operación mono, 2 canales o estéreo con modo de enlace conmutable.
Modo split adicional (el canal 1 asigna la señal a ambas salidas XLR).
Funciona con una batería de 9 V o alimentación fantasma.
Atenuación de entrada conmutable permite la conexión a salidas de hasta 3000 W.
La entrada del canal 2 puede utilizarse como salida de enlace del canal 1 (adicionalmente a la salida XLR).
Separación de masa para eliminar problemas típicos de bucles de masa.
Ultracompacto y robusto diseño en aluminio.
Componentes de alta calidad y construcción extremadamente robusta para una larga vida.
ESPECIFICACIONES:
- Respuesta de frecuencia: 10 Hz hasta 70 kHz (- 3dB).
- Ruidos: 100 dBu.
- Coeficiente de distorsión: <0,014% (1 kHz, 0 dBu en la entrada).
- Resistencia de entrada: >250 kohms.
- Resistencia de conexión: >600 ohms.
- Entrada: Jack mono de 6.3 mm.
- Salida: XLR balanceado.
- Nivel máximo de entrada: +12 / +32 / +52 dBu.
- Alimentación phantom: 18 V DC hasta 48 V DC.
- Batería: 9V 6LR91.
- Dimensiones: 150 x 130 x 60 mm.
- Peso: 240 g.",in stock,new,94498.00 ARS,https://tecnoshow.vercel.app/#MLA1391698497,https://http2.mlstatic.com/D_NQ_NP_2X_985525-MLA99986854371_112025-F.jpg,"https://http2.mlstatic.com/D_NQ_NP_2X_880556-MLA99987365235_112025-F.jpg,https://http2.mlstatic.com/D_NQ_NP_2X_712334-MLA99987266629_112025-F.jpg,https://http2.mlstatic.com/D_NQ_NP_2X_969199-MLA99986854377_112025-F.jpg",Behringer,DJ y consolas
MLA2104022039,Bandeja para DJ Pioneer DJ Toca Discos PLX-500-K color negro,"PIONEER PLX-500-K (DISPONIBLE EN COLOR NEGRO)
El PLX-500 hereda el diseño del plato profesional PLX-1000 y ofrece un sonido analógico, cálido y claro. El plato ideal si quieres comenzar a scratchear con vinilos o si simplemente quieres escuchar tu colección de vinilos en casa.
Construcción sólida con una excelente amortiguación de vibraciones y reproducción de audio precisa, este giradiscos de motor de tracción directa, tiene una salida USB para que puedas realizar grabaciones digitales de tu colección de vinilos en nuestro rekordbox software gratuito. También puedes combinar el PLX-500 con rekordbox dvs Plus Pack, una mesa de mezclas compatible y el Vinilo de Control RB-VS1-K para reproducir y scratchear con archivos digitales.
DISEÑO DE SONIDO EXCELENTE
Como el PLX-1000, el PLX-500 está construido para producir sonido de vinilo de alta calidad. Un enrutamiento de audio más corto desde la aguja hasta la salida reduce la distorsión y las salidas de phono y línea permiten que puedas conectarlo directamente a un sistema de sonido o altavoces sin necesidad de un amplificador externo.
GRABACIÓN DIGITAL FÁCIL
Graba tu colección de vinilos en archivos digitales de alta calidad simplemente conectando el giradiscos a tu PC o Mac a través de la salida USB.
Coloca tus carátulas de discos en la pantalla mientras escuchas tus vinilos gracias al soporte de carátulas dentro de la tapa.
Pioneer PLX-500
-Motor: Corriente continua 3 velocidades: 33, 45 y 78 RPM
-Sistema de tracción: Servo tracción directa
-Plato: Aluminio fundido. Diámetro: 332 mm
-Control Anti Skating
-Pîtch/Tempo Control
-Mecanismo de acción directa
-Puerto USB para grabacion con Rekordbox (Incluye cable)
-Adaptador para singles
-Plato de aluminio fundido
-Freno electrónico
-Brazo con forma de S
-Iluminación Led: Proyector Luz Led 30w
-Relación señal/ruido 50 dB
-Peso ajustable
-Salida Phono/Line (RCA) (para usar con o sin amplificador externo)
TERMINALES
-USB: 1 puerto USB B
-Salidas: 1 PHONO/LINE (RCA)",in stock,new,1199999.00 ARS,https://tecnoshow.vercel.app/#MLA2104022039,https://http2.mlstatic.com/D_NQ_NP_2X_609000-MLA99963191015_112025-F.jpg,"https://http2.mlstatic.com/D_NQ_NP_2X_964596-MLA91476671532_092025-F.jpg,https://http2.mlstatic.com/D_NQ_NP_2X_992796-MLU76808430575_062024-F.jpg,https://http2.mlstatic.com/D_NQ_NP_2X_945368-MLA88109052194_072025-F.jpg",Pioneer DJ,DJ y consolas
MLA1126602305,Consola SKP Pro Audio VZ-120 II VZ Powered de mezcla,"Consola Mixer Potenciada SKP VZ-120II Interface USB Bluetooth
**La VZ-120 II cuenta con interface de audio USB para que conectes tu computadora**
Consola potenciada ideal para uso profesional u hogareño, con salida potenciada por plug o speakon para bafles pasivos, con ecualizador y efectos digitales, bluetooth, USB y SD, con phantom power para micrófonos condenser y salida para auriculares para monitoreo
- CONSOLA POTENCIADA
- POTENCIA MÁXIMA 2000 Watts
- 250W + 250W RMS 4OHMS
- BLUETOOTH
- GRABACIÓN DIRECTA A USB
- 12 CANALES DE ENTRADA XLR BALANCEADOS
- 12 CANALES DE ENTRADA PLUG NO BALANCEADOS
- PHANTOM POWER
- FUNCIÓN PFL
- REPRODUCCIÓN DIGITAL USB/SD
- SALIDA PARA AURICULARES POR PLUG 6,3MM
- EFECTO DELAY DE 16 NIVELES
- SALIDA POTENCIADA CON CONECTORES SPEAKON Y PLUG
- ECUALIZADOR DE 5 BANDAS
ESPECIFICACIONES TÉCNICAS
- Tipo de consola: Potenciada
- Potencia Máxima: 2000w
- Potencia RMS: 250W + 250W en 4ohm por Speakon o Plug 6,3mm
- Entrada de micrófono XLR balanceado x12
- Impedancia de entrada de micrófono: 1.8k ohms
- Entrada de linea PLUG 6,3mm no balanceado x12
- Impedancia de entrada de linea: 10k ohms
- Respuesta de frecuencia: 20Hz - 20kHz +/- 2dB
- DSP: 24bits
- Retorno auxiliar RETURN: conector 6,3mm de entrada
- Salida principal MAIN LEFT y MAIN RIGHT: conectores plug 6,3mm de salida de la mezcla principal
- Salida REC: salida estéreo por conector RCA de linea
- Preamplificadores de ruido sumamente bajo con alimentación fantasma +48V
- Ecualizador de 2 bandas en todos los canales
- LED de pico en todos los canales
- Función PFL
- 16 ecos digitales
- Vúmetro de 5 segmentos
- AC 110/220V 60-50Hz
- Ancho 54 cm.
- Alto 15 cm.
- Profundidad 32 cm.
- Peso: 8,1kg
Incluye:
1 consola SKP VZ-120II
1 cable de alimentación",in stock,new,839998.00 ARS,https://tecnoshow.vercel.app/#MLA1126602305,https://http2.mlstatic.com/D_NQ_NP_2X_834545-MLA99874665263_112025-F.jpg,"https://http2.mlstatic.com/D_NQ_NP_2X_616495-MLA109216623964_042026-F.jpg,https://http2.mlstatic.com/D_NQ_NP_2X_891503-MLA109253764431_032026-F.jpg",SKP Pro Audio,DJ y consolas
MLA1456717644,Consola SKP Pro Audio VZ-100 II VZ Powered de mezcla,"Con esta consola de mezcla, vas a poder jugar, inventar y crear los sonidos más increíbles.
Alimentación fantasma
La alimentación fantasma, o alimentación phantom, proporciona corriente continua a los dispositivos que lo necesitan, por ejemplo un micrófono. Este tipo de alimentación hace que estos dispositivos se estandaricen y que sea más cómodo y práctico el proceso de instalación, ya que no requiere muchas fuentes de alimentación separadas.
- CONSOLA POTENCIADA SKP VZ 100 II
- POTENCIA MÁXIMA 2000 Watts
- Bluetooth®
- GRABACIÓN DIRECTA A USB
- 10 CANALES DE ENTRADA XLR
- GRANDES CAPACITORES QUE PROVEEN ALMACENAMIENTO DE FRECUENCIAS GRAVES
- SALIDA POTENCIADA CON CONECTORES SPEAKON
- PROCESADOR DE EFECTOS DE 24BIT
ESPECIFICACIONES TÉCNICAS
- Salída de potencia 250W + 250W @ 4 ohm.
- 10 Canales Mono XLR balanceados con entradas de línea
- Preamplificadors de ruido sumamente bajo con alimentación fantasma +48V
- Entradas Balanceadas para asegurar la integridad de la señal
- Ecualizador de 2 bandas en todos los canales
- LED de pico en todos los canales
- Función PFL
- 16 ecos digitales
- Vúmetro de 5 segmentos
- Ecualizador gráfico en la sección master
- AC 110/220V 60-50Hz
- Medidas: 525 x 410 x 200 mm
- Peso: 10 Kg",in stock,new,787498.00 ARS,https://tecnoshow.vercel.app/#MLA1456717644,https://http2.mlstatic.com/D_NQ_NP_2X_945673-MLA99488816920_112025-F.jpg,"https://http2.mlstatic.com/D_NQ_NP_2X_701183-MLU74111715026_012024-F.jpg,https://http2.mlstatic.com/D_NQ_NP_2X_600430-MLA110895495884_052026-F.jpg,https://http2.mlstatic.com/D_NQ_NP_2X_881014-MLA111861394099_052026-F.jpg",Skp,DJ y consolas
MLA1413198393,Caja Directa Behringer Ultra-di Di400p Pasiva 1 Canal,"Behringer Ultra-DI DI400P caja directa de instrumento pasivo de 1 canal:
Prepárate para cualquier situación con la caja directa Behringer Ultra-DI DI400P. Robusta y lista para cualquier lugar, la DI400P compacta es una DI de alto rendimiento para llevar el sonido a consolas. Los conectores TS dobles de 1/4"" están cableados en paralelo, lo que te permite enchufar su instrumento en uno y usar el otro como salida para el amplificador. La salida de nivel de micrófono XLR balanceada alimenta tu consola con una señal limpia y súper plana que es fiel a la fuente.
Especificaciones:
-Caja directa pasiva compacta y de alto rendimiento
-Entrada TS de 1/4"" y salida paralela
-Salida XLR chapada en oro
-Salida de frecuencia súper plana para un sonido sin color
-Ofrece impedancia y coincidencia de señal de instrumentos a mezcladores
-Perfecto para uso en escenario y estudio.
-El interruptor de elevación a tierra elimina los molestos problemas de conexión a tierra
-La caja de metal resistente puede soportar los rigores de la carretera
Características:
-Entradas: 1x1/4""
-Salidas: 1 x XLR, 1 x 1/4"" (paralelo con entrada)
-Altura: 2.6""
-Ancho: 4.7""
-Profundidad: 1.4",in stock,new,98173.00 ARS,https://tecnoshow.vercel.app/#MLA1413198393,https://http2.mlstatic.com/D_NQ_NP_2X_969720-MLU72395900136_102023-F.jpg,"https://http2.mlstatic.com/D_NQ_NP_2X_637003-MLU72395900138_102023-F.jpg,https://http2.mlstatic.com/D_NQ_NP_2X_704985-MLU72396037804_102023-F.jpg,https://http2.mlstatic.com/D_NQ_NP_2X_634205-MLU75114480059_032024-F.jpg",Behringer,DJ y consolas
MLA2104049287,Controlador DJ Pioneer XDJ-RR negro de 2 canales,"Pioneer XDJ-RR
Lleva tus performances al siguiente nivel con el sistema XDJ-RR todo en uno para rekordbox. Esta solución DJ de dos canales hereda trazos de diseño y características esenciales de nuestro reproductor múltiple y mezcladora NXS2 y lo reúne todo en una sola pieza ligera y portátil. Como resultado, el XDJ-RR te ayudará a familiarizarte con equipamiento estándar de clubes como parte de tu transición de DJ doméstico a imponerte en fiestas, bares y, pronto, en clubes.
Usa el software rekordbox para experimentar con diferentes estilos de DJ y elige cómo actuar. Puedes conectar tu unidad USB y reproducir pistas directamente, utilizar el modo Link Export para acceder a tu biblioteca rekordbox a través de tu computadora portátil sin tener que exportar tu música a una unidad USB o, si lo prefieres, conectar tu PC o Mac con un único cable USB para aprovechar el modo Performance de rekordbox.
• Gran pantalla en color
Puedes ver lo que pasa en ambos reproductores a través de la pantalla en color de 7 pulgadas. Mira el estado de reproducción, BPM, forma de onda y demás información de vital importancia para llevar a cabo sets creativos y fluidos.
• Controles para performances
Mejora tus mezclas utilizando botones específicos para performances. Remezcla canciones en vivo disparando Hot Cues en secuencias nuevas, corta loops al vuelo con Beat Loop, utiliza Slip Loop para volver a introducir pistas en el momento perfecto y salta al compás que tú elijas con Beat Jump.
• Mezcladora con funciones pro
Consigue mezclas afinadas con ayuda de los ecualizadores y los faders de canal, que cuentan con las mismas curvas que los de nuestra mezcladora de club profesional, la DJM-900NXS2. También puedes personalizar tus rutinas con los populares Beat FX (Echo, Reverb y Flanger) y marcar la textura y tensión con Sound Color FX (Filter, Noise, Dub Echo y Pitch).
• Funciones de performance
Desbloquea las funciones de rendimiento de rekordbox con solo conectar la unidad a tu PC/Mac. Y, si te suscribes al plan Creative, utiliza Cloud Library Sync para gestionar sin problemas la biblioteca en varios dispositivos, y haz fácilmente versiones personalizadas de las pistas en el modo de edición (Edit).
• Ligero y portátil
Con tan solo 5,2 kg, transportar el kit a sesiones de ensayo, fiestas y actuaciones es muy sencillo.
• Dos puertos USB-A
Conecta 2 unidades USB al mismo tiempo para transiciones de DJ sin problemas, performances consecutivas o como reserva.
• Pulsa grabar
Graba tu mezcla directamente a una unidad USB y cárgala en tu biblioteca rekordbox para una edición sencilla.
• Entrada de audio externo
Conecta un cable AUX para reproducir música desde tu celular u otros dispositivos.",in stock,new,2999999.00 ARS,https://tecnoshow.vercel.app/#MLA2104049287,https://http2.mlstatic.com/D_NQ_NP_2X_786409-MLA99489106886_112025-F.jpg,"https://http2.mlstatic.com/D_NQ_NP_2X_870930-MLA91552772520_092025-F.jpg,https://http2.mlstatic.com/D_NQ_NP_2X_787787-MLU74110419050_012024-F.jpg,https://http2.mlstatic.com/D_NQ_NP_2X_634747-MLU74872015006_032024-F.jpg",Pioneer DJ,DJ y consolas
MLA1452818229,Consola Behringer XR18 X Air de mezcla,"Características
Marca Behringer
Línea X Air
Modelo XR18
Cantidad de canales 18
El Behringer X AIR XR18 es un mezclador digital de 18 canales con 12 buses, compatible con iPad y tabletas Android. Consta de 16 preamplificadores MIDAS programables, un módulo WiFi integrado y una interfaz de audio USB multi canal. Es ideal tanto para actuaciones en directo como para estudio. La libertad de moverse y manipular todos los parámetros de su mezcla con las aplicaciones para iOS, Android y PCs, te permiten poner la canción perfecta desde cualquier lugar del local donde estés actuando.
CARACTERÍSTICAS:
- Mezclador digital de 18 entradas controlado por iPad/Android para estudio y live aplicaciones
- 16 preamplificadores de micrófono totalmente programables, diseñados por MIDAS, garantizan la calidad de sonido de los audiófilos.
- Enrutador Wifi trimodal integrado para un funcionamiento directo, sin necesidad de enrutadores externos.
- 18 x 18 canales, interfaz USB bidireccional para grabación directa a través de iPad y más
- La mezcla automática de estilo Dugan gestiona automáticamente el uso compartido de la ganancia del micrófono.
- Rack de efectos X32 con 4 ranuras FX estéreo que incluye simulaciones de alta gama como Lexicon 480L y PCM70, EMT250 y Quantec QRS, etc.
- Analizador en tiempo real (RTA) de 100 bandas para todos los ecualizadores de canal y bus
- Conectividad Ultranet para el sistema de monitoreo personal P-16 de Behringer (no incluido)
- Orejas de bastidor y parachoques de protección incluidos para aplicaciones flexibles en bastidor y en el escenario.
- 6 buses LR auxiliares y principales con insertos, procesamiento de dinámica completa y ecualizador gráfico paramétrico de 6 bandas o de 31 bandas.
- 6 salidas auxiliares XLR y 2 salidas principales XLR más el conector de los teléfonos
- DSP de punto flotante de 40 bits con rango dinámico ""ilimitado"" sin sobrecarga interna y latencia total cercana a cero.
- Aplicaciones iOS, Android y PC/Mac/Linux disponibles para operación remota a través de Ethernet, LAN o WiFi.
- Entrada/salida MIDI permite controlar el mezclador a través de un equipo MIDI (incluido el protocolo Mackie Control) o para su uso como interfaz MIDI USB (futuro firmware).
- Fuente de alimentación interna conmutada para un audio sin ruido y un bajo consumo de energía.
- Diseñado en Alemania
ESPECIFICACIONES:
- Consumo de energía: 30W
- Fuente de alimentación conmutada: Rango automático 100-240V (50Hz/60Hz)
- Dimensiones: 333mm x 149mm x 140mm / 13.1'' x 5.9'' x 5.5''.
- Peso: 3.2kg / 7.1lbs
Pequeño pero potente
La XR18 ha sido diseñada para ser compacta y a la vez potente, proporcionando una potencia de una unidad de mezcla digital. El diseño de la caja escénica es excepcionalmente duradero, lo que la hace ideal para su uso en carretera y live aplicaciones. El módulo WiFi integrado le ofrece una mayor versatilidad a la hora de controlar su mezclador, lo que",in stock,new,1749999.00 ARS,https://tecnoshow.vercel.app/#MLA1452818229,https://http2.mlstatic.com/D_NQ_NP_2X_921522-MLA99574377356_122025-F.jpg,"https://http2.mlstatic.com/D_NQ_NP_2X_726966-MLA91946568061_092025-F.jpg,https://http2.mlstatic.com/D_NQ_NP_2X_687364-MLU73214039315_122023-F.jpg,https://http2.mlstatic.com/D_NQ_NP_2X_827278-MLU73129950014_122023-F.jpg",Behringer,DJ y consolas
MLA1540046436,Consola Behringer XR16 X Air de mezcla,"BEHRINGER X AIR XR16. MODELOS RECIENTEMENTE INGRESADOS
Behringer X AIR XR16 Mezcladora digital de 16 canales con control remoto a través de Router
CARACTERISTICAS TECNICAS BEHRINGER X AIR XR16 :
8 entradas de micrófono/línea combo XLR/TRS
8 entradas de línea jack de 6.3mm
Salida de auriculares estéreo
Entrada y salida MIDI
4 procesadores de efectos integrados
100 analizadores de banda
Salida principal XLR
Control remoto a través de router incorporado con conexiones Ethernet y Wi-Fi
Disponibles aplicaciones gratuitas para iOS, Android",in stock,new,1549999.00 ARS,https://tecnoshow.vercel.app/#MLA1540046436,https://http2.mlstatic.com/D_NQ_NP_2X_745884-MLA99411186106_112025-F.jpg,"https://http2.mlstatic.com/D_NQ_NP_2X_686565-MLA46320909541_062021-F.jpg,https://http2.mlstatic.com/D_NQ_NP_2X_714304-MLA46320814841_062021-F.jpg,https://http2.mlstatic.com/D_NQ_NP_2X_610972-MLU70045094382_062023-F.jpg",Behringer,DJ y consolas
MLA1495377670,Consola Behringer XR12 X Air de mezcla,"Consola digital de 12 Canales Behringer XR12 Mezclador Digital de 12 Canales Controlado por iPad/Android Tablet Para Aplicaciones de Directo y Estudio 8 Preamplificadores de Micro MIDAS Interfaz USB y Router WiFi Incorporados 2 Buses Digital Mixer para iPad/Android Tablets programable para 4 MIDAS Preamps, Wifi integrado con módulo y Multi Channel USB Audio Interface Ecualizador de 31 Bandas Consumo de energía: 30W Fuente de alimentación conmutada: Ajuste automático 100 240V (50Hz/60Hz) Dimensiones: 333 mm x 149 mm x 95 mm / 13,1 '' x 5,9 '' x 3,7 '' Peso: 2,4 kg/5,3 kg Canales de procesamiento: 12 canales de entrada 4 canales de retorno FX 6 autobuses de Aux 1 USB stereo volver canal Principal LR procesadores de efectos internos: 4 verdadero estéreo Procesamiento de señales: punto flotante de 40 bits Conversión A/D D/A: @ 44,1 kHz/48 kHz, rango dinámico de 114dB de 24 bits Cirrus Logic CS5368 A/D, D/A de CS4385 Latencia de E/S analógica: 0.8ms Conectores Preamplificadores de micrófono programables: 4 conectores Combo XLR/TRS, balanceado Previos: Diseñado por MIDAS Entradas de línea/Aux: 8 x TRS, equilibrado Principales resultados: 2 x XLR, equilibrado Salidas AUX: 2 x TRS, equilibrado Salida de los teléfonos: 1x TRS Entrada salida de MIDI: 1/1 DIN Ethernet: 1x RJ45 Interfaz audio/MIDI: 1x USB tipo A Módulo WLAN",in stock,new,1299999.00 ARS,https://tecnoshow.vercel.app/#MLA1495377670,https://http2.mlstatic.com/D_NQ_NP_2X_921518-MLA99545429600_122025-F.jpg,"https://http2.mlstatic.com/D_NQ_NP_2X_846976-MLA46321125566_062021-F.jpg,https://http2.mlstatic.com/D_NQ_NP_2X_751630-MLU74992144542_032024-F.jpg,https://http2.mlstatic.com/D_NQ_NP_2X_698157-MLU75133426581_032024-F.jpg",Behringer,DJ y consolas
MLA1112380682,Consola Behringer X1204USB Xenyx de mezcla,"XENYX X1204 USB CONSOLA DE SONIDO
Con multiefecto Digital 24 bit
Entradas:
4 Entradas Cannon (XLR) con preamplificadores Xenyx.
2 Entradas de líneas estéreo por Plug 6.3mm balanceado TRS.
4 Puntos de inserción en los canales del 1 al 4.
Salidas:
2 Salidas balanceadas por XLR L y R.
2 Salidas de Control Room por Plug TRS L y R.
2 Salidas de subgrupo por plug TRS 1 y 2.
2 Salidas por USB para grabación de 2 canales L y R.
Compresor en los canales del 1 al 4 con ajuste de threshold y led.
EQ de graves, medio semi paramétricos y agudos de calidad inglesa.
Módulo multiefecto con 16 preset:
REVER (hall, room, plate, gated, reverse)
DELAY (delay, eco, ambience, early reflexion)
MODULACIÓN (chorus, flanger, phaser)
PITCH (detune, pitch)
COMBINACIÓN (delay + rever, chorus + rever)
Interface USB 2.0 incorporada para grabación y edición de 2 canales.
Faders de 60mm logarítmicos.
Perfiles de metal para montaje en Rack de 19"".
Diseñada en Alemania y fabricada en China.
ESPECIFICACIONES TÉCNICAS:
Consumo: 50 Watts.
Tensión: 220V.
Peso: 4.18Kg.
Medidas: 320mm ancho x 90mm alto x 340mm profundidad.",in stock,new,849999.00 ARS,https://tecnoshow.vercel.app/#MLA1112380682,https://http2.mlstatic.com/D_NQ_NP_2X_867009-MLA99593566110_122025-F.jpg,"https://http2.mlstatic.com/D_NQ_NP_2X_614561-MLA46321237202_062021-F.jpg,https://http2.mlstatic.com/D_NQ_NP_2X_886422-MLA74782357819_022024-F.jpg,https://http2.mlstatic.com/D_NQ_NP_2X_911549-MLA91496457388_092025-F.jpg",Behringer,DJ y consolas
MLA907129173,Interfaz de audio Focusrite Scarlett 8i6 3.ª gen,"Interfaz de audio USB 2.0 de 8 entradas 6 salidas
La Scarlett 8i6 3ra Generación es la solución de estudio compacta que permite mantener todo tu hardware conectado y listo para funcionar: ajusta micros, guitarras y sintes para empezar a crear tan pronto como te asalte la inspiración. Con una conversión A-D y D-A mejorada, tus grabaciones y reproducciones sonarán claras y matizadas hasta 24-bit/192kHz y dos salidas de auriculares de alta fidelidad con control de volumen dedicado te permitirán un monitoraje flexible durante la grabación y la reproducción.
La 8i6 incluye dos previos de micro Scarlett actualizados de tercera generación: con ajuste opcional Air para reproducir el efecto Air del previo de micro original ISA de Focusrite, dando a tus grabaciones vocales y acústicas un sonido más brillante y abierto.
Graba guitarras o bajos a través de las entradas de instrumento de alta impedancia y gran margen sin clipping ni distorsiones no deseadas y usa las seis entradas flexibles de línea – dos frontales con control de ganancia y cuatro fijas en la parte trasera que permiten grabar hasta seis fuentes de línea mono o tres estéreo como sintetizadores o cajas de ritmos con claridad garantizada.
Un par de entradas de bucle virtual te permiten capturar una señal estéreo de cualquier combinación de entrada hardware y canales de reproducción de software – facilitando los podcasts, streamings en directo y el sampleado.
Scarlett 8i6 3ra Generación está diseñada para aguantar días de carretera y se conecta directamente a tu Mac® o PC a través de un cable USB, sin necesidad de alimentación externa. Viene con todas las herramientas de software que necesitas para empezar, incluidas dos completas plataformas de trabajo de audio digital: Ableton® Live Lite™ y Pro Tools® First Focusrite Creative Pack; el pack Time and Tone de Softube; la suite de plugins Red de Focusrite y un instrumento virtual de Addictive Keys de XLN Audio a elegir entre 4 opciones.
CARACTERÍSTICAS
· Focusrite Scarlett 8i6 3ª generación
· Interfaz de audio USB2.0 de 8 canales con conector USB-C
· 24 bits/192 kHz; 2 Scarlett Mic-Preamps; + 48V de alimentación phantom
· Función air conmutable
· 2x Combo de entrada de micrófono / instrumento- / entrada de línea XLR / 6.3 mm, equilibrado
· 4x Jack Line-Input 6.3 mm
· 4x Line-Output 6.3 mm Jack balanceado
· 2x Salidas jack de salida de auriculares estéreo de 6,3 mm
· E/S Coaxial S/PDIF
· E/S MIDI, conector USB-C
· Entrada para fuente de alimentación externa
· Incluye cable USB (Tipo C a A)
· Dimensiones: 210 x 47.5 x 149.5 mm
· Peso: 0,84 kg.",in stock,new,839998.00 ARS,https://tecnoshow.vercel.app/#MLA907129173,https://http2.mlstatic.com/D_NQ_NP_2X_838444-MLA99988694639_112025-F.jpg,"https://http2.mlstatic.com/D_NQ_NP_2X_958933-MLA74781544895_022024-F.jpg,https://http2.mlstatic.com/D_NQ_NP_2X_777355-MLU75115634771_032024-F.jpg,https://http2.mlstatic.com/D_NQ_NP_2X_636414-MLA91499030668_092025-F.jpg",Focusrite,DJ y consolas
MLA3190793302,Consola Mezcladora Behringer Xenyx 1204usb 12 Canales,"Consola Behringer Xenyx 1204 USB Interface
Sirve para
streaming - podcast - radios - DJ - fiestas - eventos
ESPECIFICACIONES
- Control de ganancia
- Control de graves y agudos
- Control de paneo canal 1
- Control de balanceo entre izquierda y derecha en los canales 2, 3, 4, 5/6 y 7/8
- Control de nivel en todos los canales
- Botón de MUTE en todos los canales
- Control de graves, agudos y medios en todos los canales
- Phantom power
- Interruptor encendido/apagado
- Interface USB para conexión a PC
Entradas:
- 4 XLR balanceadas con preamplificador Xenyx para micrófono (canal 1,2,3,4)
- 4 Plug balanceadas de línea (canal 1,2,3,4)
- 4 Plug balanceadas / no balanceadas (canal 5/6 y 7/8)
- 2 RCA izquierdo y derecho
Salidas:
- 4 Plug izquierdo y derecho STEREO AUX RETURN
- 2 Plug AUX SEND
- 2 RCA izquierdo y derecho
- 1 Plug PHONES
- 2 Plug CONTROL ROOM
- 2 Plug ALT 3-4
- 2 XLR MAIN
- 1 USB INTERFACE
- Alto: 9cm
- Ancho: 27cm
- Profundidad: 32cm
- Peso: 2,7kg
- Diseñado en Alemania, hecho en China
Incluye:
1 consola Behringer Xenyx 1204 USB
2 chapas para rack metálicas
1 cable USB
1 cable de alimentación
Preguntas frecuentes:
1 - Tiene phantom power?
- Sí, cuenta con phantom power
2 - Es potenciada?
- No, no es potenciada
3 - Tiene interface USB? Lo puedo usar en Windows y Mac?
- Cuenta con interface USB y es compatible con Windows y Mac",in stock,new,692998.00 ARS,https://tecnoshow.vercel.app/#MLA3190793302,https://http2.mlstatic.com/D_NQ_NP_2X_748662-MLA99855107551_112025-F.jpg,"https://http2.mlstatic.com/D_NQ_NP_2X_713894-MLA109751525153_032026-F.jpg,https://http2.mlstatic.com/D_NQ_NP_2X_665572-MLA108925969028_032026-F.jpg,https://http2.mlstatic.com/D_NQ_NP_2X_748501-MLA109751704001_032026-F.jpg",Behringer,DJ y consolas
MLA3636759356,Consola Potenciada Bluetooth Sanrai Jmp8150 8 Canales USB/SD,"SANRAI JMP8150
Consola Potenciada de 8 Canales 150w RMS - Usb / Sd - Bluetooth - Display Digital - Radio FM - Control Remoto
Características:
- Consola potenciada de 8 canales
- Potencia: 150 Watts RMS @ 4O
- Bluetooth®
- Reproductor de USB y SD
- Radio FM
- Ecualizador independiente por canal con Volumen, Graves, Agudos y Efecto
- Efecto de Time y Delay Digital
- Control de Graves, Medios y Agudos
- Display Digital
- Entrada y Salida RCA
- Entrada y Salida Plug
- Control remoto
- Manija para su fácil transporte
- Dimensiones: 52 cm de ancho x 29 cm de alto x 25 cm de profundidad
- Peso: 6 kg",in stock,new,581545.00 ARS,https://tecnoshow.vercel.app/#MLA3636759356,https://http2.mlstatic.com/D_NQ_NP_2X_937965-MLA99962509711_112025-F.jpg,https://http2.mlstatic.com/D_NQ_NP_2X_645462-MLA92771806056_092025-F.jpg,Sanrai,DJ y consolas
MLA2070482376,Interfaz de audio Behringer U-Phoria UMC202 negra 2.ª gen,"Interface de Audio Behringer U-PHORIA UMC202HD 24-Bit/192 kHz 2x2 USB Audio
ESPECIFICACIONES TÉCNICAS
- Interfaz de audio de USB 2x2 para grabar micrófonos e instrumentos
- Resolución audiófila 192 kHz para calidad de audio profesional
- Compatible con software de grabación como Avid Pro Tools*, Ableton Live*, Steinberg Cubase*
- Dos entradas y dos salidas de latencia ultrabaja a su ordenador, compatible con Mac OS X y Windows XP o superior
- Preamplificador de micrófono MIDAS con alimentación Phantom +48 V
- Salida potente de Phones con control de nivel y selección de monitor directo
- Indicaciones de estado, señal y clip
- Puerto USB para conexión y suministro
- Chasis de metal resistente
- Componentes de alta calidad y construcción resistente
Especificaciones
- Preamplificador: 2x de MIDAS diseño
Conectores de entrada:
- Micrófono/línea: 2x XLR/TRS Combo
- Respuesta de frecuencia: 10 Hz - 50 kHz, 0 dB /-0.3dB
- Rango dinámico: 100 dB, con ponderación
- Impedancia:
- Mic/Line: 3kOhms
- Instrumento: 1MOhms
- Phantom power: +48v switchable
Conectores de salida:
- Phones: 1x 1/4"" stereo
- Line out: 2x 1/4"" TRS
- Respuesta de frecuencia: 10Hz - 43kHz (0/ + 0.3dB)
Max input level:
- Micrófono: - 4dBu
- Línea: + 20dBu
- Instrumento: - 3dBu
- Las tasas de la muestra: 44.1 / 48 / 88.2 / 96 / 176.4 / 192 kHz
- Conector USB: USB tipo B
- Sistemas operativos: Mac OS X / Windows XP o superior
- Consumo de energía: 2.5W máximo
- Dimensiones: 46.45 mm x 170 mm x 125 mm (Altura x Ancho X Profundidad)
- Peso: 0,5 kg
Incluye:
1 placa interface UMC202HD
1 cable USB",in stock,new,398998.00 ARS,https://tecnoshow.vercel.app/#MLA2070482376,https://http2.mlstatic.com/D_NQ_NP_2X_920834-MLA99522485192_122025-F.jpg,"https://http2.mlstatic.com/D_NQ_NP_2X_720978-MLA92547988976_092025-F.jpg,https://http2.mlstatic.com/D_NQ_NP_2X_751895-MLA92547969450_092025-F.jpg,https://http2.mlstatic.com/D_NQ_NP_2X_814579-MLA92547999152_092025-F.jpg",Behringer,DJ y consolas
MLA3190333558,Consola Behringer Xenyx 502s de mezcla,"Mixer Consola Behringer Xenyx 502S
El Behringer Xenyx 502S es una herramienta poderosa y asequible para creadores de contenido principiantes y profesionales en movimiento. 5 canales de sonido nítido y galardonado con amplio control auditivo permiten a los podcasters, jugadores y transmisores en vivo dirigir fácilmente el audio para aplicaciones de creación eficientes.
***Ideal para grabaciones, sonido en vivo, cantantes, escuelas, bandas, salas de ensayo, pubs, bares, salones de fiestas, karaoke, fiestas, casamientos, cumpleaños, conferencias, oratorias, eventos, charlas, aniversarios, animaciones, dj, comuniones, etc***
ESPECIFICACIONES
- Control de ganancia
- Control de graves y agudos
- Control de paneo canal 1
- Control de balanceo entre izquierda y derecha en los canales 2, 3, 4 y 5
- Control de nivel en todos los canales
- Control de volumen general ""MAIN MIX""
Entradas:
- 1 canal XLR balanceado con preamplificador Xenyx
- 5 canales plug 6,3mm balanceado
- 1 entrada RCA ""STREAM...""
Salidas:
- 2 salidas mono balanceadas plug 6,3mm ""MAIN OUT""
- 1 salida estereo para auricular ""PHONES"" con control de volumen
- 1 salida RCA ""STREAM...""
- Indicadores leds de señal
- Boton STREAM TO PHONES para monitorizar la entrada por RCA hacia la salida PHONES
- Boton STREAM TO MIX para asignar lo conectado por RCA o USB a la mezcla principal
- Conector USB tipo B de entrada y salida de señal desde una PC
Dimensiones:
- Largo: 17,5cm
- Ancho: 13,5cm
- Alto: 4,8mm
- Peso: 577g
Incluye:
1 consola Behringer Xenyx 502 S
1 manual de usuario
1 fuente de alimentación
Preguntas frecuentes:
1 - Tiene phantom power?
- No, este modelo no cuenta con alimentación phantom power
2 - Tiene puerto USB para pendrive?
- No, no cuenta con puerto USB para pendrive
3 - Tiene interface USB? Lo puedo usar en Windows y Mac?
- Cuenta con interface USB y es compatible con Windows y Mac
¡¡¡RECOMENDAMOS LEER EL MANUAL PARA UN CORRECTO USO DEL PRODUCTO!!!",in stock,new,259999.00 ARS,https://tecnoshow.vercel.app/#MLA3190333558,https://http2.mlstatic.com/D_NQ_NP_2X_625865-MLA100065735261_122025-F.jpg,"https://http2.mlstatic.com/D_NQ_NP_2X_827375-MLU71266334483_082023-F.jpg,https://http2.mlstatic.com/D_NQ_NP_2X_966605-MLA91553491474_092025-F.jpg,https://http2.mlstatic.com/D_NQ_NP_2X_939618-MLA91553491492_092025-F.jpg",Behringer,DJ y consolas
MLA2139311050,Mixer Behringer 302usb Preamp Xenyx 5 Entradas Usb,"Características:
* Alimentación por USB o fuente externa (incluida)
* Phantom power incorporado
* Preamp Xenyx en el canal XLR
* Ecualizador Neo-Classic de 2 bandas
* 2-Track asignable a auricular o master",in stock,new,229999.00 ARS,https://tecnoshow.vercel.app/#MLA2139311050,https://http2.mlstatic.com/D_NQ_NP_2X_986419-MLA99508544802_112025-F.jpg,https://http2.mlstatic.com/D_NQ_NP_2X_758890-MLA79536800378_102024-F.jpg,Behringer,DJ y consolas
MLA1655076982,Placa Inteface De Audio Usb 2 Canales Apogee Im22 Phantom Color Negro,"Interfaz De Audio Apogee iM22 USB 2 Entradas x2 outs PRM
- Marca: Apogee
- Modelo: iM22
- Cantidad de entradas: 2
- Cantidad de salidas: 2
- Tasa de muestreo: 48 kHz
- Rango dinámico: 100 dB
- Respuesta de frecuencia: 10 Hz - 30 kHz
- Resolución de audio: 24 bit
- Tipos de alimentación: USB
- Tipos de conexiones: XLR, TRS, USB, RCA
- Voltaje: 220 v
- Software compatible: Logic, Nuendo, Cubase, Pro Tools, Sonar
- Alimentación phantom de +48 V
- Control de nivel y selección de monitor directo
- Dimensiones: 46.45 x 163 x 125 mm
- Peso: 0.5 Kg
- 76569
Este producto ha estado en exhibición y puede tener detalles estéticos que no afectan su funcionamiento. Puede no tener la caja original. Consulta previamente para obtener detalles precisos.",in stock,new,199498.00 ARS,https://tecnoshow.vercel.app/#MLA1655076982,https://http2.mlstatic.com/D_NQ_NP_2X_811635-MLA99013808242_112025-F.jpg,"https://http2.mlstatic.com/D_NQ_NP_2X_665809-MLA99946632181_112025-F.jpg,https://http2.mlstatic.com/D_NQ_NP_2X_919335-MLA99493601963_112025-F.jpg,https://http2.mlstatic.com/D_NQ_NP_2X_943466-MLA99014025544_112025-F.jpg",Apogee,DJ y consolas
MLA1380518709,Interfaz de audio Focusrite Scarlett 2i2 Studio roja y negra 3.ª gen,"Contar con una buena calidad de sonido a la hora de grabar tus pistas es muy importante para dar el salto de amateur a profesional. Es por eso que esta interface de audio Focusrite 2i2 Studio Scarlett es la indicada para vos.
Lográ la grabación completa
Este aparato cuenta con 5 entradas, lo que te permitirá ingresar varios sonidos a la vez. La regla es que necesitás tantas entradas como líneas quieras grabar simultáneamente, es decir que podrás utilizarla para micrófonos e instrumentos y obtener una grabación completa de una sola vez. Además, cuenta con 4 salidas que te permitirán conectar a tu computadora y así hacer el trabajo de forma integral.
Sumá calidad
Gracias a sus 192 kHz y su resolución de audio de 24 bit vas a lograr que todas tus grabaciones tengan una calidad sobresaliente y se resalten las melodías de cada instrumento y cada voz.
Poder fantasma activo
Para dar más potencia a la señal, este producto cuenta con alimentación fantasma o phantom que optimiza la señal y brinda corriente de manera constante a todos los dispositivos de audio que conectes.
Tu paquete Scarlett 2i2 Studio incorpora todas las herramientas de software
necesarias para empezar, incluidas dos exhaustivas estaciones de trabajo
de audio digital: Ableton® Live Lite™ y Pro Tools® First Focusrite Creative Pack.
Lo bastante intuitivo para los principiantes y lo bastante avanzado para inspirar
creatividad real con efectos que suenan asombrosamente bien.
- Interfaz de audio USB 2.0 de 2 canales con conexión USB-C
- 24 Bit / 192 kHz
- 2 preamplificadores de micrófono Scarlett
- Alimentación Phantom de +48 V
- Función Air conmutable
- 2 entradas Mic/Line: XLR/Jack de 6,3 mm combinadas simétricas
- 2 salidas de línea: Jack de 6,3 mm simétricas
- Salida de auriculares estéreo: 6,3 mm
- Puerto USB-C
- Para PC/Mac
- Alimentación vía puerto USB
- Medidas (An x Al x PR): 175 x 47,5 x 98,8 mm
- Peso: 0,47 kg
- Incluye cable USB (tipo C a A) así como Ableton Live Lite, Pro
Tools First, Focusrite Red 2 & - Red 3 Plug-in Suite, Softube Time & Tone
Bundle y un instrumento Software de 4 XLN",in stock,new,1028998.00 ARS,https://tecnoshow.vercel.app/#MLA1380518709,https://http2.mlstatic.com/D_NQ_NP_2X_984420-MLA99964521055_112025-F.jpg,"https://http2.mlstatic.com/D_NQ_NP_2X_706838-MLU78004095788_082024-F.jpg,https://http2.mlstatic.com/D_NQ_NP_2X_835580-MLU74086480141_012024-F.jpg",Focusrite,DJ y consolas
MLA1751620819,Consola Novik Neo NVK 20M USB de mezcla,"Incluye DSP con 99 efectos internos de 24 bits y reproductor compatible con USB y SD (MP3, WAV, WMA) para reproducir pistas directamente desde memoria. Con funciones PFL y silencio en todos los canales, entradas de línea balanceadas y construcción metálica resistente, la NVK-20M es una solución integral para instalaciones fijas y móviles.
Características:
- 20 canales con alimentación Phantom +48V
- Preamplificadores de micrófono
- 20 entradas de línea
- Insertos en todos los canales
- Ecualizador de 3 bandas y filtro pasa altos por canal
- Ecualizador estéreo de 7 bandas en los canales principales de mezcla
- Reproductor MP3 incorporado con pantalla LCD y control de ecualizador individual
- Compatible con memorias USB y SD
- Salida estéreo de sub-grupos
- DSP con 99 efectos internos
- Faders para una mezcla balanceada
- Salida a monitor a través de auriculares con función PFL
- Función PFL y Silencio en todos los canales
- Compatible con formatos MP3/WAV/WMA
Especificaciones técnicas:
- Entradas de micrófono: XLR balanceadas
- Impedancia de entrada de micrófono: 2.6 KOhms balanceada
- Máximo nivel de entrada de micrófono: 12dBu
- Rango de ganancia de micrófono: 5dB a 60dB
- Entrada de línea: ¼¨ TRS balanceada
- Impedancia de entrada de línea: 20 KOhms balanceada
- Máximo nivel de entrada de línea: 30dBu
- Rango de entrada de línea: -10dB a 40dB
- Relación Señal / Ruido: 110dB / 112dBA
- Distorsión THD+N: 0.005% / 0.004%
- Respuesta en frecuencia: < 10Hz- 90kHz> 0dB/-1dB
- Ecualizador por canal: Low 80 Hz ±15dB, Mid 2.5 kHz ±15dB, High 12 kHz ±15dB
- Filtro pasa altos: 100 Hz
- Ecualizador Principal: 63Hz, 200Hz, 500Hz, 1kHz, 4kHz, 6.3kHz y 16kHz ±12dB
- Salida auxiliar: ¼¨ TRS desbalanceada
- Impedancia de salida auxiliar: 120 Ohms desbalanceada
- Máximo nivel de salida auxiliar: 22dBu
- Salida principal: XLR y ¼¨ TRS balanceada
- Máximo nivel de salida principal: 28dBu balanceada / 22dBu desbalanceada
- Salida de auriculares: ¼¨ TRS desbalanceada
- Máximo nivel de salida de auriculares: 19dBu
- Reproductor MP3 con Bluetooth
- Formatos de audio compatibles: MP3, WAV, WMA
- DSP con conversor 24 bit Sygma-Delta
- Frecuencia de muestreo: 48kHz
- Alimentación: 90V - 240V – 60/50 Hz
- Consumo: 45W
- Peso: 12.60 kg",in stock,new,923998.00 ARS,https://tecnoshow.vercel.app/#MLA1751620819,https://http2.mlstatic.com/D_NQ_NP_2X_788125-MLA99516463264_112025-F.jpg,"https://http2.mlstatic.com/D_NQ_NP_2X_925101-MLU76214302593_052024-F.jpg,https://http2.mlstatic.com/D_NQ_NP_2X_899925-MLU76033362230_052024-F.jpg,https://http2.mlstatic.com/D_NQ_NP_2X_641674-MLU76033362234_052024-F.jpg",Novik Neo,DJ y consolas
MLA1749979317,Behringer Xenyx 1002sfx Mezcladora 10 Canales Efectos Y Usb,"El mezclador analógico XENYX 1002SFX cuenta con 10 entradas para transmisión, podcasting o aplicaciones en vivo.
- Preamplificadores de micrófono XENYX con alimentación fantasma de 48 V.
- La serie XENYX ""S"" se puede conectar a cualquier computadora o dispositivo móvil.
- También se puede utilizar como un submezclador versátil para alimentar dispositivos de audio habilitados para red con varias otras señales de audio.
- Dos canales mono con EQ y Low Cut, más 4 canales estéreo.
- Una entrada de transmisión RCA estéreo y una entrada USB estéreo un total de 14 señales de audio para transmisión.
- Monitoreo a través de auriculares o salidas TRS y procesador Klark Teknik FX con cien preajustes.
- Los canales mono tienen controles de ganancia adicionales y ecualizador de 3 bandas con corte de graves conmutable, mientras que los canales de nivel de línea estéreo ofrecen un refuerzo de 12 dB conmutable.
- Finalmente, un fader principal de 60 mm asegura un control de volumen extremadamente suave de su mezcla de salida.",in stock,new,499999.00 ARS,https://tecnoshow.vercel.app/#MLA1749979317,https://http2.mlstatic.com/D_NQ_NP_2X_662518-MLA99449144324_112025-F.jpg,"https://http2.mlstatic.com/D_NQ_NP_2X_843501-MLA99449239198_112025-F.jpg,https://http2.mlstatic.com/D_NQ_NP_2X_644584-MLA99449258988_112025-F.jpg,https://http2.mlstatic.com/D_NQ_NP_2X_963767-MLA99933314959_112025-F.jpg",Behringer,DJ y consolas
MLA1341549518,Kit Grabacion Behringer Voice Studio Interfaz Usb Mic500 C-1 Color Negro/Gris,"Contar con una buena calidad de sonido a la hora de grabar tus pistas es muy importante para dar el salto de amateur a profesional. Es por eso que esta interface de audio Behringer Voice Studio es la indicada para vos.
Lográ la grabación completa
Este aparato cuenta con 3 entradas, lo que te permitirá ingresar varios sonidos a la vez. La regla es que necesitás tantas entradas como líneas quieras grabar simultáneamente, es decir que podrás utilizarla para micrófonos e instrumentos y obtener una grabación completa de una sola vez. Además, cuenta con 2 salidas que te permitirán conectar a tu computadora y así hacer el trabajo de forma integral.
Sumá calidad
Gracias a sus 48 kHz y su resolución de audio de 16 bit vas a lograr que todas tus grabaciones tengan una calidad sobresaliente y se resalten las melodías de cada instrumento y cada voz.
Poder fantasma activo
Para dar más potencia a la señal, este producto cuenta con alimentación fantasma o phantom que optimiza la señal y brinda corriente de manera constante a todos los dispositivos de audio que conectes.",in stock,new,472498.00 ARS,https://tecnoshow.vercel.app/#MLA1341549518,https://http2.mlstatic.com/D_NQ_NP_2X_892980-MLA96887487097_102025-F.jpg,"https://http2.mlstatic.com/D_NQ_NP_2X_788076-MLA41827805177_052020-F.jpg,https://http2.mlstatic.com/D_NQ_NP_2X_961145-MLU76613210235_052024-F.jpg,https://http2.mlstatic.com/D_NQ_NP_2X_667380-MLA41830578429_052020-F.jpg",Behringer,DJ y consolas
MLA2060443616,Procesador De Efectos Para Dj Behringer Fx-2000,"Que agradable es en un concierto a un cantante, una tarola una guitarra con un buen reverb, delay, chorus o combinaciones de estos, si buscas un procesador multiefectos el FX2000 cuenta con 71 algoritmos con tecnología RSM (Real Sound Modeling, modelado de sonido real ) Algorítmos de reverberación para un reverb y delay más natural. Increíbles efectos de modulación, dinámicos, psicoacústicosy EQ. Auténtica simulación de amplificadores, distorsión efectos especiales para guitarristas.11 combinaciones de efecto, con configuración de ruteo seleccionable.7 parámetros ajustables más EQ de 2 bandas por efecto, Convertidor A/D D/A de 24 bits. y puede montarse en rack.
Vistazo rapido
Multiefectos
Multiefectos
71 algoritmos con modelado de sonido, combinaciones de efectos, cuenta con Reverb, Delay, Chorus, Flanger, Filtros, y más con alrrededor de 7 parámetros por efecto. Tiene 100 presets de fábrica y 100 de usuario, puedes montarlo a rack.
Caracteristicas
Conectores XLR y TRS 1/4
Impedancia 80 kOhms
Nivel de operación nominal -10 dBV o +4dBu nivel nominal . +1 dBV a -10 dBV
Salidas análogas conectores XLR y TRS1/4 balanceado
Impedancia de entrada 80 Ohms
Máximo nivel de salida +15 dBu a +4dBu nivel nominal , +1 dBV a -10 dBV nivel nominal
Ancho de banda 20 Hz a 20 kHz, +/-3 dB
THD 0.018 % typ. @ + 4 dBu
Crosstalk mayor a – 76 dB
Interfaz MIDI conectores socket 5 pin IN / OUT / THRU
Convertidor 24 bits Sigma – Delta Sampling rate de 46.875 kHz
Display de 4 digitos 14 segmentos de LED alfa numérico",in stock,new,461998.00 ARS,https://tecnoshow.vercel.app/#MLA2060443616,https://http2.mlstatic.com/D_NQ_NP_2X_888133-MLA102491233046_122025-F.jpg,"https://http2.mlstatic.com/D_NQ_NP_2X_959227-MLA103144558663_122025-F.jpg,https://http2.mlstatic.com/D_NQ_NP_2X_630819-MLA103144538603_122025-F.jpg,https://http2.mlstatic.com/D_NQ_NP_2X_862097-MLA103144587133_122025-F.jpg",Behringer,DJ y consolas
MLA1695003492,Consola De Mezclas Mackie Mix5 Compacta 5 Canales - Oddity,"Con esta mesa de mezclas, podrás tocar, inventar y crear los sonidos más increíbles.
Phantom power
Phantom power, o alimentación fantasma, proporciona corriente continua a los dispositivos que la necesitan, como un micrófono. Este tipo de fuente de alimentación hace que estos dispositivos estén estandarizados y que el proceso de instalación sea más cómodo y práctico, ya que no requiere muchas fuentes de alimentación independientes.",in stock,new,241498.00 ARS,https://tecnoshow.vercel.app/#MLA1695003492,https://http2.mlstatic.com/D_NQ_NP_2X_697072-MLA99487050844_112025-F.jpg,"https://http2.mlstatic.com/D_NQ_NP_2X_849374-MLA99486961920_112025-F.jpg,https://http2.mlstatic.com/D_NQ_NP_2X_889436-MLA99971052571_112025-F.jpg,https://http2.mlstatic.com/D_NQ_NP_2X_853435-MLA99971675513_112025-F.jpg",Mackie,DJ y consolas
MLA1540377586,Consola Behringer X1622USB Xenyx de mezcla,"Behringer busca que con sus productos puedas cumplir tus sueños musicales. Las consolas de mezcla están pensadas y cuidadosamente fabricadas por expertos que buscan cambiar la vida de sus clientes.
Alimentación fantasma
La alimentación fantasma, o alimentación phantom, proporciona corriente continua a los dispositivos que lo necesitan, por ejemplo un micrófono. Este tipo de alimentación hace que estos dispositivos se estandaricen y que sea más cómodo y práctico el proceso de instalación, ya que no requiere muchas fuentes de alimentación separadas.",in stock,new,1049998.00 ARS,https://tecnoshow.vercel.app/#MLA1540377586,https://http2.mlstatic.com/D_NQ_NP_2X_824204-MLA99988762121_112025-F.jpg,"https://http2.mlstatic.com/D_NQ_NP_2X_908909-MLA46332525450_062021-F.jpg,https://http2.mlstatic.com/D_NQ_NP_2X_823875-MLA74651548872_022024-F.jpg,https://http2.mlstatic.com/D_NQ_NP_2X_791225-MLA91510238934_092025-F.jpg",Behringer,DJ y consolas
MLA1491248701,Consola Mixer Behringer Xenyx Q1204 Usb 12 Entrad.fervanero,"CONSOLA BEHRINGER Q1204USB
*********************************************************************************************************
Este mezclador premium de 12 entradas y 2/2 bus viene con compresores y preamplificadores de micrófono XENYX, opción inalámbrica e interfaz USB / de audio.
Características:
- Conector de entrada XLR balanceado
- Máx. nivel de entrada +12 dBu@ 10 dB
- Impedancia 2 kOhms balanceado
- Entrada de linea 1/4"" balanceado
- Entrada Tape in con conector RCA imp. 10 kOhms , máx nivel de entrada +22 dBu
- Salidas Main con conector XLR balanceado imp. 240 Ohms bal. 120 Ohms desb.
- Máx. nivel de salida +28 dBu
- USB conector tipo B de 16 bits 48 kHz
- Dimensiones 265 x 330 x 90 mm
- Peso 2.8 kg
*********************************************************************************************************
Imágenes meramente ilustrativas.",in stock,new,799999.00 ARS,https://tecnoshow.vercel.app/#MLA1491248701,https://http2.mlstatic.com/D_NQ_NP_2X_886344-MLA100019154087_122025-F.jpg,"https://http2.mlstatic.com/D_NQ_NP_2X_751740-MLA100019154099_122025-F.jpg,https://http2.mlstatic.com/D_NQ_NP_2X_710764-MLA100019154105_122025-F.jpg,https://http2.mlstatic.com/D_NQ_NP_2X_853343-MLA99535817854_122025-F.jpg",Behringer,DJ y consolas
MLA2345535906,Mezcladora Novik Neo Nvk1602fx 16 Canales Con 99 Efectos,"Consola Pasiva Novik NVK-1602FX – 16 Canales | DSP | MP3 | USB / SD | Phantom Power
La Novik NVK-1602FX es una consola pasiva profesional de 16 canales diseñada para ofrecer versatilidad, procesamiento interno y control preciso en aplicaciones de sonido en vivo, estudios, iglesias, eventos corporativos y sistemas PA.
Mezcla profesional de 16 canales
- 12 canales mono con preamplificadores de micrófono XLR balanceados
- Alimentación Phantom Power +48V para micrófonos de condensador
- 4 canales estéreo para teclados, reproductores y fuentes de línea
- Función PFL por canal
- Indicadores LED de pico en todos los canales
- Faders de largo recorrido
Ecualización completa y control tonal
- Ecualizador de 3 bandas por canal
- Ecualizador gráfico de 7 bandas en el canal principal
- Ajuste para adaptación a distintos recintos y optimización de respuesta en el PA
DSP integrado con 99 efectos digitales
- 99 efectos digitales (reverbs, delays, efectos espaciales)
- Conversión Sigma-Delta de 24 bits
- Frecuencia de muestreo 48 kHz
Reproductor MP3 y conectividad
- Reproductor MP3 integrado
Enrutamiento y monitoreo
- Salida auxiliar para monitores o efectos
- Salida de auriculares con función PFL
- Salidas principales balanceadas TRS
- Nivel de salida: 28 dBu en estéreo y 22 dBu por canal simple
Rendimiento técnico
- Relación señal / ruido: 111 dB
- Distorsión armónica total (THD+N): 0.05%
- Respuesta en frecuencia: 20 Hz – 20 kHz ±1.2 dB
- Fuente de alimentación externa: 2 × 18V AC
Aplicaciones recomendadas:
- Sonido en vivo
- Bandas y músicos
- Iglesias y templos
- Estudios y salas de ensayo
- Eventos sociales y corporativos
- Sistemas PA fijos o móviles",in stock,new,499999.00 ARS,https://tecnoshow.vercel.app/#MLA2345535906,https://http2.mlstatic.com/D_NQ_NP_2X_749765-MLA99996666675_112025-F.jpg,"https://http2.mlstatic.com/D_NQ_NP_2X_823210-MLA99995950507_112025-F.jpg,https://http2.mlstatic.com/D_NQ_NP_2X_990860-MLA111079911857_042026-F.jpg,https://http2.mlstatic.com/D_NQ_NP_2X_687291-MLA99511204028_112025-F.jpg",Novik Neo,DJ y consolas
MLA3434949206,Consola Mixer Moon Euro8 8 Canales Usb Bluetooth 99 Efectos,"* MIXER EURO8 8 CANALES MOON AUDIO PRO
Mixer de 8 canales con reproductor USB/Bluetooth, interface de audio y 99 efectos digitales.
Una opción práctica y completa para conectar micrófonos, líneas de audio y reproducción desde un solo equipo, con controles independientes por canal y salidas profesionales.
CARACTERÍSTICAS PRINCIPALES:
* Mixer de 8 canales
* 8 entradas combinadas XLR / TRS MIC/LINE
* Control de ganancia por canal
* Volumen independiente por canal
* Indicador PEAK por canal
* EQ de 3 bandas por canal
* Función PAN
* PHANTOM
* 99 efectos digitales con volumen independiente
REPRODUCTOR E INTERFACE:
* Módulo USB / Bluetooth
* Interface de audio por USB tipo A macho-macho
* Control de volumen independiente
* EQ de 2 bandas
SALIDAS:
* Salida MASTER XLR balanceada
* Salida MASTER TR L/R
* Control de volumen L/R independiente
* Vúmetro indicador de picos MASTER
* Salida de auriculares TRS 6,5 mm con volumen independiente
* Salida AUX TRS con volumen independiente
ALIMENTACIÓN:
* 220V 50Hz
MEDIDAS Y PESO:
* Medidas: 35 x 29 x 7.5 cm
* Peso: 2.332 kg
* Medidas con caja: 39.5 x 36 x 11 cm
* Peso con caja: 2.815 kg",in stock,new,356998.00 ARS,https://tecnoshow.vercel.app/#MLA3434949206,https://http2.mlstatic.com/D_NQ_NP_2X_971431-MLA109275523074_042026-F.jpg,"https://http2.mlstatic.com/D_NQ_NP_2X_623454-MLA111920394344_062026-F.jpg,https://http2.mlstatic.com/D_NQ_NP_2X_762654-MLA113042680279_062026-F.jpg,https://http2.mlstatic.com/D_NQ_NP_2X_935876-MLA113042887127_062026-F.jpg",Moon,DJ y consolas
MLA2472245528,Caja Directa Activa Behringer Ultra-di Di100,"Behringer ULTRA-DI DI100
Con la DI100, su fuente de sonido alcanzará la consola balanceada y sin interferencias. Conecte la salida del altavoz del amplificador de guitarra al ULTRA-DI, el cual maneja niveles nominales de hasta 3.000 Watt y proporciona una señal impecable. El amplificador de entrada garantiza un sonido claro y potente, incluso con cables largos. La DI100 también cuenta con el transformador de salida OT-1.
- Apagado automático de la batería interna al utilizar alimentación externa.
- Permite la conexión directa a salidas de altavoces de hasta 3000 W.
- Atenuación de entrada conmutable para niveles de hasta +50 dB.
- Separación de masa para eliminar problemas de bucles de masa.
- Diseño robusto en aluminio.
- Esquinas de goma para apilamiento seguro.
- Transformador de salida OT-1 de BEHRINGER para aislamiento completo.
- Componentes de alta calidad y construcción para durabilidad.",in stock,new,153298.00 ARS,https://tecnoshow.vercel.app/#MLA2472245528,https://http2.mlstatic.com/D_NQ_NP_2X_686039-MLA99880680119_112025-F.jpg,"https://http2.mlstatic.com/D_NQ_NP_2X_798824-MLA99397345134_112025-F.jpg,https://http2.mlstatic.com/D_NQ_NP_2X_763004-MLA99880601015_112025-F.jpg,https://http2.mlstatic.com/D_NQ_NP_2X_725601-MLA99397178784_112025-F.jpg",Behringer,DJ y consolas
MLA728671035,Mackie Vlz3-1642 Mixer Consola 16 Canales Grabacion/vivo,"Características
Marca MACKIE
Modelo VLZ3 1642",in stock,new,2569926.00 ARS,https://tecnoshow.vercel.app/#MLA728671035,https://http2.mlstatic.com/D_NQ_NP_2X_753654-MLA116412568160_092026-F.jpg,"https://http2.mlstatic.com/D_NQ_NP_2X_679362-MLA31593663741_072019-F.jpg,https://http2.mlstatic.com/D_NQ_NP_2X_621021-MLA20698516940_052016-F.jpg,https://http2.mlstatic.com/D_NQ_NP_2X_829038-MLA31593663218_072019-F.jpg",Mackie,DJ y consolas
MLA2307316988,Consola Midas MR18 M Air de mezcla,"========================================
MIDAS MR18 CONSOLA DIGITAL 18 CANALES
El MIDAS MR18 es el cajetín de escenario más grande de la serie MR, equipado con 16x entradas combo XLR/jack, que contienen preamplificadores de micrófono MIDAS PRO de probada eficacia. El MIDAS MR18 también dispone de 2 entradas de jack balanceadas de 6,3 mm. Una puerta, un ecualizador de 4 bandas y un compresor pueden ser conectados para cada canal de entrada. Lo mismo se aplica a los canales de salida, que están equipados con un compresor, un ecualizador de 6 bandas y un ecualizador gráfico de 31 bandas. Esto proporciona suficientes posibilidades para organizar y planificar mezclas. Las salidas principales están equipadas con XLR de 3 pines (estéreo) y las salidas auxiliares con 6x XLR de 3 pines y una salida para auriculares. Con el MIDAS MR18 usted tiene la posibilidad de hacer una grabación multipista, es decir, cada entrada puede ser grabada.
MIDAS es uno de los fabricantes más conocidos de consolas mezcladoras analógicas y digitales. MIDAS confía en la alta calidad de sus productos, por lo que también pueden ser utilizados en producciones de televisión, musicales, conciertos y ferias comerciales. La háptica de todos los productos MIDAS es convincente. Los productos MIDAS MR12 o MR18 son consolas mezcladoras compactas en forma de cajetines de escenario, que pueden ser controlados por su compatibilidad universal con dispositivos de medios externos como iOS, Android, Mac, Linux y PC. Estas consolas mezcladoras digitales pueden ser utilizadas y controladas individualmente tanto en el estudio como en el escenario debido a sus ingeniosas características de comunicación en red a través de WLAN o LAN. El MR12 y el MR18 tienen una entrada y una salida MIDI para que también puedas conectar un teclado MIDI u otro equipo midi.
Características:
- 16 preamplificadores de micrófono MIDAS PRO galardonados
- 18 x 18 canales, interfaz USB 2.0 bidireccional
- Incluye soportes para rack y parachoques de rack
- Router Wifi Tri-Mode integrado para operación directa sin necesidad de router externo
- Controlado por iPad / Android Tablet
- 16x XLR/jack entradas combo
========================================",in stock,new,2519998.00 ARS,https://tecnoshow.vercel.app/#MLA2307316988,https://http2.mlstatic.com/D_NQ_NP_2X_959643-MLA100013100701_122025-F.jpg,"https://http2.mlstatic.com/D_NQ_NP_2X_646758-MLA46333689726_062021-F.jpg,https://http2.mlstatic.com/D_NQ_NP_2X_667848-MLA100571376064_122025-F.jpg,https://http2.mlstatic.com/D_NQ_NP_2X_625691-MLA100571405922_122025-F.jpg",Midas,DJ y consolas
MLA805303679,Dbx Driverack Pa 2 Crosovers Digital Procesador By Harman,"Dbx Pa2 DriveRack Pa 2 Crosovers Digital Procesador Harman
Características
Marca :Dbx
Modelo :Pa2
Tipo de divisor : Activo
DBX DriveRack PA2 220V.
SISTEMA INTEGRAL PARA CONTROL DE ALTAVOCES
CROSSOVER, USB, ECUALIZADOR, COMPRESOR, LIMITADOR, DELAY, CONTROL REMOTO MÓVIL
CALIDAD ÚNICA Y LEGENDARIA DBX
El nuevo sistema de gestión de altavoces Driverack PA2, de dbx, permite optimizar un sistema de altavoces con rapidez y precisión de cara a obtener la mejor calidad de sonido posible. El PA2 es un sistema ideal para bandas, músicos y artistas que llevan su propio equipo y también para una gran variedad de instalaciones de sonido, puesto que facilita más que nunca la configuración de un sistema de altavoces y su control en tiempo real desde un portátil o dispositivo móvil Android®, iOS®, Mac®, o Windows®.
- TODO LO QUE NECESITAS PARA OBTENER EL MÁXIMO PROVECHO DE SU PA. AHORA, CON UN CONTROL COMPLETO DE SU DISPOSITIVO MÓVIL.
El DriveRack PA2 proporciona todo el procesamiento que necesita entre el mezclador y los amplificadores para optimizar y proteger sus altavoces. Con los últimos avances en algoritmos propietarios AutoEQ™ y AFS™ de dbx, un nuevo módulo de retardo de entrada para retrasar el sistema FOH a la línea de fondo, el control de Ethernet a través de un dispositivo Android®, iOS®, Mac® o Windows® y actualiza Wizards, PA2 DriveRack continúa el legado de los procesadores DriveRack con un gran sonido, potentes y asequibles de control de altavoces, para toda una nueva generación.
- AUTOEQ™
Nuevo, mejorado algoritmo AutoEQ asegura una experiencia extremadamente preciso, rápido y no invasivo EQ automático.
Con la RTA Mic ""escuchar"" a su habitación, la nueva, actualizada DriveRack algoritmo AutoEQ PA2 establece niveles de los altavoces y la sala de ecualización automática en cuestión de segundos. Esto significa ajustes habitaciones ahora se pueden hacer muy rápidamente, sin someter a la audiencia a los molestos largas emisiones de ruido rosa.
- AFS ENHANCED™ ELIMINACIÓN COMENTARIOS
Enhanced AFS™ algoritmo para la eliminación de realimentación más rápido, más preciso, sin afectar negativamente el tono de su sistema.
Nada resulta audiencias lejos como retroalimentación de audio molesto y potencialmente dolorosa. Afortunadamente, los ingenieros dbx han revisado su ya estelar algoritmo de supresión avanzada de realimentación y el hecho que funcione aún mejor. El PA2 DriveRack escucha y se anticipa a la retroalimentación y ajusta la salida del altavoz automáticamente antes de que incluso tiene una oportunidad, mientras que nunca alterar su sonido.
- ACTUALIZACIÓN DE FUNCIONES PARA LA CONFIGURACIÓN DEL ASISTENTE
Wizards Actualizado hace que la configuración inicial sea fácil, mientras que asegura que las afinaciones de los altavoces y otros ajustes estén al día.
Funciones del asistente en el DriveRack PA2 te guían facilmente,los procesos paso a paso para ayudarle a obtener el máximo rendimiento de su sistema de altavoces. Le ayuda a configurar",in stock,new,1399999.00 ARS,https://tecnoshow.vercel.app/#MLA805303679,https://http2.mlstatic.com/D_NQ_NP_2X_643328-MLA31666014178_082019-F.jpg,"https://http2.mlstatic.com/D_NQ_NP_2X_927152-MLA31666029507_082019-F.jpg,https://http2.mlstatic.com/D_NQ_NP_2X_655187-MLA118513302959_092026-F.jpg,https://http2.mlstatic.com/D_NQ_NP_2X_694445-MLA118513010309_092026-F.jpg",Dbx,DJ y consolas
MLA1126309209,Consola Behringer QX1832USB Xenyx de mezcla,"El Xenyx QX1832USB es un mezclador de 16 entradas y 3/2 buses con preamplificadores y compresores de micrófono Xenyx, una interfaz de audio USB y una opción inalámbrica. Está equipado con el ecualizador de 3 bandas ""británico"" de Behringer y faders de cono de 60 mm y controles giratorios sellados.
El procesador Klark Teknik FX integrado cuenta con 100 presets predefinidos. Con la inclusión de un ecualizador gráfico estéreo de 9 bandas, detección de realimentación FBQ, enrutamiento flexible y otras características orientadas a SR, Behringer ha diseñado un mezclador compacto muy competente.
Características de Behringer Xenyx QX1832USB de un vistazo:
- Mezclador analógico de bajo ruido y alto margen de maniobra
- Seis preamplificadores de micrófono XENYX alimentados por generador phantom
- Seis compresores de nivel de estudio con funcionalidad sencilla de ""un solo botón""
- Interfaz de audio USB estéreo incorporada
- Ecualizador neo-clásico ""británico"" de 3 bandas
- Ecualizador gráfico estéreo de 9 bandas para corrección de frecuencia precisa
- Sistema de detección de realimentación FBQ
- Efecto envolvente estéreo XPQ 3D
- Función de cancelación de voz
- Procesador Klark Teknik FX de 24 bits con 100 presets, que incluye reverb, chorus, flanger, delay, pitch shifter y varios multiefectos
- Inserciones de canal en cada canal mono
- Dos retornos auxiliares estéreo multifunción
- Dos subgrupos con salidas separadas
- Salidas de mezcla principal equilibrada con conectores XLR chapados en oro
- Sala de control independiente, auriculares y salidas de 2 pistas
- Faders de cono logarítmico de 60 mm de larga duración
- Interruptores de enrutamiento de LED, mute, mezcla principal y subgrupo, funciones de solo y PFL en todos los canales
- Fuente de alimentación conmutada ""Planet Earth"" con flexibilidad de 100V-240V y consumo de 50 W
- Componentes de alta calidad y construcción robusta
Especificaciones técnicas:
- Tipo: Analógico
- Canales: 14
- Conectividad de la computadora: USB (2 x 2)
- Faders: 16 x 60 mm, 9 x Lanzamiento corto
- Entradas - Preamplificadores de micrófono: 6 x XLR
- Phantom Power: 6
- Entradas - Línea: 14 x TRS
- Entradas - Otro: 2 x RCA, 1 x 1/4 ""(conmutador de pedal)
- Salidas - Principal: 2 x XLR, 6 x TRS
- Salidas - Otros: 2 x RCA, 1 x TRS (Mon Out)
- USB: 1 x Tipo B, 1 x Tipo A
- Bandas de ecualización: 3 bandas
- Efectos: Sí
- Enviar / Devolver E / S: 2 x 1/4 ""(Enviar), 4 x 1/4"" (Volver)
- Autobuses / Grupos: 5 x Bus
- Inserciones de canal: Sí
- Auriculares: 1 x 1/4 ""
- Altura: 3.5 ""
- Ancho: 14.6 ""
- Profundidad: 16.9 ""
- Peso: 10.4 lbs
- Número de parte del fabricante: QX1832USB",in stock,new,1349999.00 ARS,https://tecnoshow.vercel.app/#MLA1126309209,https://http2.mlstatic.com/D_NQ_NP_2X_848190-MLA100016264273_122025-F.jpg,"https://http2.mlstatic.com/D_NQ_NP_2X_812198-MLA91899574491_092025-F.jpg,https://http2.mlstatic.com/D_NQ_NP_2X_992359-MLU74551376964_022024-F.jpg",Behringer,DJ y consolas
MLA4022479810,Pioneer Plx500 Blanca Bandeja Giradisco Pro Traccion Directa Color Blanco,"PIONEER DJ PLX-500-W
El PLX-500 hereda el diseño del plato profesional PLX-1000 y ofrece un sonido analógico, cálido y claro. La bandeja ideal si quieres comenzar a scratchear con vinilos o si simplemente deseas escuchar tu colección de vinilos en casa.
Construcción sólida con excelente amortiguación de vibraciones y reproducción de audio precisa, este giradiscos de motor de tracción directa tiene una salida USB para realizar grabaciones digitales de tu colección de vinilos en nuestro software rekordbox. También puedes combinar el PLX-500 con rekordbox dvs Plus Pack, una mesa de mezclas compatible y el Vinilo de Control RB-VS1-K para reproducir y scratchear con archivos digitales.
CARACTERÍSTICAS
- DISEÑO DE SONIDO EXCELENTE
Como el PLX-1000, el PLX-500 está construido para producir sonido de vinilo de alta calidad. Un enrutamiento de audio más corto desde la aguja hasta la salida reduce la distorsión y las salidas de phono y línea permiten conectarlo directamente a un sistema de sonido o altavoces sin necesidad de un amplificador externo.
- GRABACIÓN DIGITAL FÁCIL
Graba tu colección de vinilos en archivos digitales de alta calidad simplemente conectando el giradiscos a tu PC o Mac a través de la salida USB.
- REPRODUCCIÓN DJ SIN PROBLEMAS
Usa el PLX-500 para mezclar o scratchear tus grabaciones en vinilo o combina el giradiscos con rekordbox dvs, una mesa de mezclas DJ compatible y el Vinilo de Control RB-VS1-K para reproducir y actuar con tus archivos digitales.
- VISUALIZACIÓN DE CARÁTULAS
Coloca tus carátulas de discos en la pantalla mientras escuchas tus vinilos gracias al soporte de carátulas dentro de la tapa.
ESPECIFICACIONES
GIRADISCOS
- Sistema de tracción: Servo tracción directa
- Plato: Aluminio fundido. Diámetro: 332 mm
- Motor: Corriente continua de 3 fases sin escobillas
- Sistema de parada: Freno electrónico
- Velocidad de rotación: 33¿, 45, 78 rpm
- Ajuste de rango de giro: ±8 %
- Fluctuación y trémolo: < 0,15 % WRMS
- Relación Señal/Ruido: 50 dB
- Potencia de Arranque: > 1,6 kgf·cm
- Tiempo de Arranque: Menos de 1 seg (a 33¿ rpm)
BRAZO
- Tipo de Brazo: Tipo universal con forma de S
- Estructura de soporte por cardán: Tipo equilibrio estático
- Sobresaliente: 16 mm
- Longitud efectiva: 230,5 mm
- Error de lectura: Dentro de los 3°
- Ajuste de altura: 6 mm
- Ajuste de peso: 0-4 g (1 scale 0.1 g)
- Peso (cabezal único): < 9,5 g
- Tipo de Cápsula: VM
TERMINALES
- USB: 1 puerto USB B
- Salidas: 1 PHONO/LINE (RCA)
DIMENSIONES: 450 mm (Ancho) x 159 mm (Alto) x 368 mm (Profundo)
PESO: 10,7 kg
COLOR: Blanco
ACCESORIOS INCLUIDOS
- Patinador
- Tapa con soporte para carátulas
- Adaptador para Singles
- Cabezal (con cápsula)
- Pesos y contrapesos
- Cable de Audio conversor: Estéreo pin plug (hembra), Estéreo mini plug (macho)
- Cable USB
COLORES DISPONIBLES: Negro o blanco",in stock,new,1199000.00 ARS,https://tecnoshow.vercel.app/#MLA4022479810,https://http2.mlstatic.com/D_NQ_NP_2X_872503-MLA99849822855_112025-F.jpg,"https://http2.mlstatic.com/D_NQ_NP_2X_822931-MLA99366551336_112025-F.jpg,https://http2.mlstatic.com/D_NQ_NP_2X_892833-MLA99366825702_112025-F.jpg,https://http2.mlstatic.com/D_NQ_NP_2X_727248-MLA99366521540_112025-F.jpg,https://http2.mlstatic.com/D_NQ_NP_2X_764951-MLA99850028829_112025-F.jpg",Pioneer,DJ y consolas
MLA4022467222,Bandeja Giradisco Pioneer Dj Plx500 Usb Palermo Color Blanco,"PIONEER PLX-500
Bandeja DJ giradiscos USB.
La PLX-500 hereda el diseño de la bandeja profesional PLX-1000, ofreciendo un sonido analógico, cálido y definido, ideal para comenzar a scratchear con vinilos o escuchar tu colección favorita. Construida con un chasis sólido con excelente amortiguación de vibraciones y reproducción de audio precisa, este giradisco de motor a tracción directa incorpora una salida USB para realizar grabaciones digitales de tu colección de vinilos en el software gratuito de Pioneer ""Rekordbox"".
ESPECIFICACIONES
- Tapa con soporte para caratulas
- Adaptador para Singles
- Cabezal con cápsula, pesos y contrapesos
- Cable de Audio conversor: estéreo pin plug (hembra) / estéreo mini plug (macho)
- Servo de tracción directa
- Plato de Aluminio fundido (diámetro: 332mm)
- Motor de corriente continua de 3 fases sin escobillas
- Sistema de parada por freno electrónico
- Velocidad de rotación: 33 1/3, 45, 78 rpm
- Relación señal/ruido: 50 dB
- Tiempo de arranque: Menos de 1 seg
BRAZO
- Tipo universal con forma de S
- Estructura de soporte por cardán
- Tipo de equilibrio estático
- Sobresaliente 16 mm
- Longitud efectiva 230.5 mm
- Error de lectura dentro de los 3°
- Ajuste de altura de 6 mm
- Ajuste de peso 0-4 g
- Peso (cabezal único) < 9.5 g
- Tipo de cápsula VM
CONEXIONES
1x PHONO/LINE (RCA)
1x USB tipo B
Incluye cable de alimentación USB
Dimensiones: 45 x 15,9 x 36,8 cm
Peso: 10.7 kg",in stock,new,1199000.00 ARS,https://tecnoshow.vercel.app/#MLA4022467222,https://http2.mlstatic.com/D_NQ_NP_2X_879804-MLA99996654895_112025-F.jpg,"https://http2.mlstatic.com/D_NQ_NP_2X_791354-MLA91932201933_092025-F.jpg,https://http2.mlstatic.com/D_NQ_NP_2X_991854-MLA91533454258_092025-F.jpg,https://http2.mlstatic.com/D_NQ_NP_2X_880644-MLA83498910238_042025-F.jpg",Pioneer,DJ y consolas
MLA3190663558,Consola Behringer X1222USB Xenyx de mezcla,"Consola Behringer Xenyx X1222USB
-Conexión USB-B (2 in 2 out)
-12 canales
-7 faders de 13mm
-6 Entradas XLR con ecualizadores de 3 bandas
-8 Entradas TRS
-2 Salidas Send 1/4
-4 Entradas Return de 1/4 (2 estéreos)
-2 Buses
-4 inserts
-Ecualizador gráfico de 7 bandas en el master
-Efectos incorporados
-2 entradas / 2 salidas RCA
-Salida máster XLR L/R
-Salida de auriculares Jack Stereo 6.3mm
-Dimensiones: 90 x 370 x 330 mm
-Peso: 4kg",in stock,new,1099999.00 ARS,https://tecnoshow.vercel.app/#MLA3190663558,https://http2.mlstatic.com/D_NQ_NP_2X_899756-MLA46320909631_062021-F.jpg,"https://http2.mlstatic.com/D_NQ_NP_2X_912100-MLA46320909632_062021-F.jpg,https://http2.mlstatic.com/D_NQ_NP_2X_819492-MLA74651534832_022024-F.jpg,https://http2.mlstatic.com/D_NQ_NP_2X_935876-MLA46320814964_062021-F.jpg",Behringer,DJ y consolas
MLA1475736883,Consola Mixer Behringer Xenyx X1832usb Estudio Dj,"E S P E C I F I C A C I O N E S
/////////////////////////////////////////////////
El mezclador XENYX X1832USB permite obtener sonido de calidad premium gracias a 6 preamplificadores de micrófono XENYX de grado de estudio a bordo, y ecualizadores de canal ""británicos"" ultra musicales, con una banda media semiparamétrica para la máxima flexibilidad en sonido. Los compresores de ""un solo mando"" proporcionan un control dinámico total para obtener potencia y claridad, respetando la emoción en cada nota.
Incluye un procesador multiefectos bimotor de 24 bits con 16 preajustes editables, que abarcan reverb, chorus, flanger, delay, pitch shifter y multiefectos, convirtiéndolo en un mezclador versátil para actuaciones en vivo y grabaciones de calidad profesional.
• Mezclador analógico de alto nivel de ruido ultra bajo y alto margen
• 6 Preamplificadores de micrófono XENYX de última tecnología, fantasma
• 6 compresores de nivel de estudio con funcionalidad ""one-knob"" y LED de control
• Ecualizadores neo-clásicos ""británicos"" de 3 bandas con banda semi paramétrica
• Procesador FX de nivel de estudio con 16 preajustes editables
• Interfaz USB / Audio estéreo incorporada para conectarse a computadoras
• Ecualizador gráfico estéreo de 9 bandas para corrección de frecuencia
• Sistema de detección de realimentación FBQ al instante
• Efecto envolvente estéreo XPQ 3D para mayor vitalidad
• Función de cancelación de voz para aplicaciones sing-along
• Inserciones de canal en cada canal mono para conexión de equipos externos
• Interruptores de enrutamiento de LED, mute, mezcla principal y subgrupo
• 2 subgrupos con salidas separadas y 2 retornos auxiliares estéreo multifuncionales
• Salidas balanceadas de la mezcla principal con conectores de ¼ ""y XLR chapados en oro
• Salidas de la sala de control / teléfonos con matriz de fuente de entrada múltiple
• Fuente de alimentación conmutada ""Planet Earth"" para máxima flexibilidad
• Diseñado en Alemania
/////////////////////////////////////////////////",in stock,new,1099999.00 ARS,https://tecnoshow.vercel.app/#MLA1475736883,https://http2.mlstatic.com/D_NQ_NP_2X_903579-MLA99939110941_112025-F.jpg,"https://http2.mlstatic.com/D_NQ_NP_2X_647098-MLA91874343359_092025-F.jpg,https://http2.mlstatic.com/D_NQ_NP_2X_695211-MLA81471422707_122024-F.jpg",Behringer,DJ y consolas
MLA2791102982,Consola Mezcladora Behringer Xenyx X2222USB de 12 Canales con Efectos y USB,"Consola Behringer X2222USB 22IN 2 2 BUS FX
La Mesa Mezclas Behringer Xenyx X-2222 USB es un mezclador para directo de 22 entradas, 2/2 bus con preamplificadores de micro y compresores, ecualizador británico y procesador multi-efectos de 24 bit, Interface de audio USB y software de producción y edición musical Behringer Energy XT 2.5.
Características técnicas:
- 8 entradas de micrófono preamplificadas con alimentación Phantom Xenyx.
- 8 compresores de calidad de estudio muy fáciles de usar con un solo botón, funcionalidad y control LED para sonido profesional vocal e instrumental.
- Ecualizador británico de 3 bandas con semi-paramétricas y banda de medios para un sonido cálido y musical.
- Procesador de efectos con calidad de estudio, con 16 presets editables, incluyendo reverb, chorus, flanger, delay, pitch shifter, multiefectos, función Tap y ajustes de parámetros almacenable por el usuario.
- Interface de audio USB para conectar directamente al ordenador. Software de audio, grabación, edición y podcasting.",in stock,new,1097248.00 ARS,https://tecnoshow.vercel.app/#MLA2791102982,https://http2.mlstatic.com/D_NQ_NP_2X_884783-MLA83074380421_032025-F.jpg,"https://http2.mlstatic.com/D_NQ_NP_2X_804466-MLA82787468148_032025-F.jpg,https://http2.mlstatic.com/D_NQ_NP_2X_762118-MLA82787468152_032025-F.jpg",Behringer,DJ y consolas
MLA764539670,Consola Gbr Mix-pro 10 De 10 Canales Y Efectos  Digitales,"CONSOLA MIX-PRO 10
10 CANALES + EFECTOS DIGITALES *10 ENTRADAS
6 MONO + 2 STEREO
6 CANALES
MONITOR
PHANTOM POWER
EFECTOS DIGITALES
DISPLAY DIGITAL
ECUALIZADOR POR CANAL Y PANEO
2 AUXILIARES CON CONTROL POR CANAL
ENTRADA Y SALIDA AUX RCA
SALIDA ENTRADA DE EFECTOS
SALIDA MASTER XLR",in stock,new,779746.00 ARS,https://tecnoshow.vercel.app/#MLA764539670,https://http2.mlstatic.com/D_NQ_NP_2X_973599-MLA117912464315_092026-F.jpg,"https://http2.mlstatic.com/D_NQ_NP_2X_870172-MLA45754329024_042021-F.jpg,https://http2.mlstatic.com/D_NQ_NP_2X_839743-MLA31604666970_072019-F.jpg,https://http2.mlstatic.com/D_NQ_NP_2X_810276-MLA31604666985_072019-F.jpg",Gbr,DJ y consolas
MLA1751620453,Consola Sonido Mixer Tecshow Grey 2 8 Usb 8 Canales Efectos,"Grey II 8 es la segunda generación de mezcladores Grey, que cuenta con 8 entradas mic/línea con conexiones balanceadas XLR/TRS, 1 entrada estéreo, ecualizador de 4 bandas y reproductor mp3 con puerto USB. La consola provee 1 salida auxiliar, 16 tipos de delays regulables, potencia phantom para todas sus entradas y una ecualización general estéreo de 7 bandas.
Grey II 8 se destaca por la calidad de sus preamplificadores de bajo ruido que entregan una claridad de sonido excepcional con grandes cualidades anti interferencia, por la calidad de sus faders deslizables y por su sólida construcción, brindando así una alternativa de calidad para aplicaciones de pequeña escala.
El equipo cuenta con faders deslizables suaves y resistentes. Gracias a su construcción, los mismos permiten una mezcla precisa y duradera. Con cuatro potenciómetros rotativos dedicados a la ecualización por canal, la serie GREY ofrece un mayor control sobre los parámetros de cada canal. Gracias a la división de las medias frecuencias en dos potenciómetros, de 2.5KHz (HMF) y 400Hz (LMF), estos mezcladores permiten una ecualización más fina.
Dotada de un procesador de efectos de 24-bit, toda la serie Grey II ofrece la capacidad de variar entre sus 16 programas de alta definición. Diferentes tipos de delay pueden ser fácilmente elegibles y ajustables a gusto del usuario.
SEÑAL
Ecualizador: 2 x 7
Canales de entrada analógicas: 10 CH
Canales de salida: 2 CH
Nivel max. de salida: 22 dBu
Puertos USB: 1
Efectos digitales: Delay
DATOS SISTEMA
Respuesta en frecuencia CUT: 75 Hz
CONTROL Y PROGRAMACIÓN
Control: Manual
Botón de encendido: Power Switch
CONECTORES
Tipo conector: PLUG RCA XLR-3 USB
Canales de salida auxiliares: 2
Salida para auriculares: 1
ALIMENTACIÓN
Voltaje: 220-240 V
Frecuencia: 50/60 Hz
Phantom: sí
PESO & TAMAÑO
Peso: 7.5 Kg
Alto: 100 mm
Ancho: 410 mm
Profundidad: 455 mm",in stock,new,734998.00 ARS,https://tecnoshow.vercel.app/#MLA1751620453,https://http2.mlstatic.com/D_NQ_NP_2X_759236-MLU76091333881_042024-F.jpg,"https://http2.mlstatic.com/D_NQ_NP_2X_631624-MLU75916112990_042024-F.jpg,https://http2.mlstatic.com/D_NQ_NP_2X_669380-MLU75916474916_042024-F.jpg,https://http2.mlstatic.com/D_NQ_NP_2X_920495-MLU75916113008_042024-F.jpg",Tecshow,DJ y consolas
MLA3903057128,Consola Sonido Mixer 8 Ch Mix-8 Usb Gbr Efectos Mp3,"DETALLE DEL PRODUCTO:
ESTA NUEVA CONSOLA LO TIENE TODO!
8 CANALES LINEALES
* Salida L& R plug y XLR Balanceada.
* 4 Salidas de grupo/monitor.
* Entradas MIC / LINEA.
* 199 efectos DSP.
* USB interface para pc.
* USB mp3.
* Bluetooth.
* Ganancia, paneo x canal.
* Monitoreo x canal PFL.
* Equalizador de 4 bandas activo por canal.
* Led peak por canal.
* PHANTOM POWER 48V.
* Insert por canal.",in stock,new,699999.00 ARS,https://tecnoshow.vercel.app/#MLA3903057128,https://http2.mlstatic.com/D_NQ_NP_2X_658953-MLA117030927123_092026-F.jpg,"https://http2.mlstatic.com/D_NQ_NP_2X_657312-MLA117030430821_092026-F.jpg,https://http2.mlstatic.com/D_NQ_NP_2X_689287-MLA115589859182_092026-F.jpg,https://http2.mlstatic.com/D_NQ_NP_2X_601426-MLA115589594450_092026-F.jpg",Gbr,DJ y consolas
MLA1736284973,Consola Mixer Sonido 16 Canales Usb Mp3 Esfectos Dsp Xlr Pre,"TODO LO QUE NECESITAS EN UNA EXCELENTE CONSOLA DE SONIDO
*ENTRADAS LINEA/ MIC
*SINCRONIZACION INALAMBRICA BT
*EQ 5 BANDAS
*EFECTOS DSP
*PHANTOM POWER
*DISPLAY DIGITAL
*SALIDA AUXILIAR
*ENTRADA DE AURICULARES
*ECUALIZADOR POR CANAL
GRAVES, AGUDOS
*GANANCIA X CANAL
*MUTE POR CANAL
*SALIDA AUX RCA
*REPRODCUTOR DE MP3
*SALIDA MASTER XLR*XM8 8 CANALES
*XM16 16 CANALES",in stock,new,629999.00 ARS,https://tecnoshow.vercel.app/#MLA1736284973,https://http2.mlstatic.com/D_NQ_NP_2X_729946-MLA117912494721_092026-F.jpg,"https://http2.mlstatic.com/D_NQ_NP_2X_621538-MLA110075798449_042026-F.jpg,https://http2.mlstatic.com/D_NQ_NP_2X_885326-MLA109228681260_042026-F.jpg,https://http2.mlstatic.com/D_NQ_NP_2X_802076-MLA109228681262_042026-F.jpg",Gbr,DJ y consolas
MLA764538666,Consola Gbr Mix Pro 10 De 10 Canales Y Efectos Envio Gratis,"CONSOLA MIX-PRO 10
10 CANALES + EFECTOS DIGITALES *10 ENTRADAS
6 MONO + 2 STEREO
6 CANALES
MONITOR
PHANTOM POWER
EFECTOS DIGITALES
DISPLAY DIGITAL
ECUALIZADOR POR CANAL Y PANEO
2 AUXILIARES CON CONTROL POR CANAL
ENTRADA Y SALIDA AUX RCA
SALIDA ENTRADA DE EFECTOS
SALIDA MASTER XLR",in stock,new,629998.00 ARS,https://tecnoshow.vercel.app/#MLA764538666,https://http2.mlstatic.com/D_NQ_NP_2X_922851-MLA117913227603_092026-F.jpg,"https://http2.mlstatic.com/D_NQ_NP_2X_949741-MLA31116065931_062019-F.jpg,https://http2.mlstatic.com/D_NQ_NP_2X_747340-MLA31116068757_062019-F.jpg,https://http2.mlstatic.com/D_NQ_NP_2X_505525-MLA25449858165_032017-F.jpg",Gbr,DJ y consolas
MLA1974041066,Conzola Gbr Xm12 Mixer De Sonido 12 Canales Usb Mp3 Efectos,"Con esta consola de mezcla, vas a poder jugar, inventar y crear los sonidos más increíbles.
Alimentación fantasma
La alimentación fantasma, o alimentación phantom, proporciona corriente continua a los dispositivos que lo necesitan, por ejemplo un micrófono. Este tipo de alimentación hace que estos dispositivos se estandaricen y que sea más cómodo y práctico el proceso de instalación, ya que no requiere muchas fuentes de alimentación separadas.
Garantía de fábrica: 30 días",in stock,new,524998.00 ARS,https://tecnoshow.vercel.app/#MLA1974041066,https://http2.mlstatic.com/D_NQ_NP_2X_823017-MLA116412568190_092026-F.jpg,"https://http2.mlstatic.com/D_NQ_NP_2X_888666-MLA81036928840_122024-F.jpg,https://http2.mlstatic.com/D_NQ_NP_2X_804181-MLA81304315375_122024-F.jpg",Gbr,DJ y consolas
MLA657746892,Mixer Potenciado Sanrai Jmp6150 Bluetooth 6 Ch Usb Radio,"Consola Potenciada Sanrai Jmp-6150 Bluetooth 4 Canales Usb Radio
Consola Potenciada de 6 Canales 150w RMS - Usb / Sd - Bluetooth - Display Digital
Radio FM - Control Remoto
Características:
Consola potenciada de 6 canales
Potencia: 150 Watts RMS @ 4O
Bluetooth®
Reproductor de USB y SD
Radio FM
Ecualizador independiente por canal con Volumen, Graves, Agudos y Efecto
Efecto de Time y Delay Digital
Control de Graves, Medios y Agudos
Display Digital
Entrada y Salida RCA
Entrada y Salida Plug
Control remoto
Manija para su fácil transporte
Dimensiones: 48 cm de ancho x 17 cm de alto x 22 cm de profundidad
Peso: 6 kg",in stock,new,524998.00 ARS,https://tecnoshow.vercel.app/#MLA657746892,https://http2.mlstatic.com/D_NQ_NP_2X_672214-MLA117912464189_092026-F.jpg,"https://http2.mlstatic.com/D_NQ_NP_2X_739035-MLA109597008086_042026-F.jpg,https://http2.mlstatic.com/D_NQ_NP_2X_723150-MLA110474915257_042026-F.jpg,https://http2.mlstatic.com/D_NQ_NP_2X_717632-MLA109596680796_042026-F.jpg",Sanrai,DJ y consolas
MLA1723979111,Consola Potenciada Gbr Mix 8 Power Stereo 8 Canales 560w Dsp,"CONSOAL 8 CANALES POTENCIADA
CONSOLA POTENCIADA STEREO
*280W X CANAL 4 OHMS RMS
* 150W X CANAL 8 OHMS RMS
*Salida L& R plug
*Salida potenciada speakon / plug
*Entradas MIC / LINEA *16 efectos DSP
*USB interface para pc / USB mp3
*Bluetooth *Ganancia, paneo x canal
*Ecualizador de 5 bandas GENERAL
*EQ GRAVES y GUDOS x canal
*Led peak por canal.
*PHANTOM POWER 48 volt",in stock,new,524988.00 ARS,https://tecnoshow.vercel.app/#MLA1723979111,https://http2.mlstatic.com/D_NQ_NP_2X_810920-MLA116412481144_092026-F.jpg,"https://http2.mlstatic.com/D_NQ_NP_2X_664778-MLA109631465567_032026-F.jpg,https://http2.mlstatic.com/D_NQ_NP_2X_638534-MLA109632121519_032026-F.jpg,https://http2.mlstatic.com/D_NQ_NP_2X_616609-MLA109629617405_032026-F.jpg",Gbr,DJ y consolas
MLA3510469256,Behringer Xenyx 1002sfx Mezcladora 10 Canales Efectos Y Usb,"El mezclador analógico XENYX 1002SFX cuenta con 10 entradas para transmisión, podcasting o aplicaciones en vivo.
- Preamplificadores de micrófono XENYX con alimentación fantasma de 48 V.
- La serie XENYX ""S"" se puede conectar a cualquier computadora o dispositivo móvil.
- También se puede utilizar como un submezclador versátil para alimentar dispositivos de audio habilitados para red con varias otras señales de audio.
- Dos canales mono con EQ y Low Cut, más 4 canales estéreo.
- Una entrada de transmisión RCA estéreo y una entrada USB estéreo un total de 14 señales de audio para transmisión.
- Monitoreo a través de auriculares o salidas TRS y procesador Klark Teknik FX con cien preajustes.
- Los canales mono tienen controles de ganancia adicionales y ecualizador de 3 bandas con corte de graves conmutable, mientras que los canales de nivel de línea estéreo ofrecen un refuerzo de 12 dB conmutable.
- Finalmente, un fader principal de 60 mm asegura un control de volumen extremadamente suave de su mezcla de salida.
Garantía de fábrica: 30 días",in stock,new,499999.00 ARS,https://tecnoshow.vercel.app/#MLA3510469256,https://http2.mlstatic.com/D_NQ_NP_2X_662518-MLA99449144324_112025-F.jpg,"https://http2.mlstatic.com/D_NQ_NP_2X_843501-MLA99449239198_112025-F.jpg,https://http2.mlstatic.com/D_NQ_NP_2X_644584-MLA99449258988_112025-F.jpg,https://http2.mlstatic.com/D_NQ_NP_2X_963767-MLA99933314959_112025-F.jpg",Behringer,DJ y consolas
MLA3164580300,Consola Potenciada Gbr 6 Canales Bluetooth,"La consola potenciada GBR MIX 6 POWER es la herramienta ideal para músicos, DJs y productores que buscan calidad y versatilidad en sus presentaciones. Con seis canales y conectividad Bluetooth, esta consola permite una integración sencilla con dispositivos móviles y otros equipos, facilitando la creación de mezclas dinámicas y profesionales.
Equipado con conectores MIC XLR balanceados y entradas LINE por plug de 1/4, así como una entrada AUX IN L/R y USB, el MIX 6 POWER ofrece múltiples opciones para conectar instrumentos y micrófonos. Además, incluye efectos de Delay y Reverb, permitiendo a los usuarios añadir un toque creativo a su sonido.
La consola también cuenta con alimentación fantasma, lo que la hace compatible con micrófonos de condensador, ampliando aún más sus posibilidades de uso. Con un diseño compacto y un peso de 4400 g, es fácil de transportar, ideal para eventos en vivo y grabaciones en estudio.
Con dimensiones de 36 cm de altura, 17 cm de largo y 26 cm de ancho, esta consola se adapta perfectamente a cualquier espacio de trabajo. La calidad de sonido y la facilidad de uso hacen del MIX 6 POWER una opción imprescindible para quienes buscan llevar su música al siguiente nivel.",in stock,new,482988.00 ARS,https://tecnoshow.vercel.app/#MLA3164580300,https://http2.mlstatic.com/D_NQ_NP_2X_936302-MLA109549185389_032026-F.jpg,"https://http2.mlstatic.com/D_NQ_NP_2X_728312-MLA109549631915_032026-F.jpg,https://http2.mlstatic.com/D_NQ_NP_2X_731364-MLA109551239769_032026-F.jpg,https://http2.mlstatic.com/D_NQ_NP_2X_713868-MLA109551209907_032026-F.jpg",Gbr,DJ y consolas
MLA2146773995,Pioneer Ddj Flx2 Controlador De 2 Canales Color Negro,"Descripción
Pioneer es sinónimo de trayectoria ya que hace 25 años se especializa en el diseño y la producción de equipos de DJ. Con este controlador vas a poder darle tu propio toque a las canciones que más te gustan y versionarlas.
Botón Hot Cue integrado
Su botón Hot Cue te permite marcar los tiempos de las canciones. Guiáte y determiná los puntos de salida o de fin de tus temas preferidos para que suenen como vos quieras.
Creá tu propia música
Con sus 2 jog wheels vas a poder hacer los scratching y mezclas que quieras. No importa si estás aprendiendo o sos especialista, ¡pinchá y no dejes de crear!",in stock,new,439999.00 ARS,https://tecnoshow.vercel.app/#MLA2146773995,https://http2.mlstatic.com/D_NQ_NP_2X_897988-MLA99379658730_112025-F.jpg,"https://http2.mlstatic.com/D_NQ_NP_2X_693181-MLA81714271713_122024-F.jpg,https://http2.mlstatic.com/D_NQ_NP_2X_975581-MLA81714271717_122024-F.jpg,https://http2.mlstatic.com/D_NQ_NP_2X_969152-MLA110921206789_042026-F.jpg,https://http2.mlstatic.com/D_NQ_NP_2X_640036-MLA89483487457_082025-F.jpg,https://http2.mlstatic.com/D_NQ_NP_2X_674826-MLA89120664188_082025-F.jpg",Pioneer DJ,DJ y consolas
MLA882064189,Placa De Sonido Focusrite Scarlett Solo 3 Gene Interface,"Placa de sonido Focusrite Scarlett Solo (gen. 3)
La interfaz de audio perfecta para un cantautor
Si desea comenzar a crear grabaciones de calidad de estudio con su guitarra, Scarlett Solo de tercera generación proporciona una manera fácil de ingresar
ESPECIFICACIONES TÉCNICAS
Entradas:
1 entrada de micrófono XLR con alimentación phantom de 48 V y aire
1 x línea balanceada / entrada de instrumento
Mic - EIN: -128 dBu (ponderado A)
Micrófono - THD + N: <0.0012%
Mic - Respuesta de frecuencia: 20Hz-20kHz
Micrófono - Entrada máxima: +9 dBu
Línea - THD + N: <0.002%
Línea - Respuesta de frecuencia: 20Hz-20kHz
Línea: entrada máxima: +22 dBu
Inst - THD + N: <0.03%
Inst - Respuesta de frecuencia: 20Hz-20kHz
Inst - Entrada máxima: +12.5 dBu
Salidas:
2 salidas de línea balanceadas de 1/4 ""
1 x salida de auriculares estéreo
Salida de línea (TRS): rango dinámico: 108 dB (ponderado A)
Salida de línea (TRS): salida máxima: +15.5 dBu
Salida de línea (TRS) - THD + N: <0.002%
Salida de auriculares: rango dinámico: 104 dB (ponderado A)
Salida de auriculares: salida máxima: > +7 dBu
Salida de auriculares - THD + N: <0.002%",in stock,new,419998.00 ARS,https://tecnoshow.vercel.app/#MLA882064189,https://http2.mlstatic.com/D_NQ_NP_2X_889855-MLA117912464207_092026-F.jpg,"https://http2.mlstatic.com/D_NQ_NP_2X_863428-MLA43653419860_102020-F.jpg,https://http2.mlstatic.com/D_NQ_NP_2X_829288-MLA43653435261_102020-F.jpg,https://http2.mlstatic.com/D_NQ_NP_2X_963264-MLA43653419914_102020-F.jpg",Focusrite,DJ y consolas
MLA3183643238,Sanrai Consola Potenciada 6 Canales Bluetooth Usb 300w,"MEZCLADOR SANRAI DE 6 CANALES 150 W
SB6200
USB, SD Y BLUETOOTH!!!!
Ideal para karaoke, fiestas, Pc, DJs, bandas.
CARACTERISTICAS:
Amplificador para Audio y Mic.
4 entradas de microfono o linea
Ecualizador de 5 bandas
Control de Graves, Agudos y Reverb por canal
Con puerto USB y lector de SD
BLUETOOTH
Delay digital
Control Repeat
Entrada de Tape (RCA)
Salida de grabacion (RCA)
Medidas: 45 cm de ancho x 20 cm de alto x 29 cm de profundidad
Garantía de fábrica: 30 días",in stock,new,409498.00 ARS,https://tecnoshow.vercel.app/#MLA3183643238,https://http2.mlstatic.com/D_NQ_NP_2X_997739-MLA117913169741_092026-F.jpg,"https://http2.mlstatic.com/D_NQ_NP_2X_836042-MLA109508336816_042026-F.jpg,https://http2.mlstatic.com/D_NQ_NP_2X_952093-MLA110377730527_042026-F.jpg",Sanrai,DJ y consolas
MLA1531209695,Mixer De Sonido 8 Xlr Gbr Xm8 Usb Bluetooth Efectos,"La Mixer Consola De Sonido 8 Canales USB
Bluetooth Efectos GBR es la herramienta ideal para músicos, DJs y productores que buscan calidad y versatilidad en sus presentaciones.
Con ocho canales, esta consola permite mezclar múltiples fuentes de audio, garantizando un sonido equilibrado y profesional. Su conectividad Bluetooth y USB facilita la integración con dispositivos móviles y computadoras, ofreciendo una experiencia de uso sin complicaciones.
El modelo Xm8 destaca por su diseño analógico, que proporciona un control intuitivo y una respuesta sonora cálida. Incluye conectores
PLUG, RCA y XLR, asegurando compatibilidad con una amplia gama de equipos de audio.
Además, cuenta con efectos de Delay y Eco, que permiten añadir profundidad y creatividad a tus mezclas.
La alimentación fantasma es otra característica que la convierte en una opción atractiva para quienes utilizan micrófonos de condensador.
Con un consumo energético eficiente y una alimentación de 12v, esta consola es perfecta para largas sesiones de trabajo sin preocupaciones.
Ya sea en un estudio de grabación o en un evento en vivo, la Mixer Consola De Sonido GBR
ofrece la calidad y funcionalidad que los profesionales del sonido requieren. Eleva tu producción musical y transforma cada presentación en una experiencia inolvidable.
Garantía del vendedor: 6 meses
Garantía de fábrica: 30 días",in stock,new,399999.00 ARS,https://tecnoshow.vercel.app/#MLA1531209695,https://http2.mlstatic.com/D_NQ_NP_2X_892009-MLA92229848989_092025-F.jpg,"https://http2.mlstatic.com/D_NQ_NP_2X_789031-MLA91827929064_092025-F.jpg,https://http2.mlstatic.com/D_NQ_NP_2X_899008-MLA92229241863_092025-F.jpg",Gbr,DJ y consolas
MLA876680250,Behringer Umc202 Hd Placa Sonido Externa Usb 2 Canales Midas,"Características principales
Fabricante Behringer
Marca Behringer
Línea UMC
Modelo UMC202HD
Modelo alfanumérico UMC202HD
Otras características
Tipo de placa de sonido: Externa
Interfaz: USB
Conectividad MIDI: No
Cantidad de preamplificadores: 2
Cantidad de salidas de auriculares: 1
Cantidad de canales de salida: 2
Es gamer: No
Behringer UMC202HD PLACA DE SONIDO USB 2.0 2 ENTRADAS PREAMPLIFICADAS (MIDAS) 2 SALIDAS. PHANTOM POWER +48V
Audiophile 2x2, interfaz de audio USB de 24 bits / 192 kHz con preamplificadores de micrófono MIDAS. Show Music, en el barrio de Belgrano, te lo recomienda.
UMC202HD
Este estudio USB 2.0, en una caja, te hará grabar tu próxima obra maestra en minutos con toda la conectividad para micrófonos, guitarras, bajos y teclados. Grabe la voz vocal perfecta a su DAW basado en computadoras gracias a los dos preamplificadores de micrófono de diseño Midas , de clase mundial, que incluyen alimentación phantom de +48 voltios para micrófonos de condensador, pasando por convertidores de 24 bits / 192 kHz La mejor calidad de sonido posible. Si Ud. Es un cantante-compositor, un productor en movimiento, o simplemente necesita una interfaz sólida para ejecutar pistas de acompañamiento en un concierto, el ultra-confiable U-PHORIA UMC202HD le ayudará a brillar en el dominio digital. Estudio en una pequeña caja negra
Cuando llegue el momento de hacer el historial de grabación en su computadora Mac o Windows, enchufe micrófonos, instrumentos o fuentes de nivel de línea a las 2 entradas combinadas XLR / TRS de UMC202HD para lo último en flexibilidad de estudio.
192 kHz Precisión
Usted toma sus pistas en serio, y el UMC202HD respeta eso, proporcionando hasta 192 kHz de resolución incluso para las aplicaciones más exigentes en la música, así como la post-producción de vídeo. Trabaje con confianza y precisión en su software de grabación favorito para obtener resultados profesionales cada vez.
MIDAS - La leyenda de la calidad del sonido
Desde su formación en la década de 1970, Midas ha tenido una larga historia de innovación y liderazgo en el mundo de las consolas de mezclas de audio. Con las más famosas actuaciones e instalaciones de todo el mundo, las legendarias consolas Midas como la XL4 y la Heritage H3000 se convirtieron rápidamente en los estándares de la industria.
Midas ha ganado su impecable reputación debido a su enfoque sin compromiso para el audio y la calidad de la construcción y en particular para sus premiados Mic Preamps que son considerados por los expertos de la industria como los mejores diseños de sonido de la industria. Basándose en este legado, la XL8 y la serie PRO de Live Mixing Systems continúan con esta gran herencia de calidad de audio galardonada.
Monitorización de ""cero latencia""
El control de mezcla UMC202HD permite una monitorización directa de latencia cero, lo que significa que los músicos pueden experimentar su rendimiento claramente, sin retrasos o retrasos en la señal de retorno, lo que resulta en un",in stock,new,398998.00 ARS,https://tecnoshow.vercel.app/#MLA876680250,https://http2.mlstatic.com/D_NQ_NP_2X_740165-MLA117912231097_092026-F.jpg,"https://http2.mlstatic.com/D_NQ_NP_2X_857289-MLA43464117486_092020-F.jpg,https://http2.mlstatic.com/D_NQ_NP_2X_805678-MLA43464100987_092020-F.jpg,https://http2.mlstatic.com/D_NQ_NP_2X_667687-MLA43464121442_092020-F.jpg",Behringer,DJ y consolas
MLA1746699257,Consola Potenciada 4 Canal Bt/sd/usb 300w Mixer Amplificador,"MEZCLADOR SANRAI DE 4 CANALES
SB4200
USB, SD Y BLUETOOTH!!!!
Ideal para karaoke, fiestas, Pc, DJs, bandas.
CARACTERISTICAS:
Amplificador para Audio y Mic.
4 entradas de microfono o linea
Ecualizador de 5 bandas
Control de Graves, Agudos y Reverb por canal
Con puerto USB y lector de SD
BLUETOOTH
Delay digital
Control Repeat
Entrada de Tape (RCA)
Salida de grabacion (RCA)
Medidas: 45 cm de ancho x 20 cm de alto x 29 cm de profundidad
Garantía de fábrica: 30 días",in stock,new,377998.00 ARS,https://tecnoshow.vercel.app/#MLA1746699257,https://http2.mlstatic.com/D_NQ_NP_2X_626330-MLA110037894586_042026-F.jpg,"https://http2.mlstatic.com/D_NQ_NP_2X_743186-MLA110378053333_042026-F.jpg,https://http2.mlstatic.com/D_NQ_NP_2X_754015-MLA110377433251_042026-F.jpg,https://http2.mlstatic.com/D_NQ_NP_2X_748054-MLA110038367634_042026-F.jpg",Sanrai,DJ y consolas
MLA3189350482,Consola Behringer Xenyx 502s De Mezcla,"Mixer Consola Behringer Xenyx 502S
El Behringer Xenyx 502S es una herramienta poderosa y asequible para creadores de contenido principiantes y profesionales en movimiento. 5 canales de sonido nítido y galardonado con amplio control auditivo permiten a los podcasters, jugadores y transmisores en vivo dirigir fácilmente el audio para aplicaciones de creación eficientes.
***Ideal para grabaciones, sonido en vivo, cantantes, escuelas, bandas, salas de ensayo, pubs, bares, salones de fiestas, karaoke, fiestas, casamientos, cumpleaños, conferencias, oratorias, eventos, charlas, aniversarios, animaciones, dj, comuniones, etc***
ESPECIFICACIONES
- Control de ganancia
- Control de graves y agudos
- Control de paneo canal 1
- Control de balanceo entre izquierda y derecha en los canales 2, 3, 4 y 5
- Control de nivel en todos los canales
- Control de volumen general ""MAIN MIX""
Entradas:
- 1 canal XLR balanceado con preamplificador Xenyx
- 5 canales plug 6,3mm balanceado
- 1 entrada RCA ""STREAM...""
Salidas:
- 2 salidas mono balanceadas plug 6,3mm ""MAIN OUT""
- 1 salida estereo para auricular ""PHONES"" con control de volumen
- 1 salida RCA ""STREAM...""
- Indicadores leds de señal
- Boton STREAM TO PHONES para monitorizar la entrada por RCA hacia la salida PHONES
- Boton STREAM TO MIX para asignar lo conectado por RCA o USB a la mezcla principal
- Conector USB tipo B de entrada y salida de señal desde una PC
Dimensiones:
- Largo: 17,5cm
- Ancho: 13,5cm
- Alto: 4,8mm
- Peso: 577g
Incluye:
1 consola Behringer Xenyx 502 S
1 manual de usuario
1 fuente de alimentación
Preguntas frecuentes:
1 - Tiene phantom power?
- No, este modelo no cuenta con alimentación phantom power
2 - Tiene puerto USB para pendrive?
- No, no cuenta con puerto USB para pendrive
3 - Tiene interface USB? Lo puedo usar en Windows y Mac?
- Cuenta con interface USB y es compatible con Windows y Mac
Garantía de fábrica: 30 días",in stock,new,251998.00 ARS,https://tecnoshow.vercel.app/#MLA3189350482,https://http2.mlstatic.com/D_NQ_NP_2X_900528-MLA116412367166_092026-F.jpg,"https://http2.mlstatic.com/D_NQ_NP_2X_625865-MLA100065735261_122025-F.jpg,https://http2.mlstatic.com/D_NQ_NP_2X_827375-MLU71266334483_082023-F.jpg,https://http2.mlstatic.com/D_NQ_NP_2X_966605-MLA91553491474_092025-F.jpg",Behringer,DJ y consolas
MLA1495493388,Consola Behringer Xenyx Analógica De 5 Entradas,"La mezcladora Behringer Xenyx 502s Analoga 5 Entradas Msi es la opción perfecta para aquellos que buscan una experiencia de audio profesional. Con su marca reconocida y confiable, Behringer, puedes estar seguro de que estás adquiriendo un producto de calidad.
Con sus 5 canales, esta mezcladora te brinda la flexibilidad necesaria para mezclar y controlar diferentes fuentes de audio. Ya sea que estés grabando música, haciendo streaming en vivo o simplemente necesites mezclar varios instrumentos, la Xenyx 502s tiene todo lo que necesitas.
La conectividad USB te permite conectar fácilmente tu mezcladora a tu computadora, lo que facilita la grabación y la reproducción de audio. Además, los conectores XLR/PLUG te brindan la versatilidad para conectar una amplia gama de dispositivos.
Con su alimentación fantasma, esta mezcladora es ideal para aquellos que necesitan alimentar micrófonos de condensador. No tendrás que preocuparte por la calidad del sonido, ya que la Xenyx 502s garantiza una reproducción clara y nítida.
Además, su consumo energético de solo 8 W la convierte en una opción eficiente y amigable con el medio ambiente. No solo estarás obteniendo un producto de alta calidad, sino que también estarás contribuyendo a la conservación de energía.
En resumen, la mezcladora Behringer Xenyx 502s Analoga 5 Entradas Msi es la elección perfecta para aquellos que buscan una mezcladora confiable y versátil. Con su marca reconocida, conectividad USB y alimentación fantasma, esta mezcladora te brindará una experiencia de audio excepcional. No pierdas la oportunidad de mejorar tu experiencia musical con la Xenyx 502s.
Garantía de fábrica: 30 días",in stock,new,242548.00 ARS,https://tecnoshow.vercel.app/#MLA1495493388,https://http2.mlstatic.com/D_NQ_NP_2X_728166-MLA116412568308_092026-F.jpg,"https://http2.mlstatic.com/D_NQ_NP_2X_827375-MLU71266334483_082023-F.jpg,https://http2.mlstatic.com/D_NQ_NP_2X_747806-MLU71266570751_082023-F.jpg",Behringer,DJ y consolas
MLA1746766153,"Consola Mixer Sanrai Dj48 Con Bluetooth, Usb Y Efectos Dsp","Consola Mixer Sanrai DJ48 con Bluetooth, USB y Efectos DSP
La consola mezcladora Sanrai DJ28/DJ48 es una opción práctica y versátil para quienes buscan calidad de sonido en presentaciones en vivo, estudios caseros, salas de conferencia, bares o eventos familiares. Su diseño compacto y fácil de usar la convierte en una herramienta ideal tanto para profesionales como para principiantes.
Características principales:
Entradas MIC/LINE con phantom power +48V
Conexión Bluetooth integrada
Reproductor y grabador MP3 vía USB
Interfaz de audio USB
99 efectos DSP incorporados
Controles de ecualización independientes por canal
Compatible con diferentes configuraciones de audio
Ventajas:
Fácil de usar y transportar
Diseño resistente y duradero
Ideal para pequeñas presentaciones y uso doméstico o profesional
Garantía de fábrica: 30 días",in stock,new,199498.00 ARS,https://tecnoshow.vercel.app/#MLA1746766153,https://http2.mlstatic.com/D_NQ_NP_2X_956512-MLA117912966537_092026-F.jpg,https://http2.mlstatic.com/D_NQ_NP_2X_617618-MLA110378015159_042026-F.jpg,Sanrai,DJ y consolas
MLA3182900942,"Consola Mixer Sanrai Dj28 Con Bluetooth, Usb Y Efectos Dsp","Consola Mixer Sanrai DJ28 con Bluetooth, USB y Efectos DSP
La consola mezcladora Sanrai DJ28/DJ48 es una opción práctica y versátil para quienes buscan calidad de sonido en presentaciones en vivo, estudios caseros, salas de conferencia, bares o eventos familiares. Su diseño compacto y fácil de usar la convierte en una herramienta ideal tanto para profesionales como para principiantes.
Características principales:
Entradas MIC/LINE con phantom power +48V
Conexión Bluetooth integrada
Reproductor y grabador MP3 vía USB
Interfaz de audio USB
99 efectos DSP incorporados
Controles de ecualización independientes por canal
Compatible con diferentes configuraciones de audio
Ventajas:
Fácil de usar y transportar
Diseño resistente y duradero
Ideal para pequeñas presentaciones y uso doméstico o profesional
Garantía de fábrica: 30 días",in stock,new,178498.00 ARS,https://tecnoshow.vercel.app/#MLA3182900942,https://http2.mlstatic.com/D_NQ_NP_2X_793054-MLA117913169777_092026-F.jpg,https://http2.mlstatic.com/D_NQ_NP_2X_792427-MLA109507943778_042026-F.jpg,Sanrai,DJ y consolas
MLA868940844,Behringer Um2 - Interfaz De Audio Usb 2x2,"Características
Marca Behringer
Audiophile 2x2 Interfaz de audio USB con preamplificador de micrófono XENYX
Interfaz de audio USB 2x2 para grabar micrófonos e instrumentos
Audiophile resolución de 48 kHz para una calidad de audio profesional
Compatible con el software de grabación popular que incluye Avid Pro Tools *, Ableton Live *, Steinberg Cubase *, etc.
Transmite 2 entradas / 2 salidas con latencia ultra baja a su computadora, compatible con Mac OS X * y Windows XP * o superior
Preamplificador de micrófono XENYX con tecnología V +48 de última generación comparable a los preamplificadores boutique independientes
Potente salida de phones
Indicaciones de estado, señal y clip para una visión general perfecta
Puerto USB para conexión y alimentación
Software gratuito de grabación, edición y podcasting de audio más 150 plug-ins de instrumentos / efectos descargables en behringer.com
Diseñado en Alemania.",in stock,new,178497.00 ARS,https://tecnoshow.vercel.app/#MLA868940844,https://http2.mlstatic.com/D_NQ_NP_2X_919535-MLA117912231047_092026-F.jpg,"https://http2.mlstatic.com/D_NQ_NP_2X_984111-MLA42745162062_072020-F.jpg,https://http2.mlstatic.com/D_NQ_NP_2X_957877-MLA42745118980_072020-F.jpg,https://http2.mlstatic.com/D_NQ_NP_2X_924818-MLA42745162064_072020-F.jpg",TecnoShow,DJ y consolas
MLA881234262,Mixer Bat 2020 Mp3 Gbr Para Dj De 3 Canales Usb Sd Card,"Bat 2020 Mp3 Gbr
Características principales
Marca GBR
Modelo BAT-2020 MP3
Otras características
Cantidad de canales: 3
Conectores de entrada: Plug
Conectores de salida: RCA
Con efectos: No
BAT 2020 MP3
Consola Mezclador Mixer DJ 3 Canales, Reproductor Mp3, Entrada USB
CARACTERÍSTICAS:
* REPRODUCTOR DE MP3
* REPRODUCTOR DE USB Y SD CARD CON DISPLAY
* 3 CANALES
* 4 ENTRADAS DE LINEA
* 2 ENTRADAS PHONO
* 1 ENTRADA DE MICRÓFONO
* ECUALIZADOR DE GRAVES Y AGUDOS
* GANANCIA POR CANAL
* SALIDA MASTER Y GRABACION
* CROSSFADER
* TALKOVER
* VÚMETRO DIGITAL
* DIMENSIONES 220 x 310 x 100 mm
* PESO 3.5 kg",in stock,new,167998.00 ARS,https://tecnoshow.vercel.app/#MLA881234262,https://http2.mlstatic.com/D_NQ_NP_2X_952052-MLA117913231415_092026-F.jpg,"https://http2.mlstatic.com/D_NQ_NP_2X_931891-MLA106093153109_012026-F.jpg,https://http2.mlstatic.com/D_NQ_NP_2X_684990-MLA43612718364_092020-F.jpg,https://http2.mlstatic.com/D_NQ_NP_2X_921386-MLA106093153105_012026-F.jpg",Gbr,DJ y consolas
MLA1562287229,Controlador MIDI Stanton SCS.3D USB para DJ con 8 botones y sliders,"Stanton Scs 3d Controlador Midi Para Pc O Mac
Características
Marca
Stanton
Modelo
Scs3d
El SCS.3D es una innovación en superficies de control. Compacto, este controlador es ideal para cualquier DJ que busque un control completo sobre su software favorito. Su diseño elegante lo hace adecuado para combinar con cualquier setup o como una solución por sí mismo.
- Controles físicos: 8 botones, 2 sliders, 3 Sliders (StanTouch area), 5 botones (StanTouch area), 1 control circular con 1 slider (StanTouch area).
- Controles Dual Generic Preset: 18 Sliders, 64 botones y 2 controles circulares.
- Conexión MIDI.
- Conexión USB 1.1 y 2.0.
- Alimentación por bus USB y fuente 12V DC 500mA.
- Compatible con Windows y Mac.",in stock,new,157498.00 ARS,https://tecnoshow.vercel.app/#MLA1562287229,https://http2.mlstatic.com/D_NQ_NP_2X_854629-MLA100008394283_122025-F.jpg,,Stanton,DJ y consolas
MLA764540456,Soporte Notebook Dj X-pro Profesional Para Controlador Midi,"Soporte Notebook Dj X-pro Profesional Para Controlador Midi
Soporte de Notebook Profesional para DJ
6 MESES DE GARANTIA OFICIAL
Regulable en altura, 7 posiciones
Construcción muy sólida y robusta.
Soporta notebook y netbook, no importa su tamaño.
Desarmable, muy fácil de armar.
Totalmente negro.
Superficies antideslizantes tanto en el contacto con la mesa, como en el contacto con la Notebook.",in stock,new,79999.00 ARS,https://tecnoshow.vercel.app/#MLA764540456,https://http2.mlstatic.com/D_NQ_NP_2X_780556-MLA117912966277_092026-F.jpg,"https://http2.mlstatic.com/D_NQ_NP_2X_946667-MLA31604671601_072019-F.jpg,https://http2.mlstatic.com/D_NQ_NP_2X_833420-MLA111346183662_052026-F.jpg,https://http2.mlstatic.com/D_NQ_NP_2X_505525-MLA25449858165_032017-F.jpg",X-Pro,DJ y consolas
MLA879789423,Procesador De Sonido De Auto Hi Fi Behringer Ultrafex Ex100,"Características
Marca
Behringer
Modelo
Ex100
Cantidad de efectos 2
Tipo de efecto
Compresor
Cantidad de entradas 2
Cantidad de salidas 2",in stock,new,69999.00 ARS,https://tecnoshow.vercel.app/#MLA879789423,https://http2.mlstatic.com/D_NQ_NP_2X_987733-MLA82451512978_022025-F.jpg,"https://http2.mlstatic.com/D_NQ_NP_2X_810458-MLA82451513114_022025-F.jpg,https://http2.mlstatic.com/D_NQ_NP_2X_623616-MLA82736914095_022025-F.jpg,https://http2.mlstatic.com/D_NQ_NP_2X_938039-MLA82737445939_022025-F.jpg",Behringer Ultrafex Ex100,DJ y consolas
MLA617226955,Procesador Behringer Ultrafex Ex100,"Características
Marca
Behringer
Modelo
Ex100
Cantidad de efectos 2
Tipo de efecto
Compresor
Cantidad de entradas 2
Cantidad de salidas 2",in stock,new,59999.00 ARS,https://tecnoshow.vercel.app/#MLA617226955,https://http2.mlstatic.com/D_NQ_NP_2X_906152-MLA116412366918_092026-F.jpg,"https://http2.mlstatic.com/D_NQ_NP_2X_11773-MLA20048242279_022014-F.jpg,https://http2.mlstatic.com/D_NQ_NP_2X_834582-MLA31112631720_062019-F.jpg,https://http2.mlstatic.com/D_NQ_NP_2X_952542-MLA42456690421_072020-F.jpg",Behringer Ultrafex Ex100,DJ y consolas
MLA844838457,Caja Directa Pasiva Mono Moon Db01 Adapta Xlr Plug Puente,"Características
Marca Moon
Modelo DB01
Tipo de caja directa Pasiva
Conectores de entrada Plug
Conectores de salida XLR y Plug
Cantidad de canales 1
CAJA DIRECTA PASIVA MOON DB01
Ideal para ADAPTAR IMPEDANCIAS, TRANFORMAR LINEA NO BALANCEADA EN BALANCEADA, AISLAR TIERRAS CON DIFERENCIAS DE POTENCIAL Y ELIMINAR RUIDO DE 50Hz
Tambien transforma nivel de SEÑAL en nivel de MICROFONO
Permite la conexión de cualquier señal de fuente de audio no balanceada (p.ej. instrumento eléctrico, teclado, etc.) a una entrada balanceada (como la de un mixer).
La salida en paralelo le permite la conexión simultánea a 2 entradas separadas (p.ej. a un amplificador y un mixer).
Transforma las salidas de instrumentos de alta impedancia en señales balanceadas de baja impedancia o señales balanceadas de baja impedancia en salidas no balanceadas.
Convierte señales de mixer DJ de +10dB no balanceadas en señales de nivel de linea balanceadas.
ESPECIFICACIONES TECNICAS:
- Atenuación de entrada seleccionable (0db, -20db, -40db)
- Entrada de instrumento: Jack 50k no balanceada
- Salida (paralelo): Jack 50k no balanceada
- Salida balanceada : Jack XLR 600 balanceado
- Chasis de acero",in stock,new,59999.00 ARS,https://tecnoshow.vercel.app/#MLA844838457,https://http2.mlstatic.com/D_NQ_NP_2X_941442-MLA41188739473_032020-F.jpg,"https://http2.mlstatic.com/D_NQ_NP_2X_797676-MLA41188739465_032020-F.jpg,https://http2.mlstatic.com/D_NQ_NP_2X_631765-MLA41188747344_032020-F.jpg,https://http2.mlstatic.com/D_NQ_NP_2X_916928-MLA41188712985_032020-F.jpg",Moon,DJ y consolas
MLA2055217473,Estuche Porta Compacs Cd/dvd Capacidad 40cd - Amarillo,"El estuche porta discos Procare en color amarillo está pensado para quienes desean mantener su colección ordenada, protegida y siempre a mano. Su diseño rígido ayuda a resguardar cada disco frente al polvo, los rayones y los golpes leves, aportando firmeza en el uso diario.
Con capacidad para 40 discos, ofrece una solución práctica para el hogar, la oficina o el archivo personal. El modelo 7102L combina un formato cómodo con una presentación vistosa que facilita su identificación en estanterías o escritorios, mientras organiza CD y DVD de forma eficiente.",in stock,new,59999.00 ARS,https://tecnoshow.vercel.app/#MLA2055217473,https://http2.mlstatic.com/D_NQ_NP_2X_904707-MLA117032012001_092026-F.jpg,"https://http2.mlstatic.com/D_NQ_NP_2X_785465-MLA115591202702_092026-F.jpg,https://http2.mlstatic.com/D_NQ_NP_2X_653195-MLA117031190825_092026-F.jpg,https://http2.mlstatic.com/D_NQ_NP_2X_771273-MLA115591967142_092026-F.jpg",ProCare,DJ y consolas
MLA3283466770,Soporte Metalico Ajustable Notebook Dj Profesional Gbr,"Presentamos el Soporte GBR para Notebook y Bandeja DJ Profesional Regulable modelo SC100, diseñado para proporcionar una solución práctica y versátil para los usuarios de notebooks y profesionales de la música. Fabricado en metal resistente, este soporte garantiza durabilidad y estabilidad, ideal para utilizar en presentaciones o para trabajar en diversas posiciones.
Con un enfoque en la ergonomía, el SC100 permite una elevación de hasta 40 cm y cuenta con cuatro posiciones ajustables, lo que facilita encontrar la altura perfecta para su uso. Su diseño vertical y antideslizante asegura que su equipo permanezca seguro y firme, reduzca la fatiga durante largos períodos de trabajo y mejore la experiencia general del usuario.
Sus dimensiones compactas, con un largo de 25,5 cm y un ancho de 23 cm, hacen que este soporte sea fácil de transportar y almacenar. Su peso de solo 2,7 kg lo convierte en una opción ligera y accesible para quienes necesitan movilidad sin sacrificar calidad.
Ideal para DJs, músicos y profesionales que utilizan notebooks, el Soporte GBR SC100 es la elección perfecta para quienes buscan un soporte ajustable que se adapte a sus necesidades específicas, ofreciendo comodidad y funcionalidad en un solo producto. Con este soporte, su espacio de trabajo se transforma, optimizando tanto su rendimiento como su bienestar.
Garantía de fábrica: 30 días",in stock,new,52498.00 ARS,https://tecnoshow.vercel.app/#MLA3283466770,https://http2.mlstatic.com/D_NQ_NP_2X_629865-MLA116412367040_092026-F.jpg,"https://http2.mlstatic.com/D_NQ_NP_2X_971105-MLA111336132291_052026-F.jpg,https://http2.mlstatic.com/D_NQ_NP_2X_618071-MLA111336462075_052026-F.jpg,https://http2.mlstatic.com/D_NQ_NP_2X_934018-MLA111336552185_052026-F.jpg",Gbr,DJ y consolas
MLA612252183,Numark Cue Dj Software Original Con Licencia Y Garantia,"Numark Cue Dj Software Original Con Licencia Y Garantia
Características
Marca
Numark Cue",in stock,new,36750.00 ARS,https://tecnoshow.vercel.app/#MLA612252183,https://http2.mlstatic.com/D_NQ_NP_2X_984949-MLA117913227481_092026-F.jpg,"https://http2.mlstatic.com/D_NQ_NP_2X_939913-MLA110230024535_042026-F.jpg,https://http2.mlstatic.com/D_NQ_NP_2X_701000-MLA110231245557_042026-F.jpg,https://http2.mlstatic.com/D_NQ_NP_2X_670515-MLA31092597006_062019-F.jpg",Numark,DJ y consolas
MLA3832418358,Pack 2 Paños Para Bandeja Gira Disco Numark,Paños Para Bandeja Gira Disco Numark,in stock,new,35999.00 ARS,https://tecnoshow.vercel.app/#MLA3832418358,https://http2.mlstatic.com/D_NQ_NP_2X_889602-MLA115098292640_082026-F.jpg,"https://http2.mlstatic.com/D_NQ_NP_2X_620534-MLA116490339331_082026-F.jpg,https://http2.mlstatic.com/D_NQ_NP_2X_941655-MLA116490398785_082026-F.jpg,https://http2.mlstatic.com/D_NQ_NP_2X_632748-MLA116489514693_082026-F.jpg",Numark,DJ y consolas
MLA3832510896,Pack 2 Paño De Bandeja Giradiscos Marca Stanton,Paño de bandeja giradiscos marca Stanton,in stock,new,35999.00 ARS,https://tecnoshow.vercel.app/#MLA3832510896,https://http2.mlstatic.com/D_NQ_NP_2X_886456-MLA116490349251_082026-F.jpg,"https://http2.mlstatic.com/D_NQ_NP_2X_761822-MLA116490349681_082026-F.jpg,https://http2.mlstatic.com/D_NQ_NP_2X_950857-MLA115098744186_082026-F.jpg,https://http2.mlstatic.com/D_NQ_NP_2X_923949-MLA115098125500_082026-F.jpg",Stanton,DJ y consolas
MLA3832415454,Pack 2 Paño Antideslizante Para Bandeja Giradisco Vestax,"Pack 2 Paño para bandeja giradisco
Marca Vestax",in stock,new,35999.00 ARS,https://tecnoshow.vercel.app/#MLA3832415454,https://http2.mlstatic.com/D_NQ_NP_2X_806980-MLA116489477735_082026-F.jpg,"https://http2.mlstatic.com/D_NQ_NP_2X_656016-MLA116489274183_082026-F.jpg,https://http2.mlstatic.com/D_NQ_NP_2X_640828-MLA116489477733_082026-F.jpg,https://http2.mlstatic.com/D_NQ_NP_2X_725497-MLA116489477731_082026-F.jpg",Vestax,DJ y consolas
MLA671879230,Paño Antideslizante Para Bandeja Giradisco Vestax,"Paño para bandeja giradisco
Marca Vestax",in stock,new,21999.00 ARS,https://tecnoshow.vercel.app/#MLA671879230,https://http2.mlstatic.com/D_NQ_NP_2X_898690-MLA116489920733_082026-F.jpg,"https://http2.mlstatic.com/D_NQ_NP_2X_611977-MLA116489887583_082026-F.jpg,https://http2.mlstatic.com/D_NQ_NP_2X_774357-MLA115097140146_082026-F.jpg,https://http2.mlstatic.com/D_NQ_NP_2X_683511-MLA116489094397_082026-F.jpg",Vestax,DJ y consolas
MLA764540460,Paño De Bandeja Giradiscos Marca Stanton,Paño de bandeja giradiscos marca Stanton,in stock,new,20998.00 ARS,https://tecnoshow.vercel.app/#MLA764540460,https://http2.mlstatic.com/D_NQ_NP_2X_928369-MLA116489934323_082026-F.jpg,"https://http2.mlstatic.com/D_NQ_NP_2X_723970-MLA115097649286_082026-F.jpg,https://http2.mlstatic.com/D_NQ_NP_2X_804803-MLA115098299966_082026-F.jpg,https://http2.mlstatic.com/D_NQ_NP_2X_629921-MLA115098300206_082026-F.jpg",Stanton,DJ y consolas
MLA764540241,Paños Para Bandeja Gira Disco Numark,Paños Para Bandeja Gira Disco Numark,in stock,new,17848.00 ARS,https://tecnoshow.vercel.app/#MLA764540241,https://http2.mlstatic.com/D_NQ_NP_2X_693798-MLA117912494659_092026-F.jpg,"https://http2.mlstatic.com/D_NQ_NP_2X_922040-MLA109373298574_042026-F.jpg,https://http2.mlstatic.com/D_NQ_NP_2X_762107-MLA109372671334_042026-F.jpg,https://http2.mlstatic.com/D_NQ_NP_2X_830051-MLA43685924805_102020-F.jpg",Numark,DJ y consolas
MLA1913467442,Liquido Humo Usa Liquids Smoke Disco Dj Para Maquinas 5 Lts,"SMOKE (HUMO) - LINEA DISCO DJ - 5 LITROS
USA SMOKE FLUIDS línea DISCO DJ ofrece un ligero efecto de niebla y de baja densidad, fue desarrollado para producciones de teatro, televisión, con fines de entretenimiento, pequeños clubes y Deejay aplicaciones Móvil y conciertos.",in stock,new,52999.00 ARS,https://tecnoshow.vercel.app/#MLA1913467442,https://http2.mlstatic.com/D_NQ_NP_2X_977272-MLA108016092385_032026-F.jpg,,Usa Liquids,Máquinas de humo
MLA1132890758,Máquina de humo GBR Konor 600 Pro color negro,"La Máquina de humo GBR Konor 600 Pro en color negro es perfecta para darle un toque especial a tus eventos y fiestas en Argentina. Con su potencia de 400W, esta máquina de humo es capaz de generar un volumen de salida de 1000 cfm, lo que garantiza una atmósfera única y envolvente. Además, su tiempo de calentamiento de tan solo 3 minutos te permitirá disfrutar rápidamente de sus efectos. La distancia del humo alcanza entre 1 y 2 metros, lo que asegura una cobertura adecuada en cualquier espacio. Su consumo de fluido es de 1000 mL/min, lo que te permitirá disfrutar de largas horas de diversión sin preocuparte por recargas constantes. La capacidad del tanque de 0.25 L es ideal para eventos de corta duración o espacios más pequeños. No esperes más y lleva la Máquina de humo GBR Konor 600 Pro a tus celebraciones para crear momentos inolvidables.",in stock,new,136498.00 ARS,https://tecnoshow.vercel.app/#MLA1132890758,https://http2.mlstatic.com/D_NQ_NP_2X_903796-MLA95970089924_102025-F.jpg,"https://http2.mlstatic.com/D_NQ_NP_2X_669849-MLU77740667604_072024-F.jpg,https://http2.mlstatic.com/D_NQ_NP_2X_849579-MLU77740667618_072024-F.jpg,https://http2.mlstatic.com/D_NQ_NP_2X_620910-MLU77740667624_072024-F.jpg",Gbr,Máquinas de humo
MLA3922041400,Máquina de humo GBR Konor 900 900w inalambrico,"La Máquina de Humo Control Inalámbrico de 900W es ideal para crear ambientes espectaculares en eventos y presentaciones. Con una potencia real de 900W, ofrece una impresionante salida de 5000 pies por minuto, asegurando una dispersión rápida y efectiva del humo. Su precalentamiento de solo 3 minutos permite un uso inmediato, mientras que su capacidad de carga de 1 litro garantiza un funcionamiento prolongado. Incluye un control remoto inalámbrico, facilitando su operación a distancia, y cuenta con un control remoto con cable opcional para mayor versatilidad. Con dimensiones compactas de 350 x 200 x 200 mm y un peso de 3,1 kg, es fácil de transportar y manejar. Además, su consumo de fluido es de 5 l/min, y puede proyectar humo a una distancia de entre 2 y 3 metros. Esta máquina no solo es funcional, sino que también incluye un temporizador para un uso más controlado y eficiente.",in stock,new,317624.00 ARS,https://tecnoshow.vercel.app/#MLA3922041400,https://http2.mlstatic.com/D_NQ_NP_2X_841475-MLA99531631784_122025-F.jpg,"https://http2.mlstatic.com/D_NQ_NP_2X_702050-MLA80828032227_112024-F.jpg,https://http2.mlstatic.com/D_NQ_NP_2X_910189-MLA80828168353_112024-F.jpg,https://http2.mlstatic.com/D_NQ_NP_2X_976049-MLA80566036620_112024-F.jpg",Gbr,Máquinas de humo
MLA1381704160,Máquina de humo GBR Konor 900 Pro color gris,"EXCELENTE POTENCIA REAL, ÚNICA EN SU CATEGORÍA!
*900W
*6 LED 3W RGB
*SALIDA: 5000 PIES X MIN
*CARGA: 1 L
*REMOTO INALÁMBRICO
*U DE AGARRE
*DIM: 350*200*200 MM
*PESO: 3,1 KG
La Máquina de Humo GBR Konor 900 Pro es ideal para crear atmósferas impactantes en eventos y espectáculos. Con una potencia de 900 W, ofrece un volumen de salida de 5000 cfm, lo que garantiza una dispersión rápida y efectiva del humo. Su capacidad de tanque de 1 L permite un uso prolongado, mientras que el tiempo de calentamiento de solo 3 minutos asegura que esté lista para funcionar en poco tiempo. Además, cuenta con 6 luces LED de 3W en colores RGB, que añaden un efecto visual impresionante. Su diseño compacto y ligero, con un peso de 3,1 kg, facilita su transporte y manejo en cualquier lugar.",in stock,new,314998.00 ARS,https://tecnoshow.vercel.app/#MLA1381704160,https://http2.mlstatic.com/D_NQ_NP_2X_880252-MLA96418396536_102025-F.jpg,"https://http2.mlstatic.com/D_NQ_NP_2X_851073-MLA41326292558_042020-F.jpg,https://http2.mlstatic.com/D_NQ_NP_2X_682435-MLA91476846666_092025-F.jpg,https://http2.mlstatic.com/D_NQ_NP_2X_785668-MLA91476798658_092025-F.jpg",Gbr,Máquinas de humo
MLA3983793088,Líquido Para Burbujas 1 Litro USA Modelo Bubble Sin Fragancia,"El 'Líquido Burbujas Botella 1lt USA Liquids Profesional Bubble' es el complemento perfecto para tu máquina de burbujas, ideal para eventos y celebraciones. Este producto de la reconocida marca USA está diseñado para generar burbujas de alta calidad, garantizando un efecto visual impresionante. Con un volumen de 1 litro, esta botella te proporciona suficiente líquido para prolongadas sesiones de diversión y entretenimiento. La línea Profesional Bubble asegura un rendimiento superior, ideal tanto para uso personal como profesional. Este líquido es completamente nuevo, asegurando la mejor calidad y frescura en cada uso. Transforma cualquier ambiente con burbujas brillantes y duraderas, y haz de tus eventos una experiencia inolvidable.",in stock,new,15999.00 ARS,https://tecnoshow.vercel.app/#MLA3983793088,https://http2.mlstatic.com/D_NQ_NP_2X_761826-MLA100081302315_122025-F.jpg,,Usa,Máquinas de humo
MLA3769062526,Liquido De Humo 1 Lt Linea Classic Gbr El Mejor Maquina,"LIQUIDO DE HUMO GBR 1 LITRO USO PROFESIONAL
LIQUIDO PARA MAQUINA DE HUMO MARCA GBR EN PRESENTACION DE 1 LITRO. FORMULA PROFESIONAL DISEÑADA PARA GENERAR HUMO DENSO, UNIFORME Y DE GRAN IMPACTO VISUAL. IDEAL PARA EVENTOS, SHOWS, FIESTAS, BOLICHES, TEATROS Y PRODUCCIONES AUDIOVISUALES.
CARACTERISTICAS
• LIQUIDO DE HUMO PROFESIONAL
• HUMO DENSO Y CONTINUO
• NO DEJA RESIDUOS EXCESIVOS
• COMPATIBLE CON LA MAYORIA DE LAS MAQUINAS DE HUMO
• APTO PARA USO INTERIOR Y EXTERIOR
• PRESENTACION: BIDON DE 1 LITRO
USOS RECOMENDADOS
• DISCOTECAS Y BOLICHES
• FIESTAS Y EVENTOS
• SHOWS EN VIVO
• DJ Y PRODUCTORAS
• TEATRO Y ESCENOGRAFIA
MODO DE USO
COLOCAR EL LIQUIDO EN EL DEPOSITO DE LA MAQUINA DE HUMO SEGUN INDICACIONES DEL FABRICANTE Y UTILIZAR NORMALMENTE.
CONTENIDO DEL PAQUETE
• 1 LIQUIDO DE HUMO GBR 1 LITRO",in stock,new,9999.00 ARS,https://tecnoshow.vercel.app/#MLA3769062526,https://http2.mlstatic.com/D_NQ_NP_2X_713683-MLA47974487684_102021-F.jpg,"https://http2.mlstatic.com/D_NQ_NP_2X_600661-MLA102258335714_122025-F.jpg,https://http2.mlstatic.com/D_NQ_NP_2X_959280-MLA102767445035_122025-F.jpg,https://http2.mlstatic.com/D_NQ_NP_2X_772065-MLA102767414765_122025-F.jpg",Gbr,Máquinas de humo
MLA3634636670,Máquina de humo GBR Konor 1500 Pro,"DETALLE DEL PRODUCTO:
MAQUINA DE HUMO KONOR 1500 PRO
• Potencia: 1500w.
• 9 LEDs de 3w. cada uno RGB.
• Salida: 20.000 pies x minuto.
• CARGA: 2,50 Litros.
• Precalentamiento 3 minutos.
• CONTROL REMOTO INALAMBRICO.
• CONTROL ELECTRÓNICO DE TEMPERATURA.
• HORQUILLA PARA COLGAR.
• DIMENSIONES: 495 x 255 x 190 MM.
• PESO: 5,9 KG.
Esta máquina de humo es ideal para eventos y espectáculos, proporcionando una potente salida de humo que alcanza hasta 5 metros de distancia. Con un consumo de fluido eficiente y un tiempo de calentamiento de solo 3 minutos, está diseñada para un uso continuo y dinámico. Además, cuenta con un sistema DMX, permitiendo su integración en configuraciones de iluminación más complejas. Su diseño en color gris y su peso ligero facilitan su transporte y montaje, mientras que el control remoto inalámbrico ofrece comodidad y versatilidad en su operación.",in stock,new,472499.00 ARS,https://tecnoshow.vercel.app/#MLA3634636670,https://http2.mlstatic.com/D_NQ_NP_2X_675434-MLA97351346939_112025-F.jpg,https://http2.mlstatic.com/D_NQ_NP_2X_631945-MLA91492738264_092025-F.jpg,Gbr,Máquinas de humo
MLA1341370319,Máquina de humo PLS F-1000 color negro,"Máquina de Humo 900W PLS F-1000 con Control Inalámbrico Negro
Efectos únicos
Gracias a su potencia de 900W, es ideal para espacios medianos, como bares y pubs. Puede ser utilizada también para lograr ambientes originales y misteriosos en estudios de fotografía y pequeños teatros.
Comodidad en tus manos
Accioná la máquina desde cualquier sitio con su mando inalámbrico. Ganarás practicidad en lugares de largas distancias y podrás activarla automáticamente en el mejor momento de la noche.
Características:
- 900 Watts de potencia
- Salida de 10.000 cm3/Min
- Capacidad del tanque de 0.8 Litros
- Con control remoto común y control remoto inalámbrico
- Peso: 4.5 Kgs.",in stock,new,241498.00 ARS,https://tecnoshow.vercel.app/#MLA1341370319,https://http2.mlstatic.com/D_NQ_NP_2X_678698-MLA99469932158_112025-F.jpg,"https://http2.mlstatic.com/D_NQ_NP_2X_881066-MLU78317844497_082024-F.jpg,https://http2.mlstatic.com/D_NQ_NP_2X_762036-MLA107749609905_022026-F.jpg",Pls,Máquinas de humo
MLA2471790460,Máquina de humo GBR Konor 600 color negro,"MÁQUINA DE HUMO KONOR 600
Máquina de humo 400w. de alta performance. Compacta y ligera. Emite densas nubes para realzar cualquier tipo de show de luces. Utiliza líquido para humo.
- 400W.
- Salida: 1000 pies x minuto.
- CARGA: 0,25 Lts.
- CONTROL REMOTO DE CABLE.
- U DE AGARRE.
- DIMENSIONES: 240 x 120 x 120 MM.
- PESO: 1,30 KG.
Esta máquina cuenta con un tiempo de calentamiento de solo 3 minutos, lo que permite un uso rápido y eficiente. Su capacidad del tanque es de 250 mL, ideal para sesiones prolongadas. Además, su diseño compacto facilita su transporte y almacenamiento. La distancia del humo puede alcanzar entre 1 m y 2 m, ofreciendo versatilidad en diferentes entornos.",in stock,new,118510.00 ARS,https://tecnoshow.vercel.app/#MLA2471790460,https://http2.mlstatic.com/D_NQ_NP_2X_883016-MLA99456730544_112025-F.jpg,"https://http2.mlstatic.com/D_NQ_NP_2X_733944-MLU73202406505_122023-F.jpg,https://http2.mlstatic.com/D_NQ_NP_2X_740675-MLU73118518756_122023-F.jpg",Gbr,Máquinas de humo
MLA1648064111,Máquina Humo Inalambrica Gran Caudal 1500w El Gris,"*1500W
*SALIDA: 20000 PIES X MIN
*CARGA: 2,5 L
*PRECALENTAMIENTO 3 MIN
*REMOTO ALAMBRICO
*REMOTO INALAMBRICO
*U DE AGARRE
*DIM: 465*255*190 MM
*PESO: 5,4 KG
La máquina de humo inalámbrica de gran caudal, modelo KONOR 1500, es ideal para crear atmósferas envolventes en eventos y espectáculos. Con una potencia de 1500 W, ofrece una impresionante salida de 20,000 pies por minuto, asegurando una dispersión rápida y eficiente del humo. Su capacidad de carga de 2,5 litros permite un uso prolongado sin necesidad de recargas frecuentes. El precalentamiento de solo 3 minutos garantiza que esté lista para funcionar en poco tiempo. Incluye control remoto con cable e inalámbrico, brindando flexibilidad y comodidad en su operación. Su diseño compacto y ligero, con un peso de 5,4 kg, facilita su transporte y manejo.",in stock,new,370350.00 ARS,https://tecnoshow.vercel.app/#MLA1648064111,https://http2.mlstatic.com/D_NQ_NP_2X_777512-MLA104909754658_012026-F.jpg,"https://http2.mlstatic.com/D_NQ_NP_2X_667099-MLA104909521382_012026-F.jpg,https://http2.mlstatic.com/D_NQ_NP_2X_956094-MLA103743434033_012026-F.jpg,https://http2.mlstatic.com/D_NQ_NP_2X_686583-MLA103228118250_012026-F.jpg",Gbr,Máquinas de humo
MLA760879648,Liquido De Humo Usa Liquids 20 Litros Linea Disco Dj Liviano,"WORLD WIDE TRADE
*************************************************************************************************************
LÍQUIDO PARA MAQUINA DE HUMO X 4 UNIDADES - BIDÓN DE 5 LITROS: USA LIQUIDS [SMOKE DISCO DJ]
Fluidos USA SMOKE DISCO & DJ línea completa de fluidos USA LIQUIDS para efectos especiales. Ofrecer un ligero efecto de niebla y de baja densidad fueron desarrollados para producciones de teatro, la televisión, con fines de entretenimiento, pequeños clubes y Deejay aplicaciones Móvil y conciertos.
Fueron diseñados para su uso en las USA Fog Machines o cualquier máquina en el mercado que utilizan fluidos a base de agua, con posibilidades para una amplia gama de efectos, es una gran nube o una neblina imperceptible.
Hace desarrollados casi 20 años, este líquido ha sido elaborado por la empresa con la necesidad del mercado exigente de los efectos especiales para el entretenimiento. La niebla desarrollado por COMPACTO GROUP ha surgido rápidamente entre los mejores en el mercado por su excelente rendimiento y calidad.",in stock,new,179999.00 ARS,https://tecnoshow.vercel.app/#MLA760879648,https://http2.mlstatic.com/D_NQ_NP_2X_890302-MLA79662211308_102024-F.jpg,https://http2.mlstatic.com/D_NQ_NP_2X_825423-MLA79912130195_102024-F.jpg,Usa Liquids,Máquinas de humo
MLA2063167713,Máquina De Humo Led Multiposicion +liquido De Regalo 2000w,"CONOCE LO NUEVO DE GBR INCREIBLE MAQUINA DE HUMO MULTI POSICION
COMBO MAQUINA DE HUMO GBR V2000 DMX + HUMO X1 LT GBR
*2000W*12 LED 3W RGBW
*CORTE INMEDIATO
*SALIDA: 18000 PIES X MIN
*CARGA: 2,5 L
*DMX512 5CH / DISPLAY DIGITAL
*CONTROL ELECTRONICO DE TEMP.
*REMOTO INALAMBRICO
*CONTROL MANUAL
*DIM:410*300*185 MM
*PESO: 6,9 KG",in stock,new,799999.00 ARS,https://tecnoshow.vercel.app/#MLA2063167713,https://http2.mlstatic.com/D_NQ_NP_2X_894605-MLA117195431007_092026-F.jpg,"https://http2.mlstatic.com/D_NQ_NP_2X_700326-MLA117195694487_092026-F.jpg,https://http2.mlstatic.com/D_NQ_NP_2X_713510-MLA117195635061_092026-F.jpg,https://http2.mlstatic.com/D_NQ_NP_2X_662481-MLA117195932271_092026-F.jpg",Gbr,Máquinas de humo
MLA764539967,Konor 1500 Pro Maquina De Humo Inalambrico Y Con Cable Nuevo,"MAQUINA DE HUMO KONOR 1500 PRO
• Somos distribuidores OFICIALES de toda la línea GBR.
• Potencia: 1500w.
• 9 LEDs de 3w. cada uno RGB.
• Salida: 20.000 pies x minuto.
• CARGA: 2,50 Litros.
• Precalentamiento 3 minutos.
• CONTROL REMOTO INALAMBRICO.
• CONTROL ELECTRÓNICO DE TEMPERATURA.
• HORQUILLA PARA COLGAR.
• DIMENSIONES: 495 x 255 x 190 MM.
• PESO: 5,9 KG.",in stock,new,472498.00 ARS,https://tecnoshow.vercel.app/#MLA764539967,https://http2.mlstatic.com/D_NQ_NP_2X_768847-MLA116412371784_092026-F.jpg,https://http2.mlstatic.com/D_NQ_NP_2X_851760-MLA27542022872_062018-F.jpg,Gbr,Máquinas de humo
MLA730581851,Maquina De Humo Gbr Konor 1500 Inalambrica Y Con Cable Nuevo,"MAQUINA DE HUMO KONOR 1500
• Somos distribuidores OFICIALES de toda la línea GBR.
• Potencia: 1500w.
• Salida: 20.000 pies x minuto.
• CARGA: 2,50 Litros.
• Precalentamiento 3 minutos.
• CONTROL REMOTO INALAMBRICO.
• CONTROL REMOTO MANUAL.
• CONTROL ELECTRÓNICO DE TEMPERATURA.
• HORQUILLA PARA COLGAR.
• DIMENSIONES: 495 x 255 x 190 MM.
• PESO: 5,4 KG.",in stock,new,367498.00 ARS,https://tecnoshow.vercel.app/#MLA730581851,https://http2.mlstatic.com/D_NQ_NP_2X_655387-MLA117912498631_092026-F.jpg,https://http2.mlstatic.com/D_NQ_NP_2X_929969-MLA27541984378_062018-F.jpg,Gbr,Máquinas de humo
MLA3637006344,Maquina De Humo Konor 1200 Pro Dmx Led 1200w Gbr Control Cab,"Maquina de Humo GBR 1200Pro
Potencia
1.200 W
Consumo de fluido
5 l/min
Con luces
Sí
Con DMX
Sí
Con control remoto inalámbrico
Sí
Con control remoto con cable
No
Incluye líquido
No
Cantidad de controles remotos
2
Distancia del humo
2 m - 3 m
Volumen de salida
50.000 cfm
Tiempo de calentamiento
3 m
Con temporizador
Sí
Cantidad de luces LED
0
Capacidad del tanque
1 L",in stock,new,359999.00 ARS,https://tecnoshow.vercel.app/#MLA3637006344,https://http2.mlstatic.com/D_NQ_NP_2X_785516-MLA114855572135_072026-F.jpg,"https://http2.mlstatic.com/D_NQ_NP_2X_636639-MLA114855926907_072026-F.jpg,https://http2.mlstatic.com/D_NQ_NP_2X_930236-MLA114855453311_072026-F.jpg",Gbr,Máquinas de humo
MLA764539950,Maquina De Humo Gbr Konor 900 Pro Control Remoto Inalambrico,"Maquina De Humo Gbr Konor 900 Pro
-900W
- 6 LED 3W RGB
- Salida : 5000 pies x min
- CARGA: 1 L
- REMOTO INALAMBRICO
- U DE AGARRE
- DIMENSIONES:350*200*200 MM
- PESO: 3.1 KG",in stock,new,325499.00 ARS,https://tecnoshow.vercel.app/#MLA764539950,https://http2.mlstatic.com/D_NQ_NP_2X_965472-MLA31063415426_062019-F.jpg,"https://http2.mlstatic.com/D_NQ_NP_2X_747948-MLA31063422192_062019-F.jpg,https://http2.mlstatic.com/D_NQ_NP_2X_929292-MLA72693351894_112023-F.jpg",Gbr,Máquinas de humo
MLA1341393871,Martín Rush SM650 Máquina de Humo 650W Control Remoto Con Cable Negra,"La Martin Rush SM650 es una máquina de humo de 650W ideal para eventos y fiestas en Argentina. Esta máquina de alta calidad de la reconocida marca MARTIN RUSH te permitirá crear un ambiente único y misterioso en tus eventos, gracias a su potente salida de humo. Aunque no cuenta con luces, DMX ni control remoto inalámbrico, su sencillez de uso y eficiencia la convierten en una opción perfecta para aquellos que buscan una solución práctica y efectiva para generar humo en sus eventos. No esperes más y lleva tus fiestas al siguiente nivel con la Martin Rush SM650.",in stock,new,314998.00 ARS,https://tecnoshow.vercel.app/#MLA1341393871,https://http2.mlstatic.com/D_NQ_NP_2X_961990-MLA99984362095_112025-F.jpg,,Martin Rush,Máquinas de humo
MLA734341536,Liquido De Humo Usa Liquids Profesional Caja De 4 Bidon 5 Lt,"Liquido De Humo Usa Liquids Profesional
Caja de 4 Bidones 5 Litros",in stock,new,249999.00 ARS,https://tecnoshow.vercel.app/#MLA734341536,https://http2.mlstatic.com/D_NQ_NP_2X_847991-MLA116412480996_092026-F.jpg,"https://http2.mlstatic.com/D_NQ_NP_2X_870906-MLA71718018129_092023-F.jpg,https://http2.mlstatic.com/D_NQ_NP_2X_947309-MLA71667534978_092023-F.jpg,https://http2.mlstatic.com/D_NQ_NP_2X_697729-MLA71717928681_092023-F.jpg",Usa Liquids,Máquinas de humo
MLA764539955,Maquina De Humo Gbr Konor 900 Control  Inalambrico Y Cable,"Maquina De Humo Gbr Konor 900
- 900W
- Salida : 5000 pies x min
- CARGA: 1 L
- REMOTO ALAMBRICO
- REMOTO INALAMBRICO
- U DE AGARRE
- DIMENSIONES:350*200*200 MM
- PESO: 3.1 KG",in stock,new,230998.00 ARS,https://tecnoshow.vercel.app/#MLA764539955,https://http2.mlstatic.com/D_NQ_NP_2X_774759-MLA94074110597_102025-F.jpg,"https://http2.mlstatic.com/D_NQ_NP_2X_662032-MLA31604666378_072019-F.jpg,https://http2.mlstatic.com/D_NQ_NP_2X_912628-MLA27542075604_062018-F.jpg",Gbr,Máquinas de humo
MLA4021908422,Máquina Humo Cirrus 1000 Tecshow Control Inalambrico Y Cable Negro,"DETALLE DEL PRODUCTO:
CIRRUS 1000
Máquina de humo profesional. Tanque de 2,5 litros y salida de 12000 pies cúbicos por minuto. Controles inalámbrico y alámbrico incluidos.
Cirrus 1000 es ideal para escenarios móviles, clubes o instalaciones fijas. Ofrece una salida continua de 12000 pies cúbicos por minuto con un bajo consumo de líquido, integrando control DMX y opciones versátiles de manejo: panel interno, control alámbrico e inalámbrico. El sistema incorpora protección contra falta de fluido, pantalla LED, y una construcción robusta pensada para un uso intensivo. Su tanque de 2,5 litros y rápido calentamiento inicial de 6 minutos permiten una operación eficiente y sostenida.
FICHA TÉCNICA:
SALIDA:
Salida de humo: 12.000 pies cúbicos por minuto.
Ajuste de salida: 5 a 100%.
Tiempo de calentamiento inicial: 6 minutos.
Duración máxima de salida continua: 60 segundos.
Consumo de líquido: 50 ml / min.
CONTROL:
Canales DMX: 1.
Modo DMX: 1.
Conector DMX: XLR 3 pines.
Modos de operación: Fogueo continuo / Fogueo temporizado.
Control manual: Sí.
Control por DMX: Sí.
Control por cable (CR-1000): Incluido.
Control inalámbrico (CR-W): Incluido.
Conector remoto: Jack 1/4 pulgadas.
Advertencia de falta o bajo nivel de líquido: Sí.
Display: LED.
ALIMENTACIÓN:
Potencia del calefactor: 1000W.
Fusible: 10A/250V.
Cable / Conector: H03VV-F 3G, 0.75mm2 + IEC.
FÍSICO:
Sistema de enfriamiento: Aire forzado.
Temperatura ambiente máxima: 40 grados.
Temperatura máxima de superficie: 60 grados.
Bracket de colgado: Incluido.
Tanque: 2,5 litros.
Dimensiones: 307 x 213 x 368 mm.
Peso: 5,6 Kg.
ACCESORIOS:
Incluidos: Control remoto por cable y Control remoto inalámbrico.",in stock,new,229999.00 ARS,https://tecnoshow.vercel.app/#MLA4021908422,https://http2.mlstatic.com/D_NQ_NP_2X_986439-MLA101495827870_122025-F.jpg,"https://http2.mlstatic.com/D_NQ_NP_2X_929191-MLA101495827876_122025-F.jpg,https://http2.mlstatic.com/D_NQ_NP_2X_699922-MLA101998747625_122025-F.jpg,https://http2.mlstatic.com/D_NQ_NP_2X_933758-MLA101998747633_122025-F.jpg,https://http2.mlstatic.com/D_NQ_NP_2X_982280-MLA101495778772_122025-F.jpg,https://http2.mlstatic.com/D_NQ_NP_2X_928907-MLA101998747639_122025-F.jpg",Tecshow,Máquinas de humo
MLA4022044032,Máquina Humo Cirrus 1000 Tecshow Control Inalambrico Y Cable,"Tanto en casas, bares, salones o boliches el humo es el elemento perfecto para crear atmósferas especiales. La máquina Tecshow te ayudará a darle ese toque distinto a tus eventos, ¡que serán todo un éxito!
¡Que empiece la fiesta!
La potencia de 1000W la convierte en un equipo de uso profesional. Puede ambientar grandes espacios en pocos minutos, solo tendrás que ponerla a funcionar y conseguirás que se genere un efecto único en el lugar.
Comodidad en tus manos
Accioná la máquina desde cualquier sitio con su mando inalámbrico. Ganarás practicidad en lugares de largas distancias y podrás activarla automáticamente en el mejor momento de la noche.
Control con DMX
La principal ventaja de esta tecnología es que está diseñada para manejar todo el sistema de iluminación y efectos de un show a la vez. Incluso pemite sincronizar el humo de acuerdo al ritmo de la canción, generando experiencias de otro nivel.
Garantía de fábrica: 30 días",in stock,new,229999.00 ARS,https://tecnoshow.vercel.app/#MLA4022044032,https://http2.mlstatic.com/D_NQ_NP_2X_986439-MLA101495827870_122025-F.jpg,"https://http2.mlstatic.com/D_NQ_NP_2X_929191-MLA101495827876_122025-F.jpg,https://http2.mlstatic.com/D_NQ_NP_2X_699922-MLA101998747625_122025-F.jpg,https://http2.mlstatic.com/D_NQ_NP_2X_933758-MLA101998747633_122025-F.jpg,https://http2.mlstatic.com/D_NQ_NP_2X_982280-MLA101495778772_122025-F.jpg,https://http2.mlstatic.com/D_NQ_NP_2X_928907-MLA101998747639_122025-F.jpg",Tecshow,Máquinas de humo
MLA734340240,Liquido De Burbujas Usa Liquids 4 Bidones De 5 Litros Bubble,"PACK X 4 UNIDADES
LÍQUIDO DE BURBUJAS
BUBBLE - 5 LITROS (20 en TOTAL)
Nuestros Fluidos premium burbujas se producen bajo los más altos estándares de calidad del mercado, lograr un alto concepto del mercado profesional más exigente.
Desarrollado para producir un flujo continuo y uniforme de burbujas, mas duraderos y en grandes cantidades, que hacen a nuestras burbujas un producto líder en el mercado.
MK2 SRL
• Tienda de Instrumentos Musicales, Sistemas de Sonido e Iluminación Profesional.
• Más de 20 años de experiencia en el rubro.
• Somos MERCADO LIDER PLATINUM (la calificación más alta de Mercado Libre).
• Somos un Local a la calle ubicado en el centro (zona peatonal) de la Ciudad Capital de La Rioja.
• 100% de calificaciones positivas avalan nuestro servicio.
• NO cobramos adicional de despacho ni embalaje.
•",in stock,new,179999.00 ARS,https://tecnoshow.vercel.app/#MLA734340240,https://http2.mlstatic.com/D_NQ_NP_2X_876069-MLA53029366062_122022-F.jpg,https://http2.mlstatic.com/D_NQ_NP_2X_674225-MLA48604401359_122021-F.jpg,Usa Liquids,Máquinas de humo
MLA3769065582,Pack 4 Liquidos De Humo Profesional 5 Lts Dj Boliche Eventos,"Pack 4 Bidones
LÍQUIDO PARA MÁQUINA DE HUMO GBR BIDÓN 5 LITROS
CARACTERÍSTICAS:
• MARCA: GBR
• CONTENIDO: 5 LITROS
• PRESENTACIÓN: BIDÓN
• LÍQUIDO PARA MÁQUINAS DE HUMO
• GENERA HUMO PARA EFECTOS DE ILUMINACIÓN Y AMBIENTACIÓN
• IDEAL PARA DISCOTECAS, DJ, FIESTAS, EVENTOS Y ESCENARIOS
• APTO PARA MÁQUINAS DE HUMO COMPATIBLES CON LÍQUIDO A BASE DE AGUA
• LISTO PARA USAR
• USO PROFESIONAL Y PARTICULAR
IDEAL PARA UTILIZAR EN CONJUNTO CON LUCES LED, LÁSER, CABEZALES MÓVILES Y OTROS EFECTOS DE ILUMINACIÓN, PERMITIENDO RESALTAR LOS HACES DE LUZ Y MEJORAR EL EFECTO VISUAL.
CONTENIDO DE LA COMPRA:
• 1 BIDÓN DE LÍQUIDO PARA MÁQUINA DE HUMO GBR DE 5 LITROS",in stock,new,119999.00 ARS,https://tecnoshow.vercel.app/#MLA3769065582,https://http2.mlstatic.com/D_NQ_NP_2X_866577-MLA114585996456_082026-F.jpg,"https://http2.mlstatic.com/D_NQ_NP_2X_682613-MLA114584877552_082026-F.jpg,https://http2.mlstatic.com/D_NQ_NP_2X_985775-MLA115946888147_082026-F.jpg,https://http2.mlstatic.com/D_NQ_NP_2X_812976-MLA115944204683_082026-F.jpg",Gbr,Máquinas de humo
MLA1729402383,Bomba Gbr Maquina De Humo 1500-3000 Y Otras Marcas,"BOMBA GBR
220-240V 48w
Ideal para maquinas de humo de 1500 a 3000w",in stock,new,103949.00 ARS,https://tecnoshow.vercel.app/#MLA1729402383,https://http2.mlstatic.com/D_NQ_NP_2X_664570-MLA117913345249_092026-F.jpg,"https://http2.mlstatic.com/D_NQ_NP_2X_662817-MLA109874983587_032026-F.jpg,https://http2.mlstatic.com/D_NQ_NP_2X_894818-MLA109039092886_032026-F.jpg,https://http2.mlstatic.com/D_NQ_NP_2X_774487-MLA109877904799_032026-F.jpg",Gbr,Máquinas de humo
MLA1729525181,Bomba Repuesto Gbr Maquina De Humo 1200-1500 Y Otras Marcas,"BOMBA GBR
220-240V 31w
Ideal para maquinas de humo de 1200 a 1500w",in stock,new,83999.00 ARS,https://tecnoshow.vercel.app/#MLA1729525181,https://http2.mlstatic.com/D_NQ_NP_2X_606364-MLA117912464613_092026-F.jpg,"https://http2.mlstatic.com/D_NQ_NP_2X_830984-MLA109880776793_032026-F.jpg,https://http2.mlstatic.com/D_NQ_NP_2X_788007-MLA109880596775_032026-F.jpg",Gbr,Máquinas de humo
MLA616940494,Liquido Maquina De Humo - Usa Liquids Profesional Bidon 5 L,"Liquido Maquina De Humo - Usa Liquids Profesional Bidon 5 L
TECNOSHOWI",in stock,new,65999.00 ARS,https://tecnoshow.vercel.app/#MLA616940494,https://http2.mlstatic.com/D_NQ_NP_2X_935875-MLA117913179761_092026-F.jpg,"https://http2.mlstatic.com/D_NQ_NP_2X_636721-MLA70974950442_082023-F.jpg,https://http2.mlstatic.com/D_NQ_NP_2X_871278-MLA71010883871_082023-F.jpg",Usa Liquids,Máquinas de humo
MLA3127730672,Bomba Repuesto Maquina De Humo 600 800 900 Mlb Fog Pls Y Mas,"BOMBA GBR 18 WATT
TENSION 220-240V CONSUMO  18W
Ideal para maquinas de humo de 600 W , 900w Y 1000w",in stock,new,52498.00 ARS,https://tecnoshow.vercel.app/#MLA3127730672,https://http2.mlstatic.com/D_NQ_NP_2X_824351-MLA117913227375_092026-F.jpg,https://http2.mlstatic.com/D_NQ_NP_2X_845195-MLA109878981643_032026-F.jpg,Gbr,Máquinas de humo
MLA616942298,Liquido De Burbujas Usa Liquids 5 Litros Profesional Bubble,Liquido De Burbujas Usa Liquids 5 Litros Profesional Bubble,in stock,new,48999.00 ARS,https://tecnoshow.vercel.app/#MLA616942298,https://http2.mlstatic.com/D_NQ_NP_2X_944246-MLA116412367146_092026-F.jpg,"https://http2.mlstatic.com/D_NQ_NP_2X_806847-MLA114023814900_072026-F.jpg,https://http2.mlstatic.com/D_NQ_NP_2X_689186-MLA114023934774_072026-F.jpg,https://http2.mlstatic.com/D_NQ_NP_2X_643980-MLA114023434288_072026-F.jpg",TecnoShow,Máquinas de humo
MLA1729509867,Bomba Repuesto Maquina De Humo 600- 400 Mlb Fog Pls Y Mas,"BOMBA GBR
220-240V 11W
Ideal para maquinas de humo de 600w /400w",in stock,new,41998.00 ARS,https://tecnoshow.vercel.app/#MLA1729509867,https://http2.mlstatic.com/D_NQ_NP_2X_720699-MLA117912231057_092026-F.jpg,"https://http2.mlstatic.com/D_NQ_NP_2X_660576-MLA109045825340_032026-F.jpg,https://http2.mlstatic.com/D_NQ_NP_2X_857612-MLA109878947693_032026-F.jpg",Gbr,Máquinas de humo
MLA1508620154,"Control Inalambrico Maquina De Humo Gbr, Antari,mlb Tecshow","Control Inalambrico Maquina De Humo Gbr, Antari,mlb Tecshow
Garantía de fábrica: 30 días",in stock,new,41998.00 ARS,https://tecnoshow.vercel.app/#MLA1508620154,https://http2.mlstatic.com/D_NQ_NP_2X_886858-MLA117912231217_092026-F.jpg,"https://http2.mlstatic.com/D_NQ_NP_2X_887008-MLA71656689144_092023-F.jpg,https://http2.mlstatic.com/D_NQ_NP_2X_976955-MLA71656709060_092023-F.jpg,https://http2.mlstatic.com/D_NQ_NP_2X_857584-MLA71656718892_092023-F.jpg",Gbr,Máquinas de humo
MLA1976637175,Pack 4 Liquido De Humo 1 Lt Linea Classic Gbr El Mejor,"COMBO X4 LÍQUIDO DE HUMO PROFESIONAL 1 LITRO C/U
LÍQUIDO DE HUMO DE ALTA CALIDAD PARA MÁQUINAS DE HUMO
IDEAL PARA EVENTOS, BOLICHES, FIESTAS, DJ, ESCENARIOS Y SHOWS
CONTENIDO DEL COMBO
4 BOTELLAS DE 1 LITRO CADA UNA
TOTAL: 4 LITROS
CARACTERÍSTICAS
HUMO DENSO Y BLANCO
NO TÓXICO
NO DEJA RESIDUOS
NO DAÑA LA MÁQUINA
AROMA NEUTRO
APTO PARA TODO TIPO DE MÁQUINAS DE HUMO
USO PROFESIONAL Y HOGAREÑO
APLICACIONES
BOLICHES
EVENTOS
FIESTAS
ESCENARIOS
CABINAS DE DJ
TEATROS",in stock,new,37999.00 ARS,https://tecnoshow.vercel.app/#MLA1976637175,https://http2.mlstatic.com/D_NQ_NP_2X_933519-MLA82149427551_012025-F.jpg,"https://http2.mlstatic.com/D_NQ_NP_2X_690114-MLA105430601675_012026-F.jpg,https://http2.mlstatic.com/D_NQ_NP_2X_810955-MLA105430601887_012026-F.jpg,https://http2.mlstatic.com/D_NQ_NP_2X_922729-MLA104862703960_012026-F.jpg",Gbr,Máquinas de humo
MLA1508607038,Control Remoto Maquina De Humo Gbr Antari Pls Venetian Otras,"Control Remoto Maquina De Humo Gbr Antari Pls Venetian Y Otros modelos y Marcas
Color Negro
Garantía de fábrica: 30 días",in stock,new,36750.00 ARS,https://tecnoshow.vercel.app/#MLA1508607038,https://http2.mlstatic.com/D_NQ_NP_2X_816048-MLA117913345331_092026-F.jpg,"https://http2.mlstatic.com/D_NQ_NP_2X_878081-MLA71656688208_092023-F.jpg,https://http2.mlstatic.com/D_NQ_NP_2X_969367-MLA71656688216_092023-F.jpg",Gbr,Máquinas de humo
MLA3769059910,Liquido De Humo Profesional 5 Lts Dj Boliche Eventos Show,"LÍQUIDO PARA MÁQUINA DE HUMO GBR BIDÓN 5 LITROS
CARACTERÍSTICAS:
• MARCA: GBR
• CONTENIDO: 5 LITROS
• PRESENTACIÓN: BIDÓN
• LÍQUIDO PARA MÁQUINAS DE HUMO
• GENERA HUMO PARA EFECTOS DE ILUMINACIÓN Y AMBIENTACIÓN
• IDEAL PARA DISCOTECAS, DJ, FIESTAS, EVENTOS Y ESCENARIOS
• APTO PARA MÁQUINAS DE HUMO COMPATIBLES CON LÍQUIDO A BASE DE AGUA
• LISTO PARA USAR
• USO PROFESIONAL Y PARTICULAR
IDEAL PARA UTILIZAR EN CONJUNTO CON LUCES LED, LÁSER, CABEZALES MÓVILES Y OTROS EFECTOS DE ILUMINACIÓN, PERMITIENDO RESALTAR LOS HACES DE LUZ Y MEJORAR EL EFECTO VISUAL.
CONTENIDO DE LA COMPRA:
• 1 BIDÓN DE LÍQUIDO PARA MÁQUINA DE HUMO GBR DE 5 LITROS",in stock,new,35999.00 ARS,https://tecnoshow.vercel.app/#MLA3769059910,https://http2.mlstatic.com/D_NQ_NP_2X_682613-MLA114584877552_082026-F.jpg,"https://http2.mlstatic.com/D_NQ_NP_2X_812976-MLA115944204683_082026-F.jpg,https://http2.mlstatic.com/D_NQ_NP_2X_674822-MLA115944204685_082026-F.jpg",Gbr,Máquinas de humo
MLA616940822,Liquido Maquina De Humo - Usa Liquids Profesional Bidon 1 Lt,"Bidón de líquido de humo normal de un litro
CON GARANTIA LIMITADA DE TECNOSHOW ARGENTINA Y DE USA LIQUID DE 6 MESES A PARTIR DE LA FECHA DE VENTA , SEGUN TERMINOS Y CONDICIONES PRECIO SUPER REBAJADO DEL PRODUCTO HASTA AGOTAR STOCK DE 1 UNIDADES",in stock,new,20999.00 ARS,https://tecnoshow.vercel.app/#MLA616940822,https://http2.mlstatic.com/D_NQ_NP_2X_940507-MLA31009478651_062019-F.jpg,"https://http2.mlstatic.com/D_NQ_NP_2X_986806-MLA110167198763_042026-F.jpg,https://http2.mlstatic.com/D_NQ_NP_2X_663913-MLA110167108843_042026-F.jpg,https://http2.mlstatic.com/D_NQ_NP_2X_507911-MLA20675971440_042016-F.jpg",Usa Liquid,Máquinas de humo
MLA616941870,Liquido De Humo Usa Liquids 1 Litros Linea Disco Dj Liviano,"Bidón de un litro de liquido de humo normal
CON GARANTIA LIMITADA DE TECNOSHOW ARGENTINA Y DE USA LIQUID DE 6 MESES A PARTIR DE LA FECHA DE VENTA , SEGUN TERMINOS Y CONDICIONES PRECIO SUPER REBAJADO DEL PRODUCTO HASTA AGOTAR STOCK DE 1 UNIDADES",in stock,new,17999.00 ARS,https://tecnoshow.vercel.app/#MLA616941870,https://http2.mlstatic.com/D_NQ_NP_2X_675642-MLA94002149071_102025-F.jpg,https://http2.mlstatic.com/D_NQ_NP_2X_523911-MLA20675984953_042016-F.jpg,Usa Liquids,Máquinas de humo
MLA3163396206,Liquido Para Maquina De Humo 1 Litro Usa Liquids Dj Disco,"Fluidos USA SMOKE “DISCO & DJ” línea completa de fluidos USA LIQUIDS para efectos especiales, Ofrecer un ligero efecto de niebla y de baja densidad fueron desarrollados para producciones de teatro, la televisión, con fines de entretenimiento, pequeños clubes y Deejay aplicaciones Móvil y conciertos,
EE,UU, “Disco & DJ” están disponibles en galones de 1 litro y 5 litros,
MSDS Certificación (INTI): 23-3762/08-03-2005 Folio 1/6,
-Compatible con todas las maquinas del mercado,
-No tapa las maquinas,
-No irrita los ojos,
Sin garantía",in stock,new,17499.00 ARS,https://tecnoshow.vercel.app/#MLA3163396206,https://http2.mlstatic.com/D_NQ_NP_2X_943897-MLA117913227483_092026-F.jpg,https://http2.mlstatic.com/D_NQ_NP_2X_682184-MLA110167135207_042026-F.jpg,TecnoShow,Máquinas de humo
MLA896559332,Llave Interruptor Con Luz Repuesto Máquina De Humo F1500,"LLAVE INTERRUPTORA DE MAQUINA DE HUMO PLS F 15000
No. de Modelo: RS606 T105/55
8 AMPER
Datos que figuran en la página del fabricante
16A 250V, 16A 125V
Resistencia de contacto: <20
Resistencia de aislamiento: >100
Intensidad dieléctrica: Vida eléctrica de >1800VAC/3S: 10000cycles",in stock,new,5773.00 ARS,https://tecnoshow.vercel.app/#MLA896559332,https://http2.mlstatic.com/D_NQ_NP_2X_823456-MLA117913169779_092026-F.jpg,"https://http2.mlstatic.com/D_NQ_NP_2X_875685-MLA110429259423_042026-F.jpg,https://http2.mlstatic.com/D_NQ_NP_2X_925228-MLA110430596937_042026-F.jpg,https://http2.mlstatic.com/D_NQ_NP_2X_647303-MLA110430000417_042026-F.jpg",Pls Llave,Máquinas de humo
MLA1147209511,Micrófono Dinámico Shure Sv200 Cardioide Con Cable Color Negro,"Micrófono Dinámico SHURE SV200:
Micrófono de voz cardioide que reduce la retroalimentación y ofrece un sonido nítido y vibrante. Incluye rejilla resistente a abolladuras y cable XLR-XLR duradero.
Este micrófono Shure se puede utilizar para karaoke, refuerzo de sonido y aplicaciones de grabación. Su amplia respuesta de frecuencia, patrón de captación unidireccional y alta salida hacen que las actuaciones vocales suenen claras y vibrantes. También es adecuado para la toma de instrumentos. El micrófono cardioide vocal reduce la retroalimentación y ofrece un sonido nítido y vibrante. Incluye rejilla resistente a abolladuras y cable XLR-XLR.
Especificaciones:
- Micrófono dinámico
- Patrón polar cardioide.
- Equilibrado, baja impedancia (600 ohmios).
- Nivel de salida de -52 dBV/Pa (2,5 mV).
- Respuesta de frecuencia de 50 a 15.000 Hz. Interruptor deslizante de encendido/apagado.
- Conector de salida XLR macho.
¿Qué incluye?
- Micrófono de mano para voces en vivo, karaoke y presentaciones
- Cápsula dinámica con patrón polar cardioide
- El SV200-W incluye el SV200 con conmutador On / Off, cable, rejilla y guía de usuario.",in stock,new,125998.00 ARS,https://tecnoshow.vercel.app/#MLA1147209511,https://http2.mlstatic.com/D_NQ_NP_2X_966885-MLA100470165692_122025-F.jpg,"https://http2.mlstatic.com/D_NQ_NP_2X_876716-MLA100470205190_122025-F.jpg,https://http2.mlstatic.com/D_NQ_NP_2X_636421-MLU76357935754_052024-F.jpg,https://http2.mlstatic.com/D_NQ_NP_2X_947222-MLA100469433800_122025-F.jpg",Shure,Micrófonos
MLA1160870652,Micrófono Dinámico Shure Sv100 Multipropósito Con Cable Color Negro/Plateado,"Encontrá el micrófono más adecuado para tus necesidades, tanto si buscás uno vocal, de instrumento o inalámbrico. Desde 1925, artistas y entusiastas de la música de todo el mundo han elegido a Shure por el rendimiento incomparable de sus productos.
Fiel reflejo de la realidad
Diseñado para amortiguar los golpes y ruidos de manipulación. Totalmente dinámico, solo debés conectarlo y empezar a grabar.
Un formato a tu medida
Su dinamismo lo hace ideal para vocalistas e instrumentos. Resulta liviano y se adapta a todo tipo de pies o soportes. Al no necesitar fuente de alimentación, te brindará un alto grado de autonomía para un uso tanto en exteriores como en interiores.
Diseño eficaz
Su patrón polar cardioide ofrece una mayor sensibilidad hacia los sonidos frontales, y así evita los ruidos provenientes de la parte posterior.
Especificaciones:
- Micrófono dinámico.
- Rango de frecuencia 50 a 15,000 Hz.
- Patrón polar cardioide.
- Impedancia de salida 600 ohmios.
- Interruptor on/off.
- Nivel de salida de -52dBV/Pa (2.5mV)
- Conector plug.
¿Qué incluye?
- 1 - Cable ultra durable, para usar con sistemas de grabación/karaoke domésticos o portátiles.",in stock,new,94498.00 ARS,https://tecnoshow.vercel.app/#MLA1160870652,https://http2.mlstatic.com/D_NQ_NP_2X_998774-MLA95936697353_102025-F.jpg,"https://http2.mlstatic.com/D_NQ_NP_2X_790676-MLA100473690318_122025-F.jpg,https://http2.mlstatic.com/D_NQ_NP_2X_709103-MLA100967297695_122025-F.jpg,https://http2.mlstatic.com/D_NQ_NP_2X_825433-MLA115017182771_072026-F.jpg",Shure,Micrófonos
MLA3163863144,Micrófono Shure SM SM58-LC dinámico cardioide gris oscuro/plateado,"Microfono vocal Shure SM58 (Distribuidor Oficial)
Micrófono vocal cardioide legendario diseñado para ofrecer una reproducción vocal cálida y clara. El producto incluye un adaptador de soporte, rango medio iluminado y reducción de graves, un sistema de montaje de amortiguación neumática y un filtro de aire y pop empotrado incorporado.
El SM58 una elección ideal para un artista vocal profesional en cualquier escenario de interpretación en vivo. Está afinado para acentuar la calidez y la claridad de las voces principales y de acompañamiento. Incluso en condiciones extremas, el SM58 está diseñado para enfocarse en la fuente de sonido principal y minimizar el ruido de fondo. También es muy popular entre los djs y presentadores en los clubes y en salas de conciertos pequeños y grandes.
La construcción duradera, un sistema probado de montaje en amortiguación y una rejilla de malla de acero garantizan que, incluso con un manejo rudo, el SM58 funcionará de forma consistente, en exteriores o en interiores.
Características:
• Respuesta de frecuencia adaptada para voces, con rango medio aclarado y atenuación de bajos
• El patrón uniforme de captación cardioide aísla la fuente de sonido principal y minimiza el ruido de fondo
-El sistema neumático de montaje de amortiguación reduce el ruido de manejo
-Eficaz filtro de viento y pop esférico incorporado
-Se suministra con un adaptador de soporte resistente a roturas que gira 180 grados
-La legendaria calidad, robustez y confiabilidad de Shure
-Dinámica cardioide (unidireccional)
-Respuesta de frecuencia: 50 a 15,000 Hz",in stock,new,419998.00 ARS,https://tecnoshow.vercel.app/#MLA3163863144,https://http2.mlstatic.com/D_NQ_NP_2X_978335-MLA95685181278_102025-F.jpg,"https://http2.mlstatic.com/D_NQ_NP_2X_739323-MLA47165906850_082021-F.jpg,https://http2.mlstatic.com/D_NQ_NP_2X_684910-MLA47166064071_082021-F.jpg,https://http2.mlstatic.com/D_NQ_NP_2X_949802-MLU72932991483_112023-F.jpg",Shure,Micrófonos
MLA1379114317,Set X2 Micrófonos Inalámbricos Skp Uhf-300d Dinámicos 70mts,"Este moderno sistema de SKP, posee dos micrófonos inalámbricos con canales independientes, además posee un receptor con doble antena lo que garantiza una excelente calidad de sonido y un gran alcance, este sistema está diseñado para animadores, cantantes, eventos entre otros.
CARACTERÍSTICAS:
- Frecuencia de trabajo – 668-674 mhz / 680-692mhz.
- Estabilidad de frecuencia – ± 30ppm.
- Rango dinámico – más de 90DB.
- Distorsión armónica – Menos de 0.1%.
- Respuesta de frecuencia – 30hz – 20khz ± 2DB.
- Nivel de salida - ± 400mv (Mezclada ±200mV).
RECEPTOR:
- Relación señal ruido – Más de 90DB.
- Imagen y rechazo de espurias – Mas de 80DB.
- Sensibilidad de recepción – 10DBuv.
MICROFONO:
- Potencia del transmisor – 10MW.
- Tipo de modulación – FSK.
- Desviación máxima – ± 25KHZ.
- Emisión de espurias – Más de 40DB (Con portadora).
- Alimentación – 1.
- 5V x2. PILAS NO INCLUIDAS
- Uso continuo – 11 horas.
- Delay de transmisión – 3 ms.",in stock,new,251998.00 ARS,https://tecnoshow.vercel.app/#MLA1379114317,https://http2.mlstatic.com/D_NQ_NP_2X_846071-MLA111633135401_052026-F.jpg,"https://http2.mlstatic.com/D_NQ_NP_2X_800976-MLA111634166289_052026-F.jpg,https://http2.mlstatic.com/D_NQ_NP_2X_925825-MLA110665011879_042026-F.jpg,https://http2.mlstatic.com/D_NQ_NP_2X_691869-MLU74087590215_012024-F.jpg",SKP Pro Audio,Micrófonos
MLA825000262,Micrófono Behringer C1 Condensador Cardioide Color Dorado,"MICRÓFONO CONDENSER BEHRINGER C1
CARACTERÍSTICAS:
Micrófono profesional de condensador de diafragma grande para una calidad de sonido extraordinaria
Perfecto como micrófono principal o de apoyo para aplicaciones en estudio o en directo
Respuesta de frecuencia extremadamente lineal y elevada resolución de sonido
Característica cardioide para separación de las fuentes de sonido y rechazo de feedback excepcionales
Circuito FET sin transformador de ruido ultra bajo
Indicación de funcionamiento mediante alimentación fantasma por LED
Conector de salida XLR bañado en oro para una transmisión del señal perfecta
Construcción robusta en bronce niquelado satinado
Soporte en suspensión rotable y estuche de transporte incluidos",in stock,new,209998.00 ARS,https://tecnoshow.vercel.app/#MLA825000262,https://http2.mlstatic.com/D_NQ_NP_2X_995549-MLA99506617098_112025-F.jpg,"https://http2.mlstatic.com/D_NQ_NP_2X_923117-MLA82915226103_032025-F.jpg,https://http2.mlstatic.com/D_NQ_NP_2X_942923-MLA82628313778_032025-F.jpg,https://http2.mlstatic.com/D_NQ_NP_2X_656513-MLA82628313790_032025-F.jpg",Behringer,Micrófonos
MLA1531388249,Micrófono Inalámbrico SKP Pro Audio SA UHF 600 PRO de Mano 2 Unidades,"El micrófono dual inalámbrico SKP con transmisión digital UHF 600 Pro es ideal para quienes buscan calidad y practicidad en sus presentaciones o actuaciones.
Con dos micrófonos de mano inalámbricos, tendrás libertad de movimiento y una transmisión estable, gracias a la tecnología UHF.
El modelo UHF-600 Pro tiene un patrón polar cardioide, lo que garantiza una captura de sonido precisa.
Con una frecuencia mínima de 30 Hz y una máxima de 20 kHz, tendrás una reproducción fiel y detallada de los sonidos.
Además, el micrófono tiene un diseño elegante en color negro, perfecto para cualquier ocasión.",in stock,new,346498.00 ARS,https://tecnoshow.vercel.app/#MLA1531388249,https://http2.mlstatic.com/D_NQ_NP_2X_703089-MLA100007990879_122025-F.jpg,"https://http2.mlstatic.com/D_NQ_NP_2X_619733-MLU77791279957_072024-F.jpg,https://http2.mlstatic.com/D_NQ_NP_2X_686350-MLA86437015120_062025-F.jpg,https://http2.mlstatic.com/D_NQ_NP_2X_723354-MLA86756709261_062025-F.jpg",SKP Pro Audio,Micrófonos
MLA874008504,Microfono Behringer C3 Condensador Estudio Con Pipeta Plateado,"BEHRINGER C3
Micrófono profesional de condensador con diafragma doble para aplicaciones de estudio y directo
Ideal como micrófono profesional o de apoyo en estudio y directo
Patrón polar cardioide, omnidireccional y de figura de ocho seleccionables
Transductor de gradiente de presión con cápsula de diafragma doble amortiguada
Estupendo para instrumentos acústicos, piano, ambientes, etc.
Respuesta en frecuencia extremadamente plana y resolución de sonido ultraalta
Circuito FET sin transformador que elimina distorsión en bajas frecuencias
Indicador LED para la alimentación fantasma
Construcción extremadamente robusta y cuerpo fundido a presión
Conector de salida XLR bañado en oro para una transmisión óptima de señal
Suspensión giratoria y estuche de transporte incluido",in stock,new,334948.00 ARS,https://tecnoshow.vercel.app/#MLA874008504,https://http2.mlstatic.com/D_NQ_NP_2X_640462-MLA99933038861_112025-F.jpg,"https://http2.mlstatic.com/D_NQ_NP_2X_734339-MLA99933078459_112025-F.jpg,https://http2.mlstatic.com/D_NQ_NP_2X_802924-MLA113309013437_062026-F.jpg,https://http2.mlstatic.com/D_NQ_NP_2X_929371-MLA113309187517_062026-F.jpg",Behringer,Micrófonos
MLA844302505,Micrófonos Behringer C-2 Condensador Cardioide color plateado,"2 micrófonos de condensador combinados para grabación en estudio estéreo y aplicaciones en vivo
Ideal como micrófonos principales y de soporte para aplicaciones de estudio y en vivo.
Patrón de captación cardioide para la eliminación efectiva de la retroalimentación
Diafragma de baja masa para una respuesta de frecuencia ultra ancha y una reproducción de sonido excelente
Roll-off de baja frecuencia conmutable y atenuación de entrada
La entrada FET sin transformador de ruido ultra bajo elimina la distorsión de baja frecuencia
Construcción ultra resistente con cuerpo de metal fundido a presión.
Conector XLR de 3 clavijas chapado en oro para la máxima integridad de la señal
Diseñado y fabricado en Alemania.
Los micrófonos C-2 están diseñados para capturar la interpretación de un coro, un piano o cualquier otra fuente de sonido acústico o vocal para proporcionar un sonido hermoso y real. Vendidos en pares perfectamente combinados, estos excelentes micrófonos C-2 son ideales para guitarras acústicas y estudios de batería aérea y aplicaciones de sonido en vivo.
¿Qué es un micrófono de condensador?
Un micrófono de condensador es la opción ideal para capturar voces o instrumentos acústicos, ya sea en vivo o en escenarios de grabación. Por su propia naturaleza, los micrófonos de condensador son mucho más sensibles que los micrófonos dinámicos, lo que les permite captar incluso las señales más sutiles. Gracias a su patrón cardioide (en forma de corazón), los micrófonos C-2 captan la señal de su fuente mientras rechazan los sonidos fuera del eje que pueden arruinar una grabación perfecta. Otra diferencia entre los micrófonos de condensador y dinámicos es que contienen un circuito activo que requiere alimentación fantasma (+48 V CC) para funcionar. Puede alimentarlos desde cualquier mezclador Behringer XENYX equipado con alimentación phantom, además de disfrutar de los beneficios de nuestros preamplificadores de micrófono XENYX de última generación.
Sonido que asombra
Una vez conectado a su sistema de sonido, notará que estos micrófonos gemelos de calibre profesional tienen una respuesta de frecuencia excepcionalmente plana (un aumento promedio de 4 dB entre 1 kHz y 8 kHz). Para aquellos de ustedes que son nuevos en los micrófonos de condensador, esto básicamente significa que obtendrán un sonido ligeramente más brillante, que le dará la forma perfecta a los platillos y la microfonía aérea. Los pianos acústicos y los coros también se beneficiarán enormemente de esta respuesta de frecuencia. El patrón de captación cardioide proporciona una separación de fuente de sonido y un rechazo de retroalimentación sin igual. Los micrófonos C-2 contienen circuitos de entrada FET sin transformador de ruido ultra bajo que pueden manejar dinámicas extremas (de 20 Hz a 20 kHz) y tienen un nivel máximo de presión de sonido de 150 dB. Los micrófonos C-2 también cuentan con una atenuación de baja frecuencia conmutable para eliminar los infrasónicos (",in stock,new,219448.00 ARS,https://tecnoshow.vercel.app/#MLA844302505,https://http2.mlstatic.com/D_NQ_NP_2X_838004-MLA99931287873_112025-F.jpg,"https://http2.mlstatic.com/D_NQ_NP_2X_899352-MLA99931415461_112025-F.jpg,https://http2.mlstatic.com/D_NQ_NP_2X_940282-MLA99931287891_112025-F.jpg,https://http2.mlstatic.com/D_NQ_NP_2X_779051-MLA95502111950_102025-F.jpg",Behringer,Micrófonos
MLA1511848081,Micrófonos PRO 33K Dinámico Cardioide color negro SKP Pro Audio,"Prepará tu escenario o estudio con el Set de 3 Micrófonos Dinámicos SKP PRO-33K. Este kit está diseñado para ofrecer una alta sensibilidad y una reproducción vocal e instrumental clara, ideal para capturar cada matiz de tu performance. Cada micrófono cuenta con un patrón polar cardioide que enfoca el sonido en la fuente principal, reduciendo el ruido ambiente y minimizando la retroalimentación. Las cápsulas Made in Germany aseguran una calidad de sonido superior y una respuesta en frecuencia de 50Hz a 16KHz, ideal para voces e instrumentos.
Set de Micrófonos SKP PRO-33K X3 – Dinámicos Cardioides Profesionales
Tipo
- Micrófonos dinámicos profesionales
- Micrófonos de mano / vocales
- Pack x3 unidades
Patrón polar
- Cardioide
- Captación direccional
- Reducción de ruidos laterales
Cápsula
- Cápsulas Made in Germany
- Alta sensibilidad y confiabilidad
Respuesta y rendimiento
-  Respuesta en frecuencia: 50 Hz – 16 kHz
-  Sensibilidad: −75 dB ±3 dB (@ 1 kHz)
-  Sonido claro y definido para voz
Impedancia
-  Impedancia de salida: 600 ohms ±30 % (@ 1 kHz)
Conectividad
- Salida balanceada
- Conector XLR
- No incluye cables
Diseño y construcción
- Cuerpo metálico
- Construcción robusta para uso profesional
Accesorios incluidos
- Pipetas / soportes para micrófono (x3)
- Adaptadores de pie (x3)
- Caja plástica rígida para transporte
- Peso: Bruto del set: 1,2 kg",in stock,new,127048.00 ARS,https://tecnoshow.vercel.app/#MLA1511848081,https://http2.mlstatic.com/D_NQ_NP_2X_836922-MLA107244242529_022026-F.jpg,"https://http2.mlstatic.com/D_NQ_NP_2X_873249-MLU72651490483_112023-F.jpg,https://http2.mlstatic.com/D_NQ_NP_2X_658134-MLA99384748934_112025-F.jpg,https://http2.mlstatic.com/D_NQ_NP_2X_743111-MLU72824205765_112023-F.jpg",SKP Pro Audio,Micrófonos
MLA1379055949,Micrófono De Mano Skp Pro-57,"Con el micrófono SKP descubrirás una nueva forma de captar y emitir audios.
Fiel reflejo de la realidad
Diseñado para amortiguar los golpes y ruidos de manipulación. Totalmente dinámico, sólo tienes que conectarlo y empezar a grabar.
Un formato a tu medida
Su dinamismo lo hace ideal para vocalistas e instrumentos. Resulta liviano y se adapta a todo tipo de pies o soportes. Al no necesitar fuente de alimentación, te brindará un alto grado de autonomía para un uso tanto en exteriores como en interiores.
Diseño eficaz
Su patrón polar cardioide ofrece una mayor sensibilidad hacia los sonidos frontales, y así evita los ruidos provenientes de la parte posterior.
CARACTERÍSTICAS:
Tipo: Dinámico
Patron Polar: Cardioide
Respuesta en Frecuencia: 60Hz-16kHz
Impedancia de salida: 600Ohms
Sensibilidad: -77dB ±3dB
Cable: 17ft (5m)
Conector: TRS 1/4"" (6.5mm)
Caja: Carton con bolsa de cuero para el viaje
Cuerpo: Metal",in stock,new,94498.00 ARS,https://tecnoshow.vercel.app/#MLA1379055949,https://http2.mlstatic.com/D_NQ_NP_2X_785343-MLA99501259170_112025-F.jpg,"https://http2.mlstatic.com/D_NQ_NP_2X_906372-MLU74074061736_012024-F.jpg,https://http2.mlstatic.com/D_NQ_NP_2X_661022-MLU72567832376_112023-F.jpg,https://http2.mlstatic.com/D_NQ_NP_2X_835124-MLU73811572973_012024-F.jpg",TecnoShow,Micrófonos
MLA1379059665,Microfono Profesional Skp Pro 40 Dinamico Unidireccional Color Negro,"Capturá tu voz o instrumentos con el micrófono  SKP PRO-40 . Su cápsula Made in Germany y patrón cardioide dinámico garantizan un sonido claro y enfocado, ideal para estudio o escenario. Con un robusto cuerpo metálico, interruptor de encendido/apagado y un cable XLR a Plug (6.35mm) de 5 metros, está listo para conectarse y rendir al máximo.
Características:
- Patrón Polar: Cardioide
- Cápsula Made In Germany
- Tipo: Dinámico
- Interruptor de Encendido/Apagado
- Patrón Polar: Cardioide
- Respuesta en Frecuencia: 50Hz a 16KHz
- Impedancia de Salida: 600 Ohm ±30% (a 1KHz)
- Sensibilidad: -75dB ±3dB (a 1KHz)
- Cable: 17 ft (5m)
- Conector: TRS 1/4 (6.35mm)
- Cuerpo: Metálico
- Peso Bruto: 780gr",in stock,new,48999.00 ARS,https://tecnoshow.vercel.app/#MLA1379059665,https://http2.mlstatic.com/D_NQ_NP_2X_648249-MLA109558737810_042026-F.jpg,"https://http2.mlstatic.com/D_NQ_NP_2X_761759-MLA110433849399_042026-F.jpg,https://http2.mlstatic.com/D_NQ_NP_2X_895852-MLA110433849415_042026-F.jpg,https://http2.mlstatic.com/D_NQ_NP_2X_819124-MLA109558563114_042026-F.jpg",SKP Pro Audio,Micrófonos
MLA1456552978,Microfono Dinamico Profesional Skp Pro20 Negro,"Descubre el Micrófono Dinámico Profesional SKP Pro20, la herramienta ideal para vocalistas y presentadores que buscan calidad y versatilidad en un solo dispositivo. Con un patrón polar cardioide, este micrófono minimiza los ruidos de fondo, centrándose en la voz del usuario. Su diseño robusto en metal garantiza durabilidad, mientras que su caja plástica proporciona un manejo cómodo y ligero. Con un cable de 2 metros de longitud, disfrutarás de la libertad de movimiento en el escenario o estudio. Este micrófono de mano no es inalámbrico, lo que asegura una conexión confiable sin interferencias. Disfruta de una respuesta en frecuencia de 50Hz a 16KHz y una sensibilidad de -75dB, ideales para una captura de sonido clara y precisa. El SKP Pro20 es el compañero perfecto para tus actuaciones, ensayos o grabaciones. Escolha qualidade e performance com o micrófono SKP Pro20.",in stock,new,47248.00 ARS,https://tecnoshow.vercel.app/#MLA1456552978,https://http2.mlstatic.com/D_NQ_NP_2X_643492-MLA99963137097_112025-F.jpg,"https://http2.mlstatic.com/D_NQ_NP_2X_805584-MLA99479077728_112025-F.jpg,https://http2.mlstatic.com/D_NQ_NP_2X_960162-MLA99963284855_112025-F.jpg,https://http2.mlstatic.com/D_NQ_NP_2X_608104-MLA99478910358_112025-F.jpg",Skp,Micrófonos
MLA1457369906,Set Micrófono Inalámbrico De Mano Skp Uhf-400d Con Body Pack Color Negro,"El Micrófono Inalámbrico SKP UHF-400D te ofrece una solución de audio completa y versátil. Incluye micrófono de mano y bodypack (con opciones para corbatero/lavalier y vincha/headset), adaptándose a cualquier necesidad. Con una respuesta de frecuencia de 30 Hz a 20 KHz, asegura un sonido claro y definido, y una duración de batería de más de 5 horas de uso continuo. Su sistema UHF garantiza estabilidad con 96dB de relación señal-ruido y sincronización IR, mientras que las salidas XLR y 1/4'' ofrecen conectividad profesional. Todo esto, protegido en una valija de PVC para fácil transporte.
Caracteristicas:
-  Micrófono Inalámbrico de Mano y Bodypack (Lavaliere o Headset)
-  Duración de Baterías: > 5 horas (uso continuo)
-  Salida de Audio: 2 x XLR Balanceada; 1 x 1/4'' Jack (mix)
-  Incluye Cable 1/4''
-  Micrófono Lavaliere o Corbatero
-  Micrófono VincHa o Headset
-  Pipeta para Micrófono
-  Valija de PVC para su Protección, Guardado y Transport
-  Frecuencia Portadora 470-558 MHz
-  Respuesta de frecuencia 30 Hz – 20 KHz - +/- 2 dB
-  Frecuencia de Trabajo: 470-558 MHz / 668-674 MHz / 680-692 MHz (Dependiendo la región)
-  Relación Señal-Ruido: 96dB
-  Rango dinámico 96 dB
-  Distorsión <0,3%
PAQUETE DE MANO Y BODY-PACK
-  Conmutador de frecuencia IR Sync
-  Radiación armónica: < -50 dBc
-  Duración de la batería: >5 h
-  Potencia de salida: 10 mW
-  Batería: 2 pilas AA de 1,5V
RECEPTOR:
-  Relación señal/ruido: 96dB
-  Sensibilidad de recepción: -95 dBm
-  Retardo de transmisión: <3 ms
-  Salida de audio 1x6,3 mm; 2 salidas XLR balanceadas
Información Logística:
-  Medidas de la Caja: 321 x 104 x 435 mm
-  Peso: 2.9Kg",in stock,new,262498.00 ARS,https://tecnoshow.vercel.app/#MLA1457369906,https://http2.mlstatic.com/D_NQ_NP_2X_873050-MLA105897614500_022026-F.jpg,"https://http2.mlstatic.com/D_NQ_NP_2X_784601-MLA99486961546_112025-F.jpg,https://http2.mlstatic.com/D_NQ_NP_2X_675432-MLA106510413229_022026-F.jpg,https://http2.mlstatic.com/D_NQ_NP_2X_734349-MLA105898611182_022026-F.jpg",SKP Pro Audio,Micrófonos
MLA1491209855,Micrófono Inalámbrico Lexsen 2h2 De Mano Uhf 2 En 1 Color Negro,"MICROFONO INALAMBRICO LEXSEN 2H2
RECEPTOR
FRECUENCIA PORTADORA: 630-660 MHz
RANGO DINÁMICO: 96dB
DISTORSIÓN: 0.3%
RESPUESTA DE FRECUENCIA: 30-20KHz/+2dB
RELACIÓN SEÑAL/RUIDO: 96dB
SENSIBILIDAD DE RECEPCIÓN: -95dBm
DELAY EN TRANSMISIÓN: 3ms
FUENTE DE ALIMENTACIÓN: DC12V 500mA
SALIDA DE AUDIO: 1X6.3 mm, SALIDA DE BALANCE 2xXLR
MICRÓFONO DE MANO
FRECUENCIA DE PORTADA: 630-660MHz
POTENCIA DE SALIDA: 10 mV
RADIACIÓN ARMÓNICA: -50dBc
BATERÍA: 2X1 PILA AA DE 1.5V
DURACIÓN DE LA BATERÍA: 5H",in stock,new,188998.00 ARS,https://tecnoshow.vercel.app/#MLA1491209855,https://http2.mlstatic.com/D_NQ_NP_2X_962003-MLA97510327024_112025-F.jpg,"https://http2.mlstatic.com/D_NQ_NP_2X_732143-MLA99498285665_112025-F.jpg,https://http2.mlstatic.com/D_NQ_NP_2X_990544-MLU74109431402_012024-F.jpg,https://http2.mlstatic.com/D_NQ_NP_2X_662048-MLA99017639036_112025-F.jpg",Lexsen,Micrófonos
MLA1434787771,Microfono Skp Sm 57 Espectacular Para Instrumentos Negro,"Con el micrófono SKP descubrirás una nueva forma de capturar y transmitir audios.
Un formato que se adapta a ti
Su dinamismo lo hace ideal para vocalistas e instrumentos. Es ligero y se adapta a todo tipo de pies o soportes. Sin necesidad de una fuente de alimentación, te ofrecerá un alto grado de autonomía para usos externos e internos.
Diseño efectivo
Su patrón polar cardioide ofrece una mayor sensibilidad a los sonidos frontales, lo que evita el ruido proveniente de la parte posterior.",in stock,new,52498.00 ARS,https://tecnoshow.vercel.app/#MLA1434787771,https://http2.mlstatic.com/D_NQ_NP_2X_815314-MLA99531403038_122025-F.jpg,"https://http2.mlstatic.com/D_NQ_NP_2X_801915-MLA99531581230_122025-F.jpg,https://http2.mlstatic.com/D_NQ_NP_2X_922646-MLA99531631084_122025-F.jpg,https://http2.mlstatic.com/D_NQ_NP_2X_697666-MLA99531462388_122025-F.jpg",Skp,Micrófonos
MLA1546878010,Micrófono Condensador Behringer B1 De Diafragma Grande Oro,"Con el micrófono Behringer descubrirás una nueva forma de captar y emitir audios.\n\nFiel reflejo de la realidad\nCon este producto lograrás que la reproducción obtenida sea lo más parecida a la original. Excelente para grabar voces debido a su sensibilidad y amplio rango de frecuencia. \n\nUn formato a tu medida\nAl ser condensador, posibilitará un resultado claro y fino. Es ideal para percusiones, guitarras, pianos, entre otros. Por su respuesta tan definida ante la voz, es el más elegido por los profesionales. \n\nDiseño eficaz\nSu patrón polar cardioide ofrece una mayor sensibilidad hacia los sonidos frontales, y así evita los ruidos provenientes de la parte posterior.",in stock,new,427348.00 ARS,https://tecnoshow.vercel.app/#MLA1546878010,https://http2.mlstatic.com/D_NQ_NP_2X_971449-MLA99935489813_112025-F.jpg,"https://http2.mlstatic.com/D_NQ_NP_2X_791314-MLA98080804364_112025-F.jpg,https://http2.mlstatic.com/D_NQ_NP_2X_742822-MLA98552133653_112025-F.jpg,https://http2.mlstatic.com/D_NQ_NP_2X_805186-MLA98552143421_112025-F.jpg",Behringer,Micrófonos
MLA3372891502,Set Micrófono Inalámbrico De Mano Skp Uhf-700 Pro Body Pack Color Negro,"Este moderno sistema SKP UHF-700 PRO, posee 1 Micrófono Inalámbrico de Mano y como complemento un Micrófono tipo Vincha y otro Corbatero que se conectan al Body Pack con canales independientes. Posee 300 Canales de Frecuencia Independientes Seleccionables y un Receptor con Doble Antena lo que garantiza una excelente calidad de señal y un gran alcance. Incluye Maletín de PVC para su Guardado y Trasnporte.
CARACTERISITICAS:
- Micrófono Inalámbrico de Mano y Bodypack (Lavaliere o Headset)
- Modulación FM Digital
- Frecuencia: Variable
- 300 Canales Seleccionables
- Sincronización por IR
- Auto escaneo de Canales
- LCD Display
- Incluye Cable 1/4''
- Micrófono Lavaliere o Corbatero, Vincha o Headset
- Pipeta para Micrófono
- Valija Transportadora para su Protección y Guardado
ESPECIFICACIONES TÉCNICAS:
- Respuesta en Frecuencia: 30 Hz - 20 KHz
- Frecuencia de Trabajo: 520-550 MHz / 668-698 MHz / 668-698 MHz (Dependiendo la región)
- Relación Señal-Ruido: 96 dB
- Rango Dinámico: 96 dB
- Distorisión Armónica: < 0,3%
- Micrófono alimentado a Pilas 1.5V AA x 2 - ( NO Incluídas )
- Duración de baterías: >5 horas (Uso contínuo)
- Salida de audio: 2 x XLR Balanceada; 1 x 1/4'' Jack (mix)
PAQUETE DE MANO Y BODY-PACK
- Conmutador de frecuencia IR Sync
- Radiación armónica < -50 dBc
- Duración de la batería > 5 h
- Potencia de salida 10 mW
- Batería: 2 Pilas AA de 1,5 V ( NO Incluídas )
RECEPTOR:
- Relación Señal / Ruido: 96 dB
- Sensibilidad de Recepción -95 dBm
- Retardo de transmisión < 3 ms
- Salida de Audio 1 x 6,35mm; 2 salidas XLR Balanceada
MEDIDAS Y PESO:
- Medidas de la Caja: 321 x 104 x 435 mm
- Peso: 2.4Kg",in stock,new,356998.00 ARS,https://tecnoshow.vercel.app/#MLA3372891502,https://http2.mlstatic.com/D_NQ_NP_2X_924494-MLA99524415966_122025-F.jpg,"https://http2.mlstatic.com/D_NQ_NP_2X_873448-MLA100008364571_122025-F.jpg,https://http2.mlstatic.com/D_NQ_NP_2X_926620-MLA100008432297_122025-F.jpg,https://http2.mlstatic.com/D_NQ_NP_2X_897669-MLA96088546249_102025-F.jpg",SKP Pro Audio,Micrófonos
MLA910203979,"Micrófono Samson C03U Condensador Cardioide, Omnidireccional, Bidireccional color plata","Microfono Samson C03UCW Condenser USB Para Estudio
- Transductor: Condensador
- Diafragma: 19 mm
- Patrón Polar: Figura 8, Omnidireccional, Supercardioide
- Selección de patrón: Switched
- Rango de frecuencia: 20 Hz a 18 kHz
- Máximo SPL: 136 dB SPL
- Profundidad de bits: 16 bits
- Frecuencia de muestreo: 48 kHz
- Conectores de salida: 1 x USB
- Longitud: 177.80 mm
- Diámetro: 53.97 mm
- Peso: 0.48 kg
El C03UCW de Samson es un micrófono de condensador de estudio de múltiples patrones diseñado para aplicaciones de estudio y diferentes proyectos. La salida USB de alta velocidad proporciona conexión directa a computadoras de escritorio y portátiles.
Los patrones polares supercardioides, omnidireccionales y figura 8 ofrecen flexibilidad para capturar instrumentos y señales vocales en cualquier escenario de grabación. Las cápsulas dobles de 19 mm aseguran un alto nivel y bajo nivel de ruido en la salida.
Incluye un interruptor Pad de 10dB que proporciona espacio libre adicional al capturar una señal de audio excesivamente alta, evitando la distorsión máxima. Un interruptor de filtro de paso alto (corte bajo) elimina el ruido causado por el zumbido, el viento y el ambiente de baja frecuencia.
* Salida USB
El C03UCW cuenta con una salida USB para conexión directa a computadoras portátiles y de escritorio. La alimentación también se proporciona a través de la conexión USB.
* Patrones Variables
El C03UCW es un micrófono de condensador multipatrón que proporciona patrones de captación supercardioide, omnidireccional y figura 8.
* Filtro de paso alto
El interruptor de filtro de paso alto elimina el ruido de baja frecuencia debido al viento, el zumbido y el ambiente.
* Pad de 10dB
El interruptor de almohadilla de 10 dB proporciona espacio adicional para la cabeza al capturar una señal de audio excesivamente alta que puede causar distorsión máxima.",in stock,new,293998.00 ARS,https://tecnoshow.vercel.app/#MLA910203979,https://http2.mlstatic.com/D_NQ_NP_2X_642188-MLA99505891568_112025-F.jpg,"https://http2.mlstatic.com/D_NQ_NP_2X_735929-MLA99506085872_112025-F.jpg,https://http2.mlstatic.com/D_NQ_NP_2X_803814-MLA99505931156_112025-F.jpg,https://http2.mlstatic.com/D_NQ_NP_2X_895169-MLA99505960292_112025-F.jpg",Samson,Micrófonos
MLA1450659857,Micrófono Inalámbrico Doble Vincha Uhf Lexsen 2b300 Color Negro,"Micrófono inalámbrico doble vincha Lexsen 2B-300 UHF en color negro. Este sistema cuenta con un patrón polar omnidireccional que capta el sonido de manera clara y precisa desde múltiples direcciones.
Su frecuencia de operación varía entre 630 MHz y 660 MHz, lo que garantiza una transmisión estable y sin interferencias para libertad de movimiento. Su diseño de vincha asegura un ajuste seguro y cómodo para periodos prolongados de uso.
El sistema incluye dos micrófonos, permitiendo su aplicación en dúos o presentaciones simultáneas. Es una herramienta funcional para escenarios, eventos corporativos, iglesias y shows.",in stock,new,277198.00 ARS,https://tecnoshow.vercel.app/#MLA1450659857,https://http2.mlstatic.com/D_NQ_NP_2X_975169-MLA99548955570_122025-F.jpg,"https://http2.mlstatic.com/D_NQ_NP_2X_806758-MLU73640358044_122023-F.jpg,https://http2.mlstatic.com/D_NQ_NP_2X_979845-MLU73640194256_122023-F.jpg,https://http2.mlstatic.com/D_NQ_NP_2X_962475-MLU77946444548_082024-F.jpg",Lexsen,Micrófonos
MLA2345348100,Sistema De Micrófonos Inalámbricos Doble Vincha Lexsen 2b2,"SISTEMA DE MICRÓFONOS INALÁMBRICOS LEXSEN 2B2 DOBLE VINCHA UHF
Ideal para conferencias, presentaciones en vivo, eventos, salones e iglesias.
ESPECIFICACIONES TÉCNICAS
RECEPTOR:
- Frecuencia portadora: 630-660MHz
- Rango dinámico: 96dB
- Distorsión: <0.3%
- Respuesta de frecuencia: 30Hz – 20kHz ± 2dB
- Nivel de salida: ± 400mV (Mezclada ±200mV)
- Relación señal/ruido: 96dB
- Sensibilidad: -95dBm
- Delay de transmisión: < 3ms
- Salida de audio: 1x plug 6,3mm y 2x XLR balanceadas
BODY PACK:
- Entrada: mini plug 3,5mm
- Indicador luminoso de encendido
- Botón de encendido/apagado
- Control de volumen
- Alimentación: 2 pilas AA por body pack (no incluidas)
- Autonomía de uso continuo: 5 horas
- Alcance: hasta 50 metros en campo abierto
- Material: plástico
INCLUYE:
1 receptor Lexsen 2b2
2 body pack
2 vinchas plásticas con cable de 1mt
1 fuente de alimentación
1 cable plug",in stock,new,198448.00 ARS,https://tecnoshow.vercel.app/#MLA2345348100,https://http2.mlstatic.com/D_NQ_NP_2X_884402-MLA100001096389_112025-F.jpg,"https://http2.mlstatic.com/D_NQ_NP_2X_733499-MLU73865743601_012024-F.jpg,https://http2.mlstatic.com/D_NQ_NP_2X_920601-MLU73866077569_012024-F.jpg,https://http2.mlstatic.com/D_NQ_NP_2X_682329-MLU78124767553_082024-F.jpg",Lexsen,Micrófonos
MLA1997721156,Micrófono Inalámbrico Uhf Apogee U12h Doble Receptor Usb Color Negro,"Micrófonos Inalambricos UHF Doble Apogee H12U con receptor USB. El transmisor requiere 2 pilas AA.
Para un correcto funcionamiento debe conectar el receptor USB tipo pendrive a un puerto USB para su alimentación, luego el cable auxiliar a la entrada plug 3,5mm del receptor USB y el otro extremo a la consola, mixer, bafle potenciado, etc.
- Sistema inalambrico de uso profesional
- Micrófonos versátiles vocal y para instrumentos
- Construcción robusta y ergonómica
- Receptor UHF con alimentación USB
Incluye:
2 micrófonos cardiode inalámbrico.
1 receptor USB.
1 cable jack 6.3mm / 3.5mm para conectar del receptor a la entrada de microfono de tu PC, consola, cabezal, parlante potenciado, etc.
2 anillos anti-deslizables de colores para reconocimiento de micrófonos.",in stock,new,196348.00 ARS,https://tecnoshow.vercel.app/#MLA1997721156,https://http2.mlstatic.com/D_NQ_NP_2X_756213-MLA99984698335_112025-F.jpg,"https://http2.mlstatic.com/D_NQ_NP_2X_709318-MLA80949320857_112024-F.jpg,https://http2.mlstatic.com/D_NQ_NP_2X_781856-MLA80949340443_112024-F.jpg,https://http2.mlstatic.com/D_NQ_NP_2X_931748-MLA80949340447_112024-F.jpg",Apogee,Micrófonos
MLA1475813353,Kit De Grabación Apogee C06 Condenser Streaming Podcast Xlr Color Negro,"Micrófono marca Apogee, modelo C06 KIT.
Este micrófono de condensador incorpora un circuito de precisión y un gran diagrama invertido de altísima calidad. Ofrece una captación cardioide, alta sensibilidad y bajo ruido, amplia gama dinámica. Es ideal para transmisiones, grabaciones en estudio, coros en escenario, karaoke personal y voz en general, etc.
En la caja:
• Micrófono Condensador cardioide de estudio
• Cápsula de 26 mm compatible con 48 V y 5 V
• Cable XLR-3.5MM
• Cable XLR-XLR
• Soporte tipo araña
• Filtro pop
• Soporte de brazo de suspensión ajustable para micrófono
• Filtro de espuma anti-viento.
Características generales:
• Diagrama patentado con un diseño de estructura único
• Alta sensibilidad, bajo nivel de ruido y amplia salida dinámica
• Circuito preciso con interruptor de lengüeta magnético para reducir el ruido
• Cuerpo de aleación de Zinc con rejilla de alta elasticidad
• Superficie del cuerpo enchapada y pintada
Especificaciones técnicas:
• Tipo: Condensador
• Pastilla: Cardioide
• Respuesta de frecuencia: 30 HZ - 20 KHz.
• Sensibilidad: -38 dB (+/- 2 dB) (O dB = 1V / Pa a 1 KHz)
• Impedancia de salida: 250 ohmios, (+/- 30%) a 1 KHz)
• Rango dinámico: 140 dB
• ENL: 18dB A Máx.
• Presión sonora: 15 dB (a 1KHZ <1% T.H.D)
• Relación Señal f Ruido: 76 dB
• Fuente de alimentación: +48V phantom power o computadora 3.5mm power
• Consumo de corriente: 3 mA f hora
• Peso: 350 g",in stock,new,150148.00 ARS,https://tecnoshow.vercel.app/#MLA1475813353,https://http2.mlstatic.com/D_NQ_NP_2X_735543-MLA99444716150_112025-F.jpg,"https://http2.mlstatic.com/D_NQ_NP_2X_707818-MLA81130935118_122024-F.jpg,https://http2.mlstatic.com/D_NQ_NP_2X_798749-MLA81398510009_122024-F.jpg",Apogee,Micrófonos
MLA1876099402,Micrófono Inalámbrico Apogee U11h Uhf De Mano Usb. Color Negro,"Apogee U11H
Micrófono Inalambrico UHF con receptor USB
Para un correcto funcionamiento debe conectar el receptor USB tipo pendrive a un puerto USB para su alimentación, luego el cable auxiliar a la entrada plug 3,5mm del receptor USB y el otro extremo a la consola, mixer, bafle potenciado, etc, que esté indicado con la palabra MIC
Características
- Sistema inalambrico de uso profesional
- Micrófonos versátiles vocal y para instrumentos
- Construcción robusta y ergonómica
- Receptor UHF con alimentación USB
Incluye:
- Un micrófono cardioide inalámbrico.
- Un receptor USB.
- Cable jack 6.3mm / 3.5mm para conectar del receptor a la entrada de micrófono de tu PC, consola, cabezal, parlante potenciado, etc.
- Anillo anti-deslizable de color para reconocimiento de micrófono.",in stock,new,146998.00 ARS,https://tecnoshow.vercel.app/#MLA1876099402,https://http2.mlstatic.com/D_NQ_NP_2X_723196-MLA99373464454_112025-F.jpg,"https://http2.mlstatic.com/D_NQ_NP_2X_644002-MLU77132393952_062024-F.jpg,https://http2.mlstatic.com/D_NQ_NP_2X_863197-MLU77132727540_062024-F.jpg,https://http2.mlstatic.com/D_NQ_NP_2X_681486-MLU77345294641_062024-F.jpg",Apogee,Micrófonos
MLA1655330312,Soporte Araña Samson Para Microfono Condenser Shock Mount,"Soporte Samson SP01 Suspensión Araña Shockmount para C01 C03
El Samson SP01 Spider Shockmount está diseñado para mejorar el aislamiento de micrófonos condenser Samson, reduciendo eficazmente ruidos mecánicos y vibraciones no deseadas provenientes del pie de micrófono, el piso o el entorno. Su diseño tipo araña con sistema de suspensión ayuda a capturar el sonido real del micrófono sin interferencias, logrando tomas más limpias y profesionales. Es una solución ideal tanto para estudios hogareños como para estudios de grabación que buscan calidad sin recurrir a procesos electrónicos adicionales.
Características principales:
- Shockmount tipo araña para micrófonos condenser.
- Aislamiento mejorado contra vibraciones y ruidos mecánicos.
- Evita ruidos causados por pisadas, golpes, amplificadores o movimientos del intérprete.
- Diseño de suspensión que preserva el sonido natural del micrófono.
- Compatible con soportes de micrófono estándar.
- Ideal para estudios de grabación, home studios y streaming.
- Construcción robusta y confiable.
Especificaciones técnicas:
- Tipo: Shockmount de suspensión.
- Formato: Micrófonos condenser de gran diafragma.
- Compatibilidad: C01, C03, CL7, (También compatible con C01U, C01U Pro, CL7a, CL8a y C03U).
- Opciones de montaje: Adaptador 3/8"", Adaptador 5/8"".",in stock,new,125998.00 ARS,https://tecnoshow.vercel.app/#MLA1655330312,https://http2.mlstatic.com/D_NQ_NP_2X_664990-MLA93084370082_092025-F.jpg,,Samson,Micrófonos
MLA1654754878,Soporte De Microfono P/ Bateria Samson Dmc100 X 3 Unidades,"Soporte De Microfono P/ Bateria Samson Dmc100 X 3 Unidades
- Set de Clamps Samson para microfonear baterias.
- Pack por 3 unidades.
- Construidos en plástico de gran resistencia.
- Ideal para sujetar el micrófono a la torre de los toms y amplificarlos.
- Color Negro.
- 61100
Los productos han estado en exhibición y poseen detalles estéticos que no afectan el normal funcionamiento. Pueden no tener la caja original. En todos los casos en donde el producto adquirido requiera de pilas, fuentes y/o baterias, las mismas no estarán incluidas ni provistas dentro de la compra. Salvo que este aclarado explícitamente.",in stock,new,104998.00 ARS,https://tecnoshow.vercel.app/#MLA1654754878,https://http2.mlstatic.com/D_NQ_NP_2X_952631-MLA96169984417_102025-F.jpg,"https://http2.mlstatic.com/D_NQ_NP_2X_696998-MLA84481087599_052025-F.jpg,https://http2.mlstatic.com/D_NQ_NP_2X_797022-MLA84481019103_052025-F.jpg",Samson,Micrófonos
MLA1654844820,Microfono Conferencia Novik Fnk-10 Cardiode Cable Y Soporte Color Negro,"Micrófono Condenser FNK-10
El FNK 10 tipo cuello de ganso es un micrófono de condensador de calidad profesional diseñado exclusivamente por Novik Neo principalmente para la captura de discursos y refuerzo de la palabra en centros de convenciones, disertantes, iglesias y muchos más.
Posee sección de cuello de ganso cerca de la base del micrófono que permite orientar fácilmente y con seguridad el mismo hacia la fuente.
Conector XLR que puede al micrófono funcionar tanto con alimentación fantasma o con dos baterías AA. Su aro de LED que se enciende cuando está listo para usar.
Diseño aerodinámico para una integración perfecta, el diseño de cuello de ganso ultra delgado es menos obstructivo que la instalación tradicional de un micrófono.
Incluye pantalla anti viento para evitar el ruido no deseado.
Características:
- Patrón polar Cardioide
- Capsula de condensador
- Fácil montaje con alimentación a baterías
- Interruptor encendido/apagado
- LED de estado
- Incluye cable
- Soporte fuerte y estable
Especificaciones técnicas:
- Tipo: Condensador
- Respuesta en frecuencia: 60Hz – 18KHz
- Impedancia de salida: 600Ω
- Sensibilidad: -56dB +/- 3dB
- Batería: 3V DC
- Directividad: Cardioide
- Max SPL: 128dB @ 1 KHz
- Relación señal/ruido: 63dB
- Rango dinámico: 99dB
- Medida: 50cm Alto",in stock,new,79999.00 ARS,https://tecnoshow.vercel.app/#MLA1654844820,https://http2.mlstatic.com/D_NQ_NP_2X_722966-MLA93499048853_092025-F.jpg,"https://http2.mlstatic.com/D_NQ_NP_2X_901555-MLA113591024501_062026-F.jpg,https://http2.mlstatic.com/D_NQ_NP_2X_976181-MLA112428610966_062026-F.jpg,https://http2.mlstatic.com/D_NQ_NP_2X_669582-MLA112428825548_062026-F.jpg",Novik Neo,Micrófonos
MLA1876099672,Microfono De Mano Dinamico Apogee U Beta Supercardioide,"Con el micrófono Apogee descubrirás una nueva forma de captar y emitir audios.
Fiel reflejo de la realidad
Diseñado para amortiguar los golpes y ruidos de manipulación. Totalmente dinámico, solo debés conectarlo y empezar a grabar.
Un formato a tu medida
Su dinamismo lo hace ideal para vocalistas e instrumentos. Resulta liviano y se adapta a todo tipo de pies o soportes. Al no necesitar fuente de alimentación, te brindará un alto grado de autonomía para un uso tanto en exteriores como en interiores.
Diseño eficaz
Su patrón polar supercardioide ofrece una sensibilidad particularmente direccionada hacia el sonido que llega desde la parte frontal, lo que reducirá el impacto en el ambiente.",in stock,new,47248.00 ARS,https://tecnoshow.vercel.app/#MLA1876099672,https://http2.mlstatic.com/D_NQ_NP_2X_897246-MLA99969804035_112025-F.jpg,"https://http2.mlstatic.com/D_NQ_NP_2X_621272-MLA93511234589_092025-F.jpg,https://http2.mlstatic.com/D_NQ_NP_2X_931652-MLA93511512791_092025-F.jpg,https://http2.mlstatic.com/D_NQ_NP_2X_625766-MLA99969943059_112025-F.jpg",Apogee,Micrófonos
MLA3286758718,Microfono Apogee U-57 Unidireccional Dinamico Metalico Color Negro,"El Micrófono Apogee U-57 es una excelente opción para quienes buscan calidad de sonido en sus grabaciones. Con un diseño de mano y un patrón polar cardioide, este micrófono dinámico captura vocales e instrumentación de manera precisa, reduciendo el ruido ambiental. Su rango de frecuencia de 40 Hz a 15 kHz asegura una reproducción clara y detallada de audio. Diseñado para ofrecer un rendimiento óptimo, cuenta con una impedancia de 310  que lo hace ideal para diversas aplicaciones. Además, el conector XLR garantiza una conexión segura y confiable. Perfecto para músicos y creadores de contenido, el U-57 combina un diseño robusto con un rendimiento sobresaliente, siendo una inversión segura para cualquier profesional o entusiasta del sonido. Adquiere el tuyo y experimenta la calidad que solo Apogee puede ofrecer. No incluye cable.",in stock,new,36750.00 ARS,https://tecnoshow.vercel.app/#MLA3286758718,https://http2.mlstatic.com/D_NQ_NP_2X_624902-MLA99536546990_122025-F.jpg,"https://http2.mlstatic.com/D_NQ_NP_2X_895627-MLA93889401045_102025-F.jpg,https://http2.mlstatic.com/D_NQ_NP_2X_620182-MLA93889489975_102025-F.jpg,https://http2.mlstatic.com/D_NQ_NP_2X_743518-MLA116197944131_082026-F.jpg",Apogee,Micrófonos
MLA1778994206,Soporte de Mesa para Micrófono con Brazo Articulado Moon Negro,"Soporte De Mesa Para Microfono Con Brazo Articulado Moon.
-270 GRADOS DE ROTACION.
-PIPETA
-MATERIAL: METALICO (BASE Y ANDAMIO)
-LONGITUD DEL BRAZO 38 CM X 38 CM
-SOPORTA HASTA 4 KGS
-PESO 1.5 KGs
-SOPORTE PARA MICROFONO UNIVERSAL DE 45/50 mm DIAMETRO
El soporte de mesa para micrófono con brazo articulado Moon es un accesorio diseñado para brindar una solución práctica y conveniente para sostener y posicionar un micrófono de manera estable en una mesa o escritorio, permite ajustar fácilmente la altura, el ángulo y la posición del micrófono según las necesidades del usuario. Esto proporciona flexibilidad y versatilidad en términos de posicionamiento del micrófono, lo que permite encontrar la posición óptima para una captación de sonido clara y precisa.",in stock,new,36750.00 ARS,https://tecnoshow.vercel.app/#MLA1778994206,https://http2.mlstatic.com/D_NQ_NP_2X_767121-MLA94036683788_102025-F.jpg,"https://http2.mlstatic.com/D_NQ_NP_2X_625603-MLA94037030458_102025-F.jpg,https://http2.mlstatic.com/D_NQ_NP_2X_689162-MLA94037001190_102025-F.jpg,https://http2.mlstatic.com/D_NQ_NP_2X_854327-MLA99938153867_112025-F.jpg",Moon,Micrófonos
MLA1364546710,Micrófono GBR SE-09 Estudio Captación y Emisión de Audio,"El micrófono inalámbrico Vincha Mini Canon GBR SE-09 en color negro es una excelente opción para quienes buscan calidad y comodidad en sus presentaciones. Con un diseño ergonómico, este micrófono se adapta perfectamente a la cabeza, permitiendo libertad de movimiento mientras se habla o se actúa. Su modelo SE-09 cuenta con un conector de 3 pines, lo que asegura una conexión estable y confiable. El paquete tiene unas dimensiones de 19 cm de altura, 19 cm de ancho y 7 cm de largo, con un peso total de 120 g, lo que lo hace fácil de transportar. Además, el micrófono incluye un embalaje adicional para protegerlo durante su transporte. Con un IVA del 21 % y sin impuesto interno, este producto es ideal para quienes buscan un micrófono de calidad sin complicaciones.",in stock,new,36750.00 ARS,https://tecnoshow.vercel.app/#MLA1364546710,https://http2.mlstatic.com/D_NQ_NP_2X_990165-MLA94006582813_102025-F.jpg,,Gbr,Micrófonos
MLA3403909922,Clamp De Bateria Para Microfonos Pro Reforzado Skp Sdm 8,"Monta tu micrófono en la posición perfecta con el Soporte SKP DSM 8, un soporte para micrófono de batería y el micrófono de percusión.",in stock,new,26248.00 ARS,https://tecnoshow.vercel.app/#MLA3403909922,https://http2.mlstatic.com/D_NQ_NP_2X_932159-MLA112580047831_062026-F.jpg,"https://http2.mlstatic.com/D_NQ_NP_2X_713887-MLA112579220061_062026-F.jpg,https://http2.mlstatic.com/D_NQ_NP_2X_798078-MLA112579635811_062026-F.jpg,https://http2.mlstatic.com/D_NQ_NP_2X_720718-MLA112579429213_062026-F.jpg",Skp,Micrófonos
MLA1372510959,Shure Pga52 Microfono Dinamico Para Bombo / Bajo Color Negro,"Encontrá el micrófono más adecuado para tus necesidades, tanto si buscás uno vocal, de instrumento o inalámbrico. Desde 1925, artistas y entusiastas de la música de todo el mundo han elegido a Shure por el rendimiento incomparable de sus productos.
Diseño eficaz
Su patrón polar cardioide ofrece una mayor sensibilidad hacia los sonidos frontales, y así evita los ruidos provenientes de la parte posterior.",in stock,new,430498.00 ARS,https://tecnoshow.vercel.app/#MLA1372510959,https://http2.mlstatic.com/D_NQ_NP_2X_662224-MLA99468141368_112025-F.jpg,https://http2.mlstatic.com/D_NQ_NP_2X_969192-MLA99468091764_112025-F.jpg,Shure,Micrófonos
MLA3403677680,Micrófono Dinámico SKP GM9 Cuello Ganso Omnidireccional Conferencias,"Con el micrófono SKP descubrirás una nueva forma de captar y emitir audios.
Un formato a tu medida
Su dinamismo lo hace ideal para vocalistas e instrumentos. Resulta liviano y se adapta a todo tipo de pies o soportes. Al no necesitar fuente de alimentación, te brindará un alto grado de autonomía para un uso tanto en exteriores como en interiores.
Diseño eficaz
Su patrón polar omnidireccional ofrece una respuesta de sensibilidad constante gracias a su ángulo de cobertura de 360º. ¡Vas a poder percibir sonidos en todas las direcciones!",in stock,new,125998.00 ARS,https://tecnoshow.vercel.app/#MLA3403677680,https://http2.mlstatic.com/D_NQ_NP_2X_904738-MLA108326947785_032026-F.jpg,"https://http2.mlstatic.com/D_NQ_NP_2X_816575-MLA107597143292_032026-F.jpg,https://http2.mlstatic.com/D_NQ_NP_2X_617008-MLA108326918045_032026-F.jpg,https://http2.mlstatic.com/D_NQ_NP_2X_886075-MLA107597023810_032026-F.jpg",SKP Pro Audio,Micrófonos
MLA3636759012,Pie Microfono Jirafa Reforzado Aluminio Moon Audio Pro Pmj05b Negro,"Pie de micrófono para bombo con base de aluminio y articulación de acero.
CARACTERÍSTICAS:
- Marca: Moon Audio Pro.
- Modelo: PMJ05B.
- Altura regulable: 50-70cm.
BENEFICIOS:
- Estabilidad en grabaciones.
- Altura ajustable.
- Diseño compacto.
- Fácil de transportar.
- Durabilidad y resistencia.
Diseñado para ofrecer estabilidad y ajuste óptimos al capturar sonidos graves. Su estructura permite un uso versátil en estudios de grabación, ensayos o presentaciones en vivo, manteniendo el micrófono firme en todo momento.",in stock,new,68248.00 ARS,https://tecnoshow.vercel.app/#MLA3636759012,https://http2.mlstatic.com/D_NQ_NP_2X_663936-MLA111715148864_062026-F.jpg,"https://http2.mlstatic.com/D_NQ_NP_2X_885638-MLA111716118062_062026-F.jpg,https://http2.mlstatic.com/D_NQ_NP_2X_815112-MLA112802459213_062026-F.jpg,https://http2.mlstatic.com/D_NQ_NP_2X_813359-MLA112802226417_062026-F.jpg",Moon Audio Pro,Micrófonos
MLA2551458930,Set De Micrófonos Shure Pgadrumkit5 Para Batería Color Negro,"PGADRUMKIT5 Kit de Micrófono de Bombo - A SONAR, DE LA MEJOR MANERA.
El Kit de Micrófono de Bombo PGADRUMKIT5 es un conjunto esencial de micrófonos de calidad profesional diseñado para proporcionar un sonido excelente para la captura de bombo, caja y timbal. Incluye un micrófono de bombo PGA52, tres micrófonos PGA56 y un micrófono de instrumento PGA57, junto con tres soportes de bombo y cinco cables XLR-XLR y un estuche de transporte.
Características:
-Conjunto de micrófono de 5 piezas con Shure PGA52, 3 x Shure PGA56s, Shure PGA57, clip, 3 x soportes, 5 x cables y estuche.
-Shure PGA52 es ideal para bombo, amplificadores de bajo y otras fuentes de frecuencias bajas.
-Los PGA56s de Shure capturan toms y otros tambores con claridad.
-Shure PGA57 es adecuado para fuentes de sonido con ricas armónicas y altos niveles de presión sonora.
-El clip de micrófono Shure A25D y los soportes de batería AP56DM tienen una construcción de plástico resistente.
-Cables XLR suficientes para conectar los micrófonos.
-Estuche para protección y transporte.
Especificaciones:
-Peso: 4 kg
-Dimensiones: 54 × 3 × 10 cm
-Micrófonos: 5
-Modelos: 1 x PGA52, 1 x PGA57, 3 x PGA56
-Tipos de Micrófonos: Dinámicos
Contenido del paquete:
-1 x PGA52 Micrófono Cardioide de Bombo Dinámico
-3 x PGA56 Micrófonos Cardioides Caja/Timbal Dinámico
-1 x PGA57 Micrófono Cardioide de Instrumento Dinámico
-1 x A25D Pinza de Micrófono
-3 x AP56DM Soportes de Borde de Bombo
-5 x XLR-XLR cables de 4,6m
-Maletín de transporte con cierre",in stock,new,1154998.00 ARS,https://tecnoshow.vercel.app/#MLA2551458930,https://http2.mlstatic.com/D_NQ_NP_2X_645151-MLA100043973733_122025-F.jpg,"https://http2.mlstatic.com/D_NQ_NP_2X_965161-MLU72933226495_112023-F.jpg,https://http2.mlstatic.com/D_NQ_NP_2X_921268-MLU72932987573_112023-F.jpg,https://http2.mlstatic.com/D_NQ_NP_2X_731482-MLU72855739156_112023-F.jpg",Shure,Micrófonos
MLA1749983143,Micrófono Para Instrumento Shure Sm57 Color Negro,"ESPECIFICACIONES DEL PRODUCTO
Con tu micrófono Shure vas a captar y emitir audios con gran calidad.
Compacto y eficaz
Este producto destaca por su versatilidad y adaptación: graba el sonido de tu voz con excelente calidad y sensibilidad.
Un formato a tu medida
Su dinamismo lo hace ideal para vocalistas e instrumentos. Resulta liviano para su uso manual y se adapta a todo tipo de soportes. Al no necesitar fuente de alimentación, te brindará un alto grado de autonomía para su uso tanto en exteriores como en interiores.
Diseño eficaz
Su patrón polar cardioide ofrece una mayor sensibilidad hacia los sonidos frontales, evitando los ruidos provenientes de la parte posterior.
Tipo Dinámico
Respuesta de Frecuencia 40 a 15,000 Hz
Patrón polar Cardioide (Unidireccional), simétrico al girar respecto al eje del micrófono, uniforme con frecuencia.",in stock,new,314989.00 ARS,https://tecnoshow.vercel.app/#MLA1749983143,https://http2.mlstatic.com/D_NQ_NP_2X_774468-MLA99962376377_112025-F.jpg,"https://http2.mlstatic.com/D_NQ_NP_2X_864576-MLA99961971693_112025-F.jpg,https://http2.mlstatic.com/D_NQ_NP_2X_806914-MLA90189909154_082025-F.jpg,https://http2.mlstatic.com/D_NQ_NP_2X_975303-MLA99961843559_112025-F.jpg",Shure,Micrófonos
MLA1876099378,Microfono Shure Pg57 Dinámico Profesional + Pipeta + Funda Color Negro,"El Microfono Dinamico Cardioide Shure Pg57 - S es un micrófono de instrumento dinámico cardioide diseñado para una variedad de aplicaciones acústicas y amplificadas. Este micrófono es duradero con una construcción completamente de metal y una rejilla de malla de acero endurecido construida para soportar los rigores del desgaste en la carretera.
El micrófono también cuenta con un interruptor de encendido / apagado y un soporte de choque interno para reducir el ruido de manejo. El PG57-LC se envía con un clip de micrófono, un adaptador roscado de 5/8 ""a 3/8"" y una bolsa de almacenamiento.
La respuesta de frecuencia personalizada es suave y extendida. Ajustado específicamente para aplicaciones de instrumentos. El patrón polar cardioide capta la mayor parte del sonido de la parte frontal del micrófono y algo de sonido de los lados. Menos susceptible a retroalimentación en configuraciones de alto volumen.
El cartucho dinámico tiene una bobina simple y resistente. Maneja niveles de volumen extremos sin distorsión. El cartucho incluye un imán de neodimio para un alto nivel de salida. Soporte de choque interno para reducir el ruido de manejo. Construcción de metal duradero. Interruptor de encendido / apagado para control en el escenario. Rejilla cónica de malla de acero endurecido que resiste el desgaste y el abuso. Incluye un clip de micrófono resistente a roturas y una bolsa de almacenamiento.",in stock,new,209998.00 ARS,https://tecnoshow.vercel.app/#MLA1876099378,https://http2.mlstatic.com/D_NQ_NP_2X_997667-MLA99933319697_112025-F.jpg,"https://http2.mlstatic.com/D_NQ_NP_2X_717911-MLU73433224439_122023-F.jpg,https://http2.mlstatic.com/D_NQ_NP_2X_658251-MLU73344315430_122023-F.jpg",Shure,Micrófonos
MLA1648012269,Microfono Condenser Usb Lexsen Lex10 Usb C/ Tripode - Oddity,"Micrófono Lexsen LEX10 USB Condenser Cardioide Ganancia con Pie de mesa
El Lexsen Lex 10 USB es un micrófono de condensador de alta calidad con una respuesta de frecuencia de 20Hz-20kHz y un patrón polar unidireccional cardioide. Con una sensibilidad de -34dB±2dB, proporciona una captura clara y detallada del sonido con un nivel de ruido mínimo. Equipado con una conexión USB 2.0, es compatible con una amplia gama de dispositivos y ofrece una fácil integración en su flujo de trabajo de grabación.
-PATRÓN POLAR: UNIDIRECCIONAL CARDIOIDE
-RESPUESTA DE FRECUENCIA 20Hz-20kHz
-SENSIBILIDAD -34dB±2dB
-IMPEDANCIA DE SALIDA 200Ω ±30% (1kHz)
-NIVEL DE RUIDO 16dBA
-RELACIÓN DE RUIDO SEÑAL: 79dB
-CÁPSULA CONDENSADOR
-MATERIAL PLÁSTICO/METÁLICO
-USB 2.0
-USO: VOCAL
-INCLUYE TRÍPODE Y CABLE
-COMPATIBILIDAD WINDOWS XP/VISTA/7/8/10/11 MAC
CONTENIDO DE LA CAJA:
• Manual de usuario
• Trípode de mesa/pie
• Pipeta
• Cable USB
• Micrófono cardioide",in stock,new,63523.00 ARS,https://tecnoshow.vercel.app/#MLA1648012269,https://http2.mlstatic.com/D_NQ_NP_2X_875796-MLA102764706284_122025-F.jpg,"https://http2.mlstatic.com/D_NQ_NP_2X_954526-MLA102764658066_122025-F.jpg,https://http2.mlstatic.com/D_NQ_NP_2X_744654-MLA102764668112_122025-F.jpg,https://http2.mlstatic.com/D_NQ_NP_2X_843813-MLA102764580936_122025-F.jpg",Lexsen,Micrófonos
MLA1741125859,Receptor Inalámbrico De Microfono Shure Pgx1,"Transmisor de Cuerpo SHURE PGX1
El Shure PGX1 es un transmisor inalámbrico de cuerpo resistente y de perfil bajo para su uso con sistemas inalámbricos PGX. Se disponen de micrófonos o cables de instrumento intercambiables para uso con auriculares, lavalier, instrumentos (clip-on) o guitarra/bajo.
Características:
- Transmisor de cuerpo de perfil bajo con clip de cinturón
- Ganancia ajustable
- LED de encendido, silencio y estado de la batería
- Hasta 8 horas de uso continuo con 2 baterías AA
- Alcance operativo de 300 pies (100 m)
Especificaciones:
- Nivel de Entrada de Audio:
- -10 dBV máximo en la posición de ganancia ""mic""
- +10 dBV máximo en la posición de ganancia 0 dB
- +20 dBV máximo en la posición de ganancia -10 dB
- Rango de Ajuste de Ganancia: 30 dB
- Impedancia de Entrada: 1 M ohm
- Nivel de Salida RF: 30 mW máximo (dependiendo de las regulaciones del país aplicables)
- Dimensiones (Al x An x Pr): 108 x 64 x 19 mm (4.25 x 2.50 x 0.75 in.)
- Peso: 81 gramos (3 oz.) sin baterías
- Carcasa: Caja de policarbonato moldeado
- Requisitos de Alimentación: 2 baterías alcalinas o recargables AA
- Duración de la Batería:  8 horas
Garantía de fábrica: 30 días",in stock,new,944998.00 ARS,https://tecnoshow.vercel.app/#MLA1741125859,https://http2.mlstatic.com/D_NQ_NP_2X_810210-MLA117913345263_092026-F.jpg,https://http2.mlstatic.com/D_NQ_NP_2X_977004-MLA110231252175_042026-F.jpg,Shure,Micrófonos
MLA1746983219,Micrófonos Skp Drum 7 Para Batería Set Con Estuche Y Clamps Color Negro,"Set de Micrófonos SKP DRUM 7
El DRUM 7 es un kit profesional de micrófonos diseñado para capturar con precisión todos los sonidos de una batería. Incluye micrófonos dinámicos cardioides para el bombo, redoblante y toms, además de micrófonos condenser overhead para platillos. Su diseño compacto y clips integrados permiten una fácil colocación sin obstruir el movimiento del baterista. Conectados a través de cables XLR (F), ofrecen una señal de alta calidad ideal para grabaciones y presentaciones en vivo.
ESPECIFICACIONES TÉCNICAS
- 7 micrófonos para una cobertura completa de la batería.
- Micrófonos dinámicos cardioides para bombo, redoblante y toms.
- Micrófonos condenser overhead para capturar platillos y sonidos ambientales.
- Montaje de rosca estándar y clips integrados para fácil colocación.
- Conexión XLR (F) para calidad profesional de audio.
- 4 abrazaderas desmontables para montar en los aros de la batería.
Micrófono Bombo (Dinámico Cardioide) x1
- Sensibilidad: 69 dB ± 1.5 dB
- Posiciones A y B para capturar el impacto del parche y armónicos.
Micrófono Caja (Dinámico Cardioide) x1
- Sensibilidad: -55 dB ± 1.5 dB
- Posiciones A y B para capturar impacto y riqueza armónica.
Micrófono Tom (Dinámico Cardioide) x3
- Sensibilidad: -42 dB ± 1.5 dB
- Posiciones A y B para capturar graves y armónicos.
Micrófono Condenser Overhead x2
- Sensibilidad: -41 dB ± 3 dB
- Alimentación Phantom: 48V DC
- Posiciones A, B y C para capturar platillos y ambientes. Incluye filtro antipop.
Incluye:
7 micrófonos (2 micrófonos condenser y 5 micrófonos dinámicos)",in stock,new,776998.00 ARS,https://tecnoshow.vercel.app/#MLA1746983219,https://http2.mlstatic.com/D_NQ_NP_2X_690603-MLA99860670681_112025-F.jpg,"https://http2.mlstatic.com/D_NQ_NP_2X_805064-MLA83883447818_042025-F.jpg,https://http2.mlstatic.com/D_NQ_NP_2X_818802-MLA83883837068_042025-F.jpg,https://http2.mlstatic.com/D_NQ_NP_2X_835414-MLA83883447820_042025-F.jpg",Skp,Micrófonos
MLA1374586441,Micrófonos Inalambrico De Mano Gbr Uhf-430 Kit De 4 De Mano,"Con los micrófonos GBR descubrirás una nueva forma de captar y emitir audios.
Fiel reflejo de la realidad
Diseñado para amortiguar los golpes y ruidos de manipulación. Totalmente dinámico, solo debés conectarlo y empezar a grabar.
Garantía de fábrica: 30 días",in stock,new,629998.00 ARS,https://tecnoshow.vercel.app/#MLA1374586441,https://http2.mlstatic.com/D_NQ_NP_2X_790926-MLA25686837531_062017-F.jpg,https://http2.mlstatic.com/D_NQ_NP_2X_710433-MLA25686836138_062017-F.jpg,Gbr,Micrófonos
MLA919454783,Set 4 Micrófonos Inalámbrico Mano Uhf Recargable Pc/celular,"GBR UHF 400
NUEVO SISTEMA
4 MICROFONOS UHF DE MANO
APTO PARA EQUIPO DE SONIDO
FRECUENCIAS SELECCIONABLES
4 MICROFONOS MANO
ALCANCE APROX 40 MTS
ULTRA COMPACTO Y LIVIANO
NO REQUIERE BODY PACK
CARGA VIA USB (LA BASE)
LOS MICROFONO LLEVAN PILAS AA NO INCLUIDAS",in stock,new,568082.00 ARS,https://tecnoshow.vercel.app/#MLA919454783,https://http2.mlstatic.com/D_NQ_NP_2X_806988-MLA94154451891_102025-F.jpg,"https://http2.mlstatic.com/D_NQ_NP_2X_779031-MLA45839497177_052021-F.jpg,https://http2.mlstatic.com/D_NQ_NP_2X_924359-MLA45839494224_052021-F.jpg,https://http2.mlstatic.com/D_NQ_NP_2X_784111-MLA45839472373_052021-F.jpg",Gbr,Micrófonos
MLA907995273,Audio Technica Atw-201/l Sistema Inalambrico Vhf 200 Series,"ATW-201/L Audio-Technica
VTH Sistema de Micrófono Inalambrico de Solapa
Series 200
Receptor:
1. Sistema de antena dipolo avanzado
2. Indicadores de potencia, frecuencia de radio y pico de frecuencia de audio
3. Control de ganancia
4. Fuente de alimentación encasillada con cable para la energía removible
5. Control ajustable para la reducción de ruido
6. Enchufe de salida de 1/4""
Transmisor UniPak:
7. Conector tipo Profesional
8. Interruptor On/ Standby/ Off con fácil acceso
9. Control de ganancia variable con precisión para micrófono/ guitarra",in stock,new,461998.00 ARS,https://tecnoshow.vercel.app/#MLA907995273,https://http2.mlstatic.com/D_NQ_NP_2X_802039-MLA117913169501_092026-F.jpg,,Audio-Technica,Micrófonos
MLA1374598219,Microfono Inalámbrico Apogee U22h Doble Transmisor Mano Uhf,"Microfono Inalámbrico Apogee U22h Doble Transmisor Mano Uhf
Garantía de fábrica: 30 días",in stock,new,451498.00 ARS,https://tecnoshow.vercel.app/#MLA1374598219,https://http2.mlstatic.com/D_NQ_NP_2X_902434-MLA117913345351_092026-F.jpg,"https://http2.mlstatic.com/D_NQ_NP_2X_800809-MLA70118020094_062023-F.jpg,https://http2.mlstatic.com/D_NQ_NP_2X_604507-MLA70138713521_062023-F.jpg,https://http2.mlstatic.com/D_NQ_NP_2X_978175-MLA70138713537_062023-F.jpg",Apogee,Micrófonos
MLA1803973171,Kit Amplificador Inalambrico Con Microfonos Ciclos Th-920,"KIT Amplificador Inalambrico Portatil
Amplificador Ciclos
Microfono vincha
Microfono solapero
Receptor inalambrico para ambos microfonos
Amplificador de Audio Ciclos TH-920, un dispositivo diseñado para quienes buscan calidad de sonido en un formato compacto. Con sus 2 canales, este amplificador se adapta a diversas configuraciones de audio para ofrecer un rendimiento sonoro excepcional.
Con conectores de entrada VHF, PLUG y USB, y salidas de PLUG 6.5, el TH-920 permite una amplia gama de opciones de conexión. Su capacidad de respuesta en frecuencia de 100Hz a 10KHz asegura una reproducción clara y precisa, ideal para presentaciones, eventos y sesiones de audio.
El amplificador viene con accesorios incluidos, como cables, micrófono vincha, micrófono solapero y receptor VHF, lo que proporciona todo lo necesario para comenzar a utilizarlo de inmediato. Su peso ligero de 1 kg y su diseño puenteable permiten facilitar su transporte y uso en diversos contextos.
Perfecto para artistas, educadores y entusiastas del audio, el Ciclos TH-920 amplificará tu experiencia sonora. Aprovecha al máximo tus eventos y presentaciones con un sonido nítido y potente.
Garantía de fábrica: 30 días",in stock,new,314998.00 ARS,https://tecnoshow.vercel.app/#MLA1803973171,https://http2.mlstatic.com/D_NQ_NP_2X_823219-MLA112261155967_052026-F.jpg,"https://http2.mlstatic.com/D_NQ_NP_2X_980553-MLA111240586990_052026-F.jpg,https://http2.mlstatic.com/D_NQ_NP_2X_757579-MLA112261364035_052026-F.jpg,https://http2.mlstatic.com/D_NQ_NP_2X_769725-MLA111240527858_052026-F.jpg",Ciclos,Micrófonos
MLA3190588612,Microfono Behringer Bigfoot Usb Podcast Streaming Salida Aur Color Negro,"Con el micrófono Behringer descubrirás una nueva forma de captar y emitir audios.
Fiel reflejo de la realidad
Con este producto lograrás que la reproducción obtenida sea lo más parecida a la original. Excelente para grabar voces debido a su sensibilidad y amplio rango de frecuencia.
Un formato a tu medida
Al ser condensador, posibilitará un resultado claro y fino. Es ideal para percusiones, guitarras, pianos, entre otros. Por su respuesta tan definida ante la voz, es el más elegido por los profesionales.
Diseño eficaz
Su patrón polar cardioide ofrece una mayor sensibilidad hacia los sonidos frontales, y así evita los ruidos provenientes de la parte posterior.",in stock,new,293998.00 ARS,https://tecnoshow.vercel.app/#MLA3190588612,https://http2.mlstatic.com/D_NQ_NP_2X_829981-MLA99479660042_112025-F.jpg,"https://http2.mlstatic.com/D_NQ_NP_2X_876438-MLA99479768662_112025-F.jpg,https://http2.mlstatic.com/D_NQ_NP_2X_986104-MLA99479808244_112025-F.jpg,https://http2.mlstatic.com/D_NQ_NP_2X_809494-MLA99479916560_112025-F.jpg",Behringer,Micrófonos
MLA3168726194,Micrófono Shure WL93 con solapa color negro,"Encontrá el micrófono más adecuado para tus necesidades, tanto si buscás uno vocal, de instrumento o inalámbrico. Desde 1925, artistas y entusiastas de la música de todo el mundo han elegido a Shure por el rendimiento incomparable de sus productos.\n\nFiel reflejo de la realidad\nCaracterizado por su tamaño pequeño y por sus filtros para evitar las bajas frecuencias que produce el roce del dispositivo con la ropa.",in stock,new,262498.00 ARS,https://tecnoshow.vercel.app/#MLA3168726194,https://http2.mlstatic.com/D_NQ_NP_2X_741500-MLA94284998227_102025-F.jpg,,Shure,Micrófonos
MLA666367575,Microfono De Mesa Proel Pa Mic-62w Blanco Para Ambon O Piano,"Microfono De Mesa Proel Pa Mic-62w Blanco Oferta Tecnoshow
PRODUCTO: Microfono de Mesa
MARCA: Proel
MODELO: Proel PA MIC-62W
CARACTERISTICAS: Microfono condenser de mesa
Uni-dereccional - Frec. 60Hz-16KHz - Sensibilidad -36+-3dB a 1 kHz - Alimentacion: 9V - Largo de cable 4,56mt. - Color: Blanco",in stock,new,249999.00 ARS,https://tecnoshow.vercel.app/#MLA666367575,https://http2.mlstatic.com/D_NQ_NP_2X_615041-MLA31583749461_072019-F.jpg,"https://http2.mlstatic.com/D_NQ_NP_2X_812656-MLA31583751206_072019-F.jpg,https://http2.mlstatic.com/D_NQ_NP_2X_800376-MLA27463665878_052018-F.jpg",Proel,Micrófonos
MLA1747006891,Kit 2 Micrófonos De Mano Gbr Inalambrico Uhf 30 Frecuencias,"NUEVO SISTEMA
2 MICROFONO UHF MANO
*30 FRECUENCIAS
*APTO PARA EQUIPO DE SONIDO
*FRECUENCIAS SELECCIONABLES
*MICROFONOS MANO METALICO
*PILA AA NO INCLUIDA
*ALCANCE APROX 80 MTS
*ULTRA COMPACTO Y LIVIANO
*CARGA VIA USB",in stock,new,220498.00 ARS,https://tecnoshow.vercel.app/#MLA1747006891,https://http2.mlstatic.com/D_NQ_NP_2X_689043-MLA110382720795_042026-F.jpg,"https://http2.mlstatic.com/D_NQ_NP_2X_813919-MLA110382720791_042026-F.jpg,https://http2.mlstatic.com/D_NQ_NP_2X_689614-MLA110383135631_042026-F.jpg,https://http2.mlstatic.com/D_NQ_NP_2X_686558-MLA110383195663_042026-F.jpg",Gbr,Micrófonos
MLA3205745502,Micrófonos Behringer C-2 Condensador Cardioide Color Platead,"Con tu Behringer vas a descubrir una nueva forma de captar y emitir audios.
Un formato a tu medida
Al ser condensador, te posibilitará un resultado detallado, claro y fino. Es ideal para percusiones, guitarras, pianos, entre otros. Debido a su respuesta tan clara ante la voz, es el más elegido por los profesionales.
Diseño eficaz
Su patrón polar cardioide ofrece una mayor sensibilidad hacia los sonidos frontales, lo cual permite evitar los ruidos provenientes de la parte posterior.
Garantía de fábrica: 30 días",in stock,new,219448.00 ARS,https://tecnoshow.vercel.app/#MLA3205745502,https://http2.mlstatic.com/D_NQ_NP_2X_930060-MLA116412367180_092026-F.jpg,"https://http2.mlstatic.com/D_NQ_NP_2X_899352-MLA99931415461_112025-F.jpg,https://http2.mlstatic.com/D_NQ_NP_2X_933174-MLA117912464273_092026-F.jpg,https://http2.mlstatic.com/D_NQ_NP_2X_779051-MLA95502111950_102025-F.jpg",Behringer,Micrófonos
