sku,nombre,precio,precio_anterior,oferta,stock,categoria,subcategoria,marca
MLA2143648151,Microfono Lavalier Shure Pg185tqg,199999,,,Sí,Micrófonos,Microfonos,Shure
MLA1379055949,Micrófono De Mano Skp Pro-57,94498,,,Sí,Micrófonos,Microfonos,
MLA3190333558,Consola Behringer Xenyx 502s de mezcla,259999,,,Sí,DJ y consolas,Consolas de sonido y mezclad,Behringer
MLA3190588530,Soporte Bafle Pared Regulable 3 Posiciones Max 45kg Jk4 S221 Color Negro,52498,,,Sí,"Soportes, fundas y estructuras",Soportes para parlantes,Jk4
MLA2345348100,Sistema De Micrófonos Inalámbricos Doble Vincha Lexsen 2b2,198448,,,Sí,Micrófonos,Microfonos,Lexsen
MLA2472245528,Caja Directa Activa Behringer Ultra-di Di100,153298,,,Sí,DJ y consolas,Cajas directas,Behringer
MLA3354975044,Ficha Neutrik Nc3mx Conector Xlr Canon Macho A Cable 3 Pines Color Gris,22048,,,Sí,Cables y conectores,Conectores de audio y video,Neutrik
MLA2144107919,Ficha Conector Mini Uhf Hembra Crimp A Rg-58 Adaptador Prof,8999,,,Sí,Cables y conectores,Productos de telefonia y rad,
MLA2104022039,Bandeja para DJ Pioneer DJ Toca Discos PLX-500-K color negro,1199999,,,Sí,DJ y consolas,Bandejas para DJ,Pioneer DJ
MLA1654844802,"Parlante Woofer 18"" Profesional Jahro 18JB1000 1000W RMS Negro",618477,,,Sí,Parlantes y amplificación,Parlantes,Jahro
MLA855505279,Cable Fibra Óptica Conector Tolskin Metálico Calidad Premium,10498,,,Sí,Cables y conectores,Cables de red,Maxcable
MLA3286758718,Microfono Apogee U-57 Unidireccional Dinamico Metalico Color Negro,36750,,,Sí,Micrófonos,Microfonos,Apogee
MLA1778929846,Neutrik Nl8fc Conector Ficha Speakon 8 Contactos A Cable,83998,,,Sí,Cables y conectores,Conectores de audio y video,Neutrik
MLA1654844820,Microfono Conferencia Novik Fnk-10 Cardiode Cable Y Soporte Color Negro,79999,,,Sí,Micrófonos,Microfonos,Novik Neo
MLA3183936616,Cabezal Movil Led Alfie Wash Tecshow 7 Leds De 8 Watts Rgbw,188998,,,Sí,Iluminación,Luces de escenario LED,Tecshow
MLA3278009624,Cable de Micrófono Canon a Plug 6.3 de 3 Metros para Audio Profesional,36750,,,Sí,Cables y conectores,Cables y adaptadores de audi,Rst
MLA3365819282,Efecto Led Tecshow Cuatrotec Evo Rgbw Dmx,251998,,,Sí,Iluminación,Luces de escenario LED,Tecshow
MLA2007227630,Soporte Para Luces Skp Ls1 Atril Iluminación,179999,,,Sí,"Soportes, fundas y estructuras",Soportes para luces,SKP Pro Audio
MLA1876099672,Microfono De Mano Dinamico Apogee U Beta Supercardioide,47248,,,Sí,Micrófonos,Microfonos,Apogee
MLA1737699813,Parlante Skp Pro Sk-208px Par Activo+pasivo 200w + Soportes Color Negro,713893,,,Sí,Parlantes y amplificación,Parlantes,SKP Pro Audio
MLA1450659857,Micrófono Inalámbrico Doble Vincha Uhf Lexsen 2b300 Color Negro,277198,,,Sí,Micrófonos,Microfonos,Lexsen
MLA1491209855,Micrófono Inalámbrico Lexsen 2h2 De Mano Uhf 2 En 1 Color Negro,188998,,,Sí,Micrófonos,Microfonos,Lexsen
MLA3153521692,Morsa De Nudo Simple Stagelab Apa-029b Ampro,36750,,,Sí,"Soportes, fundas y estructuras",Prensas,Ampro
MLA935728383,Consola Potenciada Sanrai Bluetooth 4 Canales JMP4150 USB FM,346498,,,Sí,DJ y consolas,Consolas de sonido y mezclad,Sanrai
MLA1126602305,Consola SKP Pro Audio VZ-120 II VZ Powered de mezcla,839998,,,Sí,DJ y consolas,Consolas de sonido y mezclad,SKP Pro Audio
MLA1413262813,"Antena Tv Digital Hdtv Interior Y Exterior 3,5dbi Coaxial",24148,,,Sí,Video y pantallas,Antenas de TV,Genérica
MLA1531360984,Tacho PAR Tecshow Nebula 6 LED DMX RGBWA UV Iluminación Dj,157498,,,Sí,Iluminación,Luces de escenario LED,Tecshow
MLA844302505,Micrófonos Behringer C-2 Condensador Cardioide color plateado,219448,,,Sí,Micrófonos,Microfonos,Behringer
MLA1456717644,Consola SKP Pro Audio VZ-100 II VZ Powered de mezcla,787498,,,Sí,DJ y consolas,Consolas de sonido y mezclad,Skp
MLA1112380682,Consola Behringer X1204USB Xenyx de mezcla,849999,,,Sí,DJ y consolas,Consolas de sonido y mezclad,Behringer
MLA3983806262,Encordoamento Para Guitarra Sit Strings S1052 010,36750,,,Sí,Instrumentos,Encordados para instrumentos,Sit Strings
MLA3377554806,"Soporte Montaje Estándar Para Cencerro, Pinza Para Cencerro",36750,,,Sí,Instrumentos,Clamps para baterias,Genérica
MLA1475698623,Par Parlante Skp Sk-105 Audio Funcional 75w Color Negro,349648,,,Sí,Parlantes y amplificación,Parlantes,SKP Pro Audio
MLA3983793092,Parlante JBL Selenium J-1525 Bafle Pasivo 15 Pulgadas,1049998,,,Sí,Parlantes y amplificación,Parlantes,Jbl
MLA2139311050,Mixer Behringer 302usb Preamp Xenyx 5 Entradas Usb,229999,,,Sí,DJ y consolas,Consolas de sonido y mezclad,Behringer
MLA1654819154,Amplificador de audio Apogee H-18 negro 1200W,692998,,,Sí,Parlantes y amplificación,Amplificadores de audio,Apogee
MLA1748688361,Soporte Pared Guitarra Hercules Gsp38wbw Plus Bass Bajo Negro,47248,,,Sí,Instrumentos,Soportes de pie y pared para,Hércules
MLA2070482376,Interfaz de audio Behringer U-Phoria UMC202 negra 2.ª gen,398998,,,Sí,DJ y consolas,Interfaces de audio,Behringer
MLA1421315509,Linterna Frontal LED Recargable 350 Lm ALL PERSPECTIVES Cabeza USB A Prueba Agua,36750,,,Sí,Iluminación,Linternas,All Perspectives Headlamp
MLA1778994206,Soporte de Mesa para Micrófono con Brazo Articulado Moon Negro,36750,,,Sí,Micrófonos,Soportes para microfonos,Moon
MLA760879648,Liquido De Humo Usa Liquids 20 Litros Linea Disco Dj Liviano,179999,,,Sí,Máquinas de humo,Líquidos,Usa Liquids
MLA3153632736,Morsa De Nudo Simple Stagelab Apa-021b,36750,,,Sí,"Soportes, fundas y estructuras",Prensas,Stagelab
MLA825000262,Micrófono Behringer C1 Condensador Cardioide Color Dorado,209998,,,Sí,Micrófonos,Microfonos,Behringer
MLA1876099402,Micrófono Inalámbrico Apogee U11h Uhf De Mano Usb. Color Negro,146998,,,Sí,Micrófonos,Microfonos,Apogee
MLA2710911624,Tacho Par Led Bañador Tecshow Nebula Dual RGB+UV+W,241498,,,Sí,Iluminación,Luces de escenario LED,Tecshow
MLA1746934779,Potencia Amplificador Pm60 Moon 240w 2 X 60 Watts Color Negro Potencia de salida RMS 120 W,366448,,,Sí,Parlantes y amplificación,Amplificadores de audio,Moon
MLA864158147,Morza Pack De 10 Unidades Ganchos Clamp Acero 6 Mm Tecshow,262498,,,Sí,"Soportes, fundas y estructuras",Prensas,American Pro
MLA1654767818,Dicroicas 120v 250w Enh Gy 5.3 Osram 93506,50818,,,Sí,Iluminación,Focos,Osram
MLA1796387645,Mapex Soporte Redoblante S-250 Cuo Color Plateado,94498,,,Sí,Instrumentos,Soportes para bateria,Mapex
MLA1751028248,Fuente 12 Volt 20 Amper Metálica Regulada Cctv Neón Tira Led,41998,,,Sí,Electrónica y repuestos,Fuentes de alimentacion conm,Genérica
MLA3190963540,Auricular Profesional Behringer Hpm1100bk Monitoreo Studio Color Negro,47248,,,Sí,Auriculares,Auriculares,Behringer
MLA1347371724,Pack Tira 5 Pilas Tipo Boton Litio Cr2032 Lithium ,16426,,,Sí,Electrónica y repuestos,Pilas,Hitaka
MLA2023808613,Cable Midi 1 Metro Midiplus Sintetizador Fichas Metalicas,15999,,,Sí,Cables y conectores,Cables y adaptadores de audi,Midiplus
MLA3360477120,Bañador Led Compacto Nebula Quad 14 Tecshow,79999,,,Sí,Iluminación,Luces de escenario LED,Tecshow
MLA2474687046,Bañador Led Efecto Estrobo 3 En 1 Tecshow Strobe Box Dual,293998,,,Sí,Iluminación,Luces de escenario LED,Tecshow
MLA1379114317,Set X2 Micrófonos Inalámbricos Skp Uhf-300d Dinámicos 70mts,251998,,,Sí,Micrófonos,Microfonos,SKP Pro Audio
MLA3347205130,Auricular De Estudio Behringer Hpm1100 Over Ear Color Gris,41998,,,Sí,Auriculares,Auriculares,Behringer
MLA3642917264,Pack 2 Juegos Puntas Tester Multrimetro 2 Rojas 2 Negras,35000,,,Sí,Electrónica y repuestos,Multimetros,Elumiled
MLA3403909922,Clamp De Bateria Para Microfonos Pro Reforzado Skp Sdm 8,26248,,,Sí,Micrófonos,Clamps para baterias,Skp
MLA3766457766,Pilas boton Alcalinas Soda LR41 Pack 10 Unidades Para,5999,,,Sí,Electrónica y repuestos,Pilas,Soda
MLA1648037909,"Lampara Osram 64653 Elc 250w Gx 5,3 Fibra Opt-proyector",80664,,,Sí,Iluminación,Focos,Osram
MLA1913263454,Consola Behringer XR18 X Air de mezcla,2099999,,,Sí,DJ y consolas,Consolas de sonido y mezclad,Behringer
MLA1654729744,Tacho PAR PLS Par Led 543 162W RGBW con Control DMX,157498,,,Sí,Iluminación,Luces de escenario LED,Pls
MLA2007201920,Par De Soportes Trípodes Pies De Bafle Skp STD-4S Con Bolso Color Negro,139999,,,Sí,"Soportes, fundas y estructuras",Soportes para parlantes,SKP Pro Audio
MLA1531388249,Micrófono Inalámbrico SKP Pro Audio SA UHF 600 PRO de Mano 2 Unidades,346498,,,Sí,Micrófonos,Microfonos,SKP Pro Audio
MLA899207459,Bafle Activo Lexsen X5 Con Bluetooth Tws Fx 150w Rms Color Negro,346498,,,Sí,Parlantes y amplificación,Parlantes,Lexsen
MLA1736117919,Cable Micrófono DMX GBR 20m Conectores XLR Canon Macho Hembra Negro,73498,,,Sí,Cables y conectores,Cables y adaptadores de audi,Gbr
MLA1660149640,Auriculares Behringer HPM1000 BK color negro,46198,,,Sí,Auriculares,Auriculares,Behringer
MLA2710936996,Consola DMX Tecshow Navigator Lite 192 Canales Control Luces,104998,,,Sí,Iluminación,Luces de escenario LED,Tecshow
MLA1160870652,Micrófono Dinámico Shure Sv100 Multipropósito Con Cable Color Negro/Plateado,94498,,,Sí,Micrófonos,Microfonos,Shure
MLA1432501969,Woofer Jbl Selenium 8 Pulgadas 8pw Pro 175w Rms 8 Ohms Color Negro,179998,,,Sí,Parlantes y amplificación,Parlantes,Jbl
MLA1147209511,Micrófono Dinámico Shure Sv200 Cardioide Con Cable Color Negro,125998,,,Sí,Micrófonos,Microfonos,Shure
MLA2103994517,Auricular Pioneer DJ HDJ-CUE1,216999,,,Sí,Auriculares,Auriculares,Pioneer DJ
MLA3314435076,Tacho Led Proton Rgb 36w Tecshow Cosmo 36,103948,,,Sí,Iluminación,Luces de escenario LED,Tecshow
MLA1391685649,Tira LED RGB 5050 5m Time con Control y Fuente IP64 Interior Exterior,35000,,,Sí,Iluminación,Tiras de LED,Time
MLA3983806148,Halógeno Philips Halot One - 50 W Blanco cálido - 2,39999,,,Sí,Iluminación,Focos,Philips
MLA3769062526,Liquido De Humo 1 Lt Linea Classic Gbr El Mejor Maquina,9999,,,Sí,Máquinas de humo,Líquidos,Gbr
MLA3690635472,Bafle Activo 15 Pulgadas Bam Mk2 15-a Bt 450w Reales Tecshow negro,469999,,,Sí,Parlantes y amplificación,Parlantes,Tecshow
MLA1511848081,Micrófonos PRO 33K Dinámico Cardioide color negro SKP Pro Audio,127048,,,Sí,Micrófonos,Microfonos,SKP Pro Audio
MLA1413198393,Caja Directa Behringer Ultra-di Di400p Pasiva 1 Canal,98173,,,Sí,DJ y consolas,Cajas directas,Behringer
MLA1456552978,Microfono Dinamico Profesional Skp Pro20 Negro,47248,,,Sí,Micrófonos,Microfonos,Skp
MLA2104048141,Pioneer ddj-flx4 controlador dj de 2 canales negro,899999,,,Sí,DJ y consolas,Controladores DJ,Pioneer DJ
MLA1391698497,Behringer Ultra Di20 Caja Directa Activa 2 Canales,94498,,,Sí,DJ y consolas,Cajas directas,Behringer
MLA1913467442,Liquido Humo Usa Liquids Smoke Disco Dj Para Maquinas 5 Lts,52999,,,Sí,Máquinas de humo,Líquidos,Usa Liquids
MLA2007227722,Tripode Iluminacion Con T SKP Ls-2 Soporte Luces Stand,262498,,,Sí,"Soportes, fundas y estructuras",Soportes para luces,SKP Pro Audio
MLA1746955625,Tacho PAR LED RGB PLS PL-543 54 Luces 3W DMX512 7 Canales Estrobo,146998,,,Sí,Iluminación,Luces de escenario LED,Pls
MLA3309695038,Parlante Pasivo Tecshow 10 Pulgadas 120W RMS 8 Ohms Fidelidad Medias Bajas,83998,,,Sí,Parlantes y amplificación,Parlantes,Tecshow
MLA1747084925,Auricular Sennheiser Mx80 Negros Con Miniplug Negro,31498,,,Sí,Auriculares,Auriculares,Sennheiser
MLA878749913,Auriculares Behringer HPX2000 plateado y negro,83998,,,Sí,Auriculares,Auriculares,Behringer
MLA1695003492,Consola De Mezclas Mackie Mix5 Compacta 5 Canales - Oddity,241498,,,Sí,DJ y consolas,Consolas de sonido y mezclad,Mackie
MLA3372891502,Set Micrófono Inalámbrico De Mano Skp Uhf-700 Pro Body Pack Color Negro,356998,,,Sí,Micrófonos,Microfonos,SKP Pro Audio
MLA1824384837,Soporte Para Bafle Pared Fijo 15º Hasta 30 Kg Jk4 S220 Color Negro,49999,,,Sí,"Soportes, fundas y estructuras",Soportes para parlantes,Jk4
MLA669602184,Cable Óptico Digital Con Ficha Dorada Toslink Maxcable,11548,,,Sí,Cables y conectores,Cables de red,Maxcable
MLA2471813892,Cabezal Móvil Tecshow Molly Beam 150W LED RGBW Ángulo 3º Effecto Visual,524998,,,Sí,Iluminación,Luces de escenario LED,Tecshow
MLA3434949206,Consola Mixer Moon Euro8 8 Canales Usb Bluetooth 99 Efectos,356998,,,Sí,DJ y consolas,Consolas de sonido y mezclad,Moon
MLA2140574027,Ficha Uhf Macho (pl-259) A N Hembra Conector Adaptador Prof,29999,,,Sí,Cables y conectores,Productos de telefonia y rad,
MLA1474675705,Sistema 2 Trípodes Soporte Luces Con Armadura Skp Ls-3,571723,,,Sí,"Soportes, fundas y estructuras",Soportes para luces,Skp
MLA1341370319,Máquina de humo PLS F-1000 color negro,241498,,,Sí,Máquinas de humo,Máquinas y repuestos,Pls
MLA1457369906,Set Micrófono Inalámbrico De Mano Skp Uhf-400d Con Body Pack Color Negro,262498,,,Sí,Micrófonos,Microfonos,SKP Pro Audio
MLA1368820723,Bafle Caja Sublow Activo 18 350 W Rms Apogee A18 Negro,1154998,,,Sí,Parlantes y amplificación,Parlantes,Apogee
MLA3163863144,Micrófono Shure SM SM58-LC dinámico cardioide gris oscuro/plateado,419998,,,Sí,Micrófonos,Microfonos,Shure
MLA1736363211,Gancho Morsa Stagelab Apa-023b De Nudo Simple Delgada,36750,,,Sí,"Soportes, fundas y estructuras",Prensas,Stagelab
MLA3164741372,Base Con 2 Morsas Apa-027b Nudo Simple 2 Pulgadas Show,72334,,,Sí,"Soportes, fundas y estructuras",Prensas,Stagelab
MLA2104049287,Controlador DJ Pioneer XDJ-RR negro de 2 canales,2999999,,,Sí,DJ y consolas,Controladores DJ,Pioneer DJ
MLA2470977604,Amplificador De Potencia Lexsen Lxa1200 Profesional 1200w Color Negro,692998,,,Sí,Parlantes y amplificación,Amplificadores de audio,Lexsen
MLA3983806172,Parlante Leea Woofer 18'' Lf18rf 1000watts 8 Ohms Negro,477275,,,Sí,Parlantes y amplificación,Parlantes,Leea
MLA1476834969,Tacho Proton Tecshow COSMO 18 LED RGB 18W Control Remoto DMX,89248,,,Sí,Iluminación,Luces de escenario LED,Tecshow
MLA2345535906,Mezcladora Novik Neo Nvk1602fx 16 Canales Con 99 Efectos,499999,,,Sí,DJ y consolas,Consolas de sonido y mezclad,Novik Neo
MLA1416487537,Amplificador Comercial Bluetooth Skp Pw-104 25w 4 Canales Bt Color Blanco Potencia de salida RMS 100 W,251557,,,Sí,Parlantes y amplificación,Amplificadores de audio,SKP Pro Audio
MLA3203267296,Parlante Selenium 12pw Pro 275w Rms Jbl Color Negro,209998,,,Sí,Parlantes y amplificación,Parlantes,Jbl
MLA1434787771,Microfono Skp Sm 57 Espectacular Para Instrumentos Negro,52498,,,Sí,Micrófonos,Microfonos,Skp
MLA3690635530,Neutrik Nac3mpb Powercon Ficha Conector Macho A Chasis,16798,,,Sí,Cables y conectores,Conectores de audio y video,Neutrik
MLA1749979317,Behringer Xenyx 1002sfx Mezcladora 10 Canales Efectos Y Usb,499999,,,Sí,DJ y consolas,Consolas de sonido y mezclad,Behringer
MLA2060456476,Potencia Apogee H-8 de 600 W Profesional para Sonido con 2 Canales Negro,461998,,,Sí,Parlantes y amplificación,Amplificadores de audio,Apogee
MLA2060443616,Procesador De Efectos Para Dj Behringer Fx-2000,461998,,,Sí,DJ y consolas,Procesadores de efectos para DJ,Behringer
MLA2095259950,Conector Speakon 8 Neutrik Nl8mpr Contactos Macho P/ Chasis,52847,,,Sí,Cables y conectores,Conectores de audio y video,Neutrik
MLA1475736875,Potencia Amplificador Lexsen LXA-900 de 900W para Sonido Profesional,635248,,,Sí,Parlantes y amplificación,Amplificadores de audio,Lexsen
MLA3195138736,Amplificador de Potencia Ampro Tecshow APX-II 300 2x150w 4Ohms,508198,,,Sí,Parlantes y amplificación,Amplificadores de audio,Tecshow
MLA3168384374,Jbl Max 15 Bafle Potenciado Activo 350 Watts Rms Bluetooth,1364998,,,Sí,Parlantes y amplificación,Parlantes,Jbl
MLA1546561160,Ecualizador Behringer FBQ1502HD Gráfico,419998,,,Sí,Parlantes y amplificación,Ecualizadores,Behringer
MLA3983806164,Amplificador Funcional Tecshow Dome Core 240 W Digital 100v Negro,692998,,,Sí,Parlantes y amplificación,Amplificadores de audio,Tecshow
MLA1785621415,Woofer Tecshow 18 Pulgadas 400W RMS Altavoz Pasivo Negro,209998,,,Sí,Parlantes y amplificación,Parlantes,Tecshow
MLA4014103476,Auriculares Shure Se 215 K Bt 1 La Plata Color Negro,339999,,,Sí,Auriculares,Auriculares,Shure
MLA2060360694,Amplificador Apogee H-12 Profesional de 900W para Bafles,629998,,,Sí,Parlantes y amplificación,Amplificadores de audio,Apogee
MLA3983793120,Maracas Round Head Marca Alice Modelo A045m,20998,,,Sí,Instrumentos,Maracas,Alice
MLA1770746531,Encordado para Guitarra Eléctrica SIT Power Wound de Níquel 009 con 6 Cuerdas,26248,,,Sí,Instrumentos,Encordados para instrumentos,Sit
MLA1845433451,Voltímetro Analogico Sew St-72 0-250 Volt,59999,,,Sí,Electrónica y repuestos,Voltimetros,Sew
MLA2489118772,Samson Ls2 Par de Soporte Trípode para Bafle Hasta 25 Kg x 2 unidades,158548,,,Sí,"Soportes, fundas y estructuras",Soportes para parlantes,Samson
MLA1729696652,Ficha Plug Neutrik Mono 1/4 6.5mm Ts Rean Nys201 Metalica,11548,,,Sí,Cables y conectores,Conectores de audio y video,Rean Neutrik
MLA3153265650,Aparejo Manual Cadena De 10mt Soporta 1tonelada,629998,,,Sí,"Soportes, fundas y estructuras",Aparejos manuales,Ampro
MLA1441703045,Bafle Activo Skp Q15 Mk2 15 1500w Rms Bluetooth Dps Color Negro,1523548,,,Sí,Parlantes y amplificación,Parlantes,Skp
MLA1374646603,Morsa De Acero Para Iluminacion M-409 Marca X-pro,14698,,,Sí,"Soportes, fundas y estructuras",Prensas,X-Pro
MLA1784298651,Cable XLR Profesional de 6 Metros para Micrófono y Consola Jahro,36750,,,Sí,Cables y conectores,Cables y adaptadores de audi,Jahro
MLA3381707268,Morsas X-pro Clamp Acero M409 Pack 2 Unidades,36750,,,Sí,"Soportes, fundas y estructuras",Prensas,X-Pro
MLA3690635480,Octobeam Rgbw Efecto Barra Led Movil 8 X10w Dmx,734998,,,Sí,Iluminación,Luces de escenario LED,Gbr
MLA3983793088,Líquido Para Burbujas 1 Litro USA Modelo Bubble Sin Fragancia,15999,,,Sí,Máquinas de humo,Líquidos,Usa
MLA3164580300,Consola Potenciada Gbr 6 Canales Bluetooth,482988,,,Sí,DJ y consolas,Consolas de sonido y mezclad,Gbr
MLA1576655857,Luces láser para escenarios GBR SPIRO LED 162,314998,,,Sí,Iluminación,Luces laser para escenarios,Gbr
MLA3636759012,Pie Microfono Jirafa Reforzado Aluminio Moon Audio Pro Pmj05b Negro,68248,,,Sí,Micrófonos,Soportes para microfonos,Moon Audio Pro
MLA3190663558,Consola Behringer X1222USB Xenyx de mezcla,1099999,,,Sí,DJ y consolas,Consolas de sonido y mezclad,Behringer
MLA1493771821,Manguera Gbr Snake 8 Canales 20 Metros Xlr Canon Audio Pro,293998,,,Sí,Cables y conectores,Patch panels,Gbr
MLA1123207581,Guitarra clásica Gracia M5 6 cuerdas nailon mástil de cedro diestros,251998,,,Sí,Instrumentos,Guitarras criollas,Gracia
MLA3153630596,Bafle Activo De 2 Vías Behringer Eurolive B115w 15 1000w Color Negro,1699999,,,Sí,Parlantes y amplificación,Parlantes,Behringer
MLA856597222,Pie Tripode Iluminacion Altura Ajustable Cap. De Carga 50kg,230998,,,Sí,"Soportes, fundas y estructuras",Soportes para luces,Sanrai SKP
MLA3926764240,Bocina Portatil Bluetooth Altec Fury Resistente Al Agua Negro,178498,,,Sí,Parlantes y amplificación,Parlantes,Altec Lansing
MLA1654754878,Soporte De Microfono P/ Bateria Samson Dmc100 X 3 Unidades,104998,,,Sí,Micrófonos,Soportes para microfonos,Samson
MLA1763055535,Potencia Apogee H36 2400w 2 Canales 1200w Color Negro,2099998,,,Sí,Parlantes y amplificación,Amplificadores de audio,Apogee
MLA1648064111,Máquina Humo Inalambrica Gran Caudal 1500w El Gris,370350,,,Sí,Máquinas de humo,Máquinas y repuestos,Gbr
MLA2710899114,Láser Gbr App Multi Color Gráficos Animados Escribe,787498,,,Sí,Iluminación,Luces laser para escenarios,Gbr
MLA4014334288,Bafle Potenciado Behringer Eurolive B112w Bluetooth Color Negro,1199990,,,Sí,Parlantes y amplificación,Parlantes,Behringer
MLA1648012269,Microfono Condenser Usb Lexsen Lex10 Usb C/ Tripode - Oddity,63523,,,Sí,Micrófonos,Microfonos,Lexsen
MLA1540046436,Consola Behringer XR16 X Air de mezcla,1549999,,,Sí,DJ y consolas,Consolas de sonido y mezclad,Behringer
MLA1648063715,Consola DMX Tecshow Navigator 3 192 Canales Control MIDI,262498,,,Sí,Iluminación,Luces de escenario LED,
MLA1374572231,Morsa De Acero Para Iluminacion (pack 2 Unid) Jk4 M401 Xpro,51973,,,Sí,"Soportes, fundas y estructuras",Prensas,Jk4
MLA3190793302,Consola Mezcladora Behringer Xenyx 1204usb 12 Canales,692998,,,Sí,DJ y consolas,Consolas de sonido y mezclad,Behringer
MLA2307316988,Consola Midas MR18 M Air de mezcla,2519998,,,Sí,DJ y consolas,Consolas de sonido y mezclad,Midas
MLA1647963781,Cabezal Movil Tecshow Ampro Molly Beam 150w + Anillo Rgb KIT 6 UNIDADES.,3149998,,,Sí,Iluminación,Luces de escenario LED,Tecshow
MLA1123201158,Guitarra clásica Gracia M2 4/4 adulto abedul diestros cuerdas de nailon,272998,,,Sí,Instrumentos,Guitarras criollas,Gracia
MLA1997721156,Micrófono Inalámbrico Uhf Apogee U12h Doble Receptor Usb Color Negro,196348,,,Sí,Micrófonos,Microfonos,Apogee
MLA2551587462,"Efecto de Iluminación 4 en 1 GBR LED GEM HP con Láser, Gobos y Flash para Eventos",510298,,,Sí,Iluminación,Luces laser para escenarios,Gbr
MLA1132890758,Máquina de humo GBR Konor 600 Pro color negro,136498,,,Sí,Máquinas de humo,Máquinas y repuestos,Gbr
MLA1648126569,Estructura Iluminación Doble Jk4 K920 2 Brazos Acero 2m Para Trípode,188998,,,Sí,"Soportes, fundas y estructuras",Soportes para luces,Jk4
MLA1504959604,Behringer P1 Sistema De Monitoreo Personal Color Negro,210720,,,Sí,Auriculares,Auriculares,Behringer
MLA1578111425,Cabezal Móvil Tecshow Beamer 250 Mini RGB 250W 24 LEDs,734998,,,Sí,Iluminación,Luces de escenario LED,Tecshow
MLA1495377670,Consola Behringer XR12 X Air de mezcla,1299999,,,Sí,DJ y consolas,Consolas de sonido y mezclad,Behringer
MLA3381705088,Soporte Truss Luces Trípode Jk4 K966 Serie K900 24x24 Cm,62998,,,Sí,"Soportes, fundas y estructuras",Soportes para luces,Jk4
MLA3190588612,Microfono Behringer Bigfoot Usb Podcast Streaming Salida Aur Color Negro,293998,,,Sí,Micrófonos,Microfonos,Behringer
MLA1655077038,Auriculares Shure Se215 In-ear Monitoreo Sound Isolating Color Clear,349999,,,Sí,Auriculares,Auriculares,Shure
MLA1655330312,Soporte Araña Samson Para Microfono Condenser Shock Mount,125998,,,Sí,Micrófonos,Soportes para microfonos,Samson
MLA865695915,Cable Fibra Óptica Conector Tolskin Gold Premium Pack 3 Unid,36750,,,Sí,Cables y conectores,Cables de red,Maxcable
MLA1746983219,Micrófonos Skp Drum 7 Para Batería Set Con Estuche Y Clamps Color Negro,776998,,,Sí,Micrófonos,Microfonos,Skp
MLA3403677680,Micrófono Dinámico SKP GM9 Cuello Ganso Omnidireccional Conferencias,125998,,,Sí,Micrófonos,Microfonos,SKP Pro Audio
MLA3649421646,Cuerdas para Guitarra Eléctrica Framus Light 9 de Acero Niquelado,25198,,,Sí,Instrumentos,Encordados para instrumentos,Framus
MLA2471790460,Máquina de humo GBR Konor 600 color negro,118510,,,Sí,Máquinas de humo,Máquinas y repuestos,Gbr
MLA1381704160,Máquina de humo GBR Konor 900 Pro color gris,314998,,,Sí,Máquinas de humo,Máquinas y repuestos,Gbr
MLA3605830256,Parlante Activo SKP Pro Audio SK-6PX Bluetooth Woofer 250W,618450,,,Sí,Parlantes y amplificación,Parlantes,SKP Pro Audio
MLA933617135,Tramo Reticulado Jk4 K922 Doble Caño Para K900 2 Metros  ,159999,,,Sí,"Soportes, fundas y estructuras",Soportes para luces,Jk4
MLA734340240,Liquido De Burbujas Usa Liquids 4 Bidones De 5 Litros Bubble,179999,,,Sí,Máquinas de humo,Líquidos,Usa Liquids
MLA3284624100,Pack 2 Pilas Aaa Recargables 1.5v 600mwh Cable Usb A Usb-c,31498,,,Sí,Electrónica y repuestos,Pilas,Genérica
MLA2716203998,Batería Electrónica Octapad 8 Pads Nux Dp-2000 Cu,839998,,,Sí,Instrumentos,Baterias electronicas,Nux
MLA1379059665,Microfono Profesional Skp Pro 40 Dinamico Unidireccional Color Negro,48999,,,Sí,Micrófonos,Microfonos,SKP Pro Audio
MLA855095915,Soporte De Piso Para Tacho Luces Iluminacion Xpro P750,13648,,,Sí,"Soportes, fundas y estructuras",Soportes para luces,X-Pro
MLA1450651093,Auricular Dj Cerrado Profesional Plegable Behringer Bdj1000 Color Negro,92398,,,Sí,Auriculares,Auriculares,Behringer
MLA907129173,Interfaz de audio Focusrite Scarlett 8i6 3.ª gen,839998,,,Sí,DJ y consolas,Interfaces de audio,Focusrite
MLA1932510799,Barral Pixel Led Gbr Wash Led 6,262498,,,Sí,Iluminación,Luces de escenario LED,Gbr
MLA1475813353,Kit De Grabación Apogee C06 Condenser Streaming Podcast Xlr Color Negro,150148,,,Sí,Micrófonos,Microfonos,Apogee
MLA1530069656,Parlante JBL J-1860A negro,1994998,,,Sí,Parlantes y amplificación,Parlantes,Jbl
MLA1736355443,Monitor de Escenario Jbl Eon715 Eon 715 Negro,1679998,,,Sí,Parlantes y amplificación,Parlantes,Jbl
MLA3922041400,Máquina de humo GBR Konor 900 900w inalambrico,317624,,,Sí,Máquinas de humo,Máquinas y repuestos,Gbr
MLA3274074672,"Cuerdas Para Bajo Electrico Epic 1,14mm",42000,,,Sí,Instrumentos,Encordados para instrumentos,Epic
MLA1576770627,Led Washer Pro Barra Led Spot 40 Led Pixel Gbr,367498,,,Sí,Iluminación,Luces de escenario LED,Gbr
MLA3205799222,Jbl Woofer 15cv5 150w Rms Color Negro,262498,,,Sí,Parlantes y amplificación,Parlantes,Jbl
MLA1876099378,Microfono Shure Pg57 Dinámico Profesional + Pipeta + Funda Color Negro,209998,,,Sí,Micrófonos,Microfonos,Shure
MLA1983100258,Tacho PAR Tecshow Cosmo UV 54W 18 LED Luz Negra DMX,114343,,,Sí,Iluminación,Luces de escenario LED,Tecshow
MLA1476834955,Parlante Novik Neo Stage 8 Pro portátil con bluetooth negro,665225,,,Sí,Parlantes y amplificación,Parlantes,Novik Neo
MLA1869349327,Potencia Amplificador Apogee H20 800w + 800w 4ohms Audio Pro Color Negro Potencia De Salida Rms 1500 W,944998,,,Sí,Parlantes y amplificación,Amplificadores de audio,Apogee
MLA1749983143,Micrófono Para Instrumento Shure Sm57 Color Negro,314989,,,Sí,Micrófonos,Microfonos,Shure
MLA1655076982,Placa Inteface De Audio Usb 2 Canales Apogee Im22 Phantom Color Negro,199498,,,Sí,DJ y consolas,Interfaces de audio,Apogee
MLA2139561036,Ecualizador Gráfico Behringer FBQ3102HD 31 Bandas Crossover,636298,,,Sí,Parlantes y amplificación,Ecualizadores,Behringer
MLA1416456707,Amplificador Skp Pw-050bt 50w Blanco 2 Canales Bluetooth 50 W,251998,,,Sí,Parlantes y amplificación,Amplificadores de audio,SKP Pro Audio
MLA660726504,Base Para Estructura Jk4 K961 Truss Iluminación Regulable,230998,,,Sí,"Soportes, fundas y estructuras",Soportes para luces,Jk4
MLA3634636650,Subwoofer 21 Pulgadas Apogee Wf2101 600 Watts Parlante 96db Negro,461998,,,Sí,Parlantes y amplificación,Parlantes,Apogee
MLA1861105990,Bolsa Big Max Stand Heaven Seven Ultraliviana Color Rojo/Gris,532904,,,Sí,Otros,Bolsas de golf,Big Max
MLA1910904373,Pinza Amperimétrica Ac/dc Digital Mastech 700v 1000a,259999,,,Sí,Electrónica y repuestos,Pinzas amperometricas,Mastech
MLA1976637175,Pack 4 Liquido De Humo 1 Lt Linea Classic Gbr El Mejor,37999,,,Sí,Máquinas de humo,Líquidos,Gbr
MLA1452818229,Consola Behringer XR18 X Air de mezcla,1749999,,,Sí,DJ y consolas,Consolas de sonido y mezclad,Behringer
MLA1785804695,Cabezal Móvil Multicolor LED 30W GBR DMX Inclinación 270° Modelo MOVING LED 500,304499,,,Sí,Iluminación,Luces de escenario LED,Gbr
MLA1364546710,Micrófono GBR SE-09 Estudio Captación y Emisión de Audio,36750,,,Sí,Micrófonos,Microfonos,Gbr
MLA617513103,Tramo 1 Metros Jk4 K-941 Truss Estructura Cuadrada,199499,,,Sí,"Soportes, fundas y estructuras",Soportes para luces,X-Pro
MLA3168726194,Micrófono Shure WL93 con solapa color negro,262498,,,Sí,Micrófonos,Microfonos,Shure
MLA1932510727,"Parlante Notabrick NOTABRICK Inalámbrico Portátil, con Bluetooth y Resistencia al Agua IPX6",141748,,,Sí,Parlantes y amplificación,Parlantes,Notabrick
MLA1380518709,Interfaz de audio Focusrite Scarlett 2i2 Studio roja y negra 3.ª gen,1028998,,,Sí,DJ y consolas,Interfaces de audio,Focusrite
MLA764539964,Tripode Iluminacion Gbr 3 Metros Altura Maxima Regulable,157498,,,Sí,"Soportes, fundas y estructuras",Soportes para luces,Gbr
MLA1747005879,Micrófono Condensador GBR JP-39 PC Verde Oscuro Cuello de Ganso Studio,68247,,,Sí,Micrófonos,Microfonos,Gbr
MLA2060456508,Ecualizador Gráfico DBX 1215 15 Bandas Estéreo Dual Canales,944998,,,Sí,Parlantes y amplificación,Ecualizadores,Dbx
MLA617512968,Tramo 2 Metros Jk4 K-942 Truss Estructura Cuadrada  Nueva,298198,,,Sí,"Soportes, fundas y estructuras",Soportes para luces,X-Pro
MLA1648038377,Luz Láser Profesional Tecshow LZ1 Full Color 1W Con DMX y Ventilación,635248,,,Sí,Iluminación,Luces laser para escenarios,Tecshow
MLA3183147546,Teclado Medeli M311 61 Teclas Sensitivo Con Usb,461998,,,Sí,Instrumentos,Teclados musicales,Medeli
MLA1647999937,Cabezal Móvil GBR BEAM LED 6 RGBW 60W DMX Audio,419998,,,Sí,Iluminación,Luces de escenario LED,Gbr
MLA2551458930,Set De Micrófonos Shure Pgadrumkit5 Para Batería Color Negro,1154998,,,Sí,Micrófonos,Microfonos,Shure
MLA1341393871,Martín Rush SM650 Máquina de Humo 650W Control Remoto Con Cable Negra,314998,,,Sí,Máquinas de humo,Máquinas y repuestos,Martin Rush
MLA2472347578,Moonflower de led de 5 salidas Acme LED-7875 320 Leds Rgb 5W DMX Event Lighting,522898,,,Sí,Iluminación,Luces de escenario LED,Acme
MLA1562287229,Controlador MIDI Stanton SCS.3D USB para DJ con 8 botones y sliders,157498,,,Sí,DJ y consolas,Controladores MIDI,Stanton
MLA874008504,Microfono Behringer C3 Condensador Estudio Con Pipeta Plateado,334948,,,Sí,Micrófonos,Microfonos,Behringer
MLA3636759356,Consola Potenciada Bluetooth Sanrai Jmp8150 8 Canales USB/SD,581545,,,Sí,DJ y consolas,Consolas de sonido y mezclad,Sanrai
MLA2345322768,Bafle Activo Turbosound Milan M10 600w Full Range Color Negro,1364998,,,Sí,Parlantes y amplificación,Parlantes,Turbosound
MLA1380531371,Parlante Jbl Selenium 18ws600 Subwoofer 18 600w Rms Color Negro,734998,,,Sí,Parlantes y amplificación,Parlantes,Jbl
MLA850383524,Morza Pack De 20 Unidades Ganchos Clamp Acero 6 Mm Tecshow,419998,,,Sí,"Soportes, fundas y estructuras",Prensas,American Pro
MLA1751620819,Consola Novik Neo NVK 20M USB de mezcla,923998,,,Sí,DJ y consolas,Consolas de sonido y mezclad,Novik Neo
MLA910203979,"Micrófono Samson C03U Condensador Cardioide, Omnidireccional, Bidireccional color plata",293998,,,Sí,Micrófonos,Microfonos,Samson
MLA881221859,Parlante JBL Selenium J-1860 Bafle Pasivo Subwoofer 18 Pulg,1259998,,,Sí,Parlantes y amplificación,Parlantes,Jbl
MLA1932510761,Luz De Escenario Gbr Multi Panel 360 Modos Dmx Rgb 9 Leds Strobo,577488,,,Sí,Iluminación,Luces de escenario LED,Gbr
MLA1429877108,Auriculares Shure Srh144 Plegables Rango Extendido Color Negro,157498,,,Sí,Auriculares,Auriculares,Shure
MLA1785622161,Parlante Tecshow 12w200 Pasivo 12 Pulgadas 200w Negro,167998,,,Sí,Parlantes y amplificación,Parlantes,Tecshow
MLA3159341810,Amplificador De Potencia 1800w Apogee H24 Profesional Negro,1154998,,,Sí,Parlantes y amplificación,Amplificadores de audio,Apogee
MLA2104021585,Pioneer DJ DM40-BT,599999,,,Sí,Parlantes y amplificación,Monitores de estudio,Pioneer
MLA3381709792,Cubo Elevador Estructura 24x24 Xpro K968,1469998,,,Sí,"Soportes, fundas y estructuras",Soportes para luces,X-Pro
MLA1751620453,Consola Sonido Mixer Tecshow Grey 2 8 Usb 8 Canales Efectos,734998,,,Sí,DJ y consolas,Consolas de sonido y mezclad,Tecshow
MLA3131180304,Lámpara de Descarga Venetian MSR 700 para Iluminación Profesional 700 W Blanco Neutro,367498,,,Sí,Iluminación,Focos,Venetian
MLA1441702771,"Parlante Activo SKP Q10 MKII de 10"" y 1300W con Bluetooth",954973,,,Sí,Parlantes y amplificación,Parlantes,Skp
MLA3634636670,Máquina de humo GBR Konor 1500 Pro,472499,,,Sí,Máquinas de humo,Máquinas y repuestos,Gbr
MLA1807273703,Tramo Reticulado Curvo Jk4 K946 Doble Caño Para K900 3mts,419998,,,Sí,"Soportes, fundas y estructuras",Soportes para luces,Jk4
MLA617513514,Xpro K 960 G3 | Cubo Adaptador Estructura Cuadrada 24x24cm,283498,,,Sí,"Soportes, fundas y estructuras",Soportes para luces,Jk4
MLA1747006891,Kit 2 Micrófonos De Mano Gbr Inalambrico Uhf 30 Frecuencias,220498,,,Sí,Micrófonos,Kits de microfonos transmis,Gbr
MLA1372510959,Shure Pga52 Microfono Dinamico Para Bombo / Bajo Color Negro,430498,,,Sí,Micrófonos,Microfonos,Shure
MLA3203151346,"Potencia Lexsen LXA-600 de 600W RMS y 2 Canales, Negra",514498,,,Sí,Parlantes y amplificación,Amplificadores de audio,Lexsen
MLA2791102982,Consola Mezcladora Behringer Xenyx X2222USB de 12 Canales con Efectos y USB,1097248,,,Sí,DJ y consolas,Consolas de sonido y mezclad,Behringer
MLA2012046088,Bafle Potenciado Skp Pro Audio Sk-5px Bluetooth 15'' 250w Negro,682498,,,Sí,Parlantes y amplificación,Parlantes,SKP Pro Audio
MLA1475736883,Consola Mixer Behringer Xenyx X1832usb Estudio Dj,1099999,,,Sí,DJ y consolas,Consolas de sonido y mezclad,Behringer
MLA740522372,Monitor In Ear Moon Ma01 Iew Intraural Uhf Inalambrico,466640,,,Sí,Auriculares,Sistemas de monitoreo inalam,Moon
MLA1546878010,Micrófono Condensador Behringer B1 De Diafragma Grande Oro,427348,,,Sí,Micrófonos,Microfonos,Behringer
MLA1364546666,Bafle Portátil Activo Potenciado De 15 Jahro,444673,,,Sí,Parlantes y amplificación,Parlantes,Jahro
MLA1341549518,Kit Grabacion Behringer Voice Studio Interfaz Usb Mic500 C-1 Color Negro/Gris,472498,,,Sí,DJ y consolas,Interfaces de audio,Behringer
MLA3168735242,Lampara De Descarga Osram Hmi 575 W Dxs 575w Cabezal Movil Color De La Luz Blanco Frío,524998,,,Sí,Iluminación,Focos,Osram
MLA1450712317,"Parlante tipo woofer JBL 18SW5P para auto/camioneta color negro de 8Ω 18"" x 18 """,1039498,,,Sí,Parlantes y amplificación,Parlantes para vehiculos,Jbl
MLA1491248701,Consola Mixer Behringer Xenyx Q1204 Usb 12 Entrad.fervanero,799999,,,Sí,DJ y consolas,Mezcladoras para DJ,Behringer
MLA2307358672,Parlante Caja Activa SKP Pro Audio Q12 12'' 500W DSP Entrada XLR/TRS,1097248,,,Sí,Parlantes y amplificación,Parlantes,SKP Pro Audio
MLA3352100130,Bafle Activo Apogee A21 Subwoofer 21 Pulgadas 500w Rms,1627498,,,Sí,Parlantes y amplificación,Parlantes,Apogee
MLA1740943885,Barra Láser Gbr 500mw Movimiento Rgb Dmx Audio,1889998,,,Sí,Iluminación,Luces laser para escenarios,Gbr
MLA907134274,Parlante JBL J-2155 negro,1679998,,,Sí,Parlantes y amplificación,Parlantes,Jbl
MLA1126309209,Consola Behringer QX1832USB Xenyx de mezcla,1349999,,,Sí,DJ y consolas,Consolas de sonido y mezclad,Behringer
MLA1540377586,Consola Behringer X1622USB Xenyx de mezcla,1049998,,,Sí,DJ y consolas,Consolas de sonido y mezclad,Behringer
MLA1799178811,Tecshow Halo 7r Cabeza Móvil Beam,1259998,,,Sí,Iluminación,Luces de escenario LED,Tecshow
MLA1387726027,Monitor Profesional Behringer Studio 50usb 150 Watts Par,692998,,,Sí,Parlantes y amplificación,Monitores de estudio,Behringer
MLA1895828207,Motor Gbr Para Bola Espejada Hasta 40 Cm,39999,,,Sí,Iluminación,Bolas espejadas,Gbr
MLA871810417,Ficha Derivador 90° En L Tnc Macho A Tnc Hembra Cctv A Rosca,4999,,,Sí,Cables y conectores,Conectores de audio y video,Tevelam
MLA3832418358,Pack 2 Paños Para Bandeja Gira Disco Numark,35999,,,Sí,DJ y consolas,Slipmats para tornamesas,Numark
MLA2014043591,Teléfono Portero Kocom Kdp 601 A 220v Corriente,39999,,,Sí,Electrónica y repuestos,Porteros electricos,Kocom (Hyundai)
MLA1907804177,Fuente Adaptador Transformador 4.5v 650ma Mws465,13999,,,Sí,Electrónica y repuestos,Productos electronicos,
MLA897566129,Divisor De Frecuencia Drt200 Croosover 3 Vias 8ohms 650-5600,36750,,,Sí,Parlantes y amplificación,Crossovers de audio,Tevelam
MLA1750510031,Driver Jahro Jhr-5033 200w 8 Ohms,54999,,,Sí,Parlantes y amplificación,Drivers de compresion para v,Jahro
MLA3189411848,Cable Midi Premiun De Un Metro Con Ficha A 90 Grados,15748,,,Sí,Cables y conectores,Cables y adaptadores de audi,Maxcable
MLA1729509867,Bomba Repuesto Maquina De Humo 600- 400 Mlb Fog Pls Y Mas,41998,,,Sí,Máquinas de humo,Máquinas y repuestos,Gbr
MLA3199472788,Protón Tacho De 18 Led Luz Ultravioleta Uv Dmx Auto Audio.,52498,,,Sí,Iluminación,Luces de escenario LED,Genérico
MLA1376281685,Laser Rgb Multipunto Pls | Potencia: R50mw / G4mw / B80mw,64999,,,Sí,Iluminación,Luces laser para escenarios,Pls
MLA3471136398,Pack 5 Conector Uhf Macho Pl259 A Coaxial Rg58 Soldable,41998,,,Sí,Cables y conectores,Productos de telefonia y rad,
MLA3783751350,Spot 18 Led Proton Par 500 180w 6 En 1 Con Uv Luz Negra Gbr,119999,,,Sí,Iluminación,Luces de escenario LED,Gbr
MLA856348768,Adaptador Conector Sma Hembra A Bnc Hembra De Baja Perdida),5248,,,Sí,Cables y conectores,Cables y adaptadores de audi,Tevelam
MLA1926100557,Repuesto Para Driver Leea Pa44 Bobina Diafragma,19999,,,Sí,Parlantes y amplificación,Productos electronicos,
MLA617226955,Procesador Behringer Ultrafex Ex100,59999,,,Sí,DJ y consolas,Audio para vehiculos,Behringer Ultrafex Ex100
MLA2051878683,Bolsa Almacenamiento Platillo De 20 Pulgadas,58999,,,Sí,Instrumentos,Fundas y estuches para instr,Orion
MLA666368340,Flash De Led Mini Strobe Acme 5 Watt Compacto Blanco Oferta,52498,,,Sí,Iluminación,Luces de escenario LED,Acme
MLA1914496091,Fuente De Alimentacion 9v Dc 800ma,14999,,,Sí,Electrónica y repuestos,Productos electronicos,
MLA863761869,"Conector Coaxil Rg6 A Mini Plug 3,5 Mono Metálico",14999,,,Sí,Cables y conectores,Conectores de audio y video,Tevelam
MLA858821758,Ficha Conector L Adaptador 90° Bnc Macho A Bnc Hembra Cctv,4999,,,Sí,Cables y conectores,Conectores de audio y video,Tevelan
MLA1753339401,Tweeter Bala Jahro Jh09 150 W 8 Ohms Similar Jbl St304,41998,,,Sí,Parlantes y amplificación,Drivers de compresion para v,Jahro
MLA2014051161,Consola Tablero Llaves Teclas 8 Canales On/off Luces Dj Gbr,149999,,,Sí,Iluminación,Luces de escenario LED,Tododj
MLA3304361712,Cable Profesional Xlr Gbr 20m Canon Canon Balanceado,83998,,,Sí,Cables y conectores,Cables y adaptadores de audi,Gbr
MLA858766269,Conector Bnc Hembra Para Chasis 4 Agujeros Soldable Pack 10u,62998,,,Sí,Cables y conectores,Conectores de audio y video,Tevelam
MLA1900317067,Cable Ficha Plug 6.5 Mono A Mini Plug Rosca 1mt,35000,,,Sí,Cables y conectores,Cables y adaptadores de audi,Genérica
MLA1420718193,Stanton Dj 3000 Vincha De Repuesto Completa Sin Parlantes,36750,,,Sí,Auriculares,Accesorios y repuestos elect,Stanton
MLA3769065582,Pack 4 Liquidos De Humo Profesional 5 Lts Dj Boliche Eventos,119999,,,Sí,Máquinas de humo,Líquidos,Gbr
MLA3488319968,Pack 2 Motor 3v Corriente Continua Mabuchi 2865,36750,,,Sí,Electrónica y repuestos,Accesorios y repuestos elect,Mabuchi
MLA863514932,Cable Midi Maxcable De 1 Metro Con Ficha A 90 Grados Premiun,11999,,,Sí,Cables y conectores,Cables y adaptadores de datos,
MLA1797428483,Cable Rca Super Video 4 Pines 1.8 Mts Profesional,16798,,,Sí,Cables y conectores,Cables y adaptadores de audi,Maxcable
MLA764540460,Paño De Bandeja Giradiscos Marca Stanton,20998,,,Sí,DJ y consolas,Slipmats para tornamesas,Stanton
MLA3746527800,Barra Led Uv 10w Gbr Led Bar,99990,,,Sí,Iluminación,Luces de escenario LED,Gbr
MLA2143907049,Pack 4 Ficha Conector Mini-uhf Macho A Cable Coaxial Adaptad,39999,,,Sí,Cables y conectores,Productos de telefonia y rad,
MLA4017992138,Pack 4 Ficha Conector Mini Uhf Hembra A Mini Uhf Mini Hembra,39999,,,Sí,Cables y conectores,Productos de telefonia y rad,
MLA4018422048,Pack 4 Ficha Conector Mini-uhf Macho A Cable Rg58 Adaptador,39999,,,Sí,Cables y conectores,Productos de telefonia y rad,
MLA3471761772,Pack 5 Unidades Conector Uhf Macho Pl259 A Coaxial Rf,41998,,,Sí,Cables y conectores,Productos de telefonia y rad,
MLA2144105241,Pack 2 Adaptador Conector Twinaxial Ent Macho A Doble Hembra,35999,,,Sí,Cables y conectores,Cables y adaptadores de audi,Tecnoshow
MLA855594852,"Cable Ciclos 2 Rca A 2 Plug 6,5 Mm 1,8 M",19999,,,Sí,Cables y conectores,Cables y adaptadores de audi,Ciclos
MLA1611407766,Cable Midi Max Cable 1 Metro Con Ficha A 90 Grados (2 Unid.),24443,,,Sí,Cables y conectores,Cables y adaptadores de audi,Maxcable
MLA757116240,Telefono Portero Kocom A Pilas O Fuente 6v Compatible Commax,37999,,,Sí,Electrónica y repuestos,Porteros electricos,Kocom
MLA757014069,Puntero Laser Mini Rojo Infiniter,6298,,,Sí,Iluminación,Punteros laser,Infiniter
MLA1508607038,Control Remoto Maquina De Humo Gbr Antari Pls Venetian Otras,36750,,,Sí,Máquinas de humo,Máquinas y repuestos,Gbr
MLA764539986,Pls Par 183 Rgb Tacho De 18 Leds Dmx 7 Canales De 50w Proton,94498,,,Sí,Iluminación,Luces de escenario LED,Pls
MLA4018412342,Planchita De Pelo Philips Hp8333 Silkysmooth Essential Care,79999,,,Sí,Otros,Planchitas de pelo,Philips
MLA870902837,Atril Plegable Para Partitura Con Funda Incluida Sanrai Jm90,39747,,,Sí,Instrumentos,Atriles para partituras,Sanrai
MLA2143686433,Microfono Lavalier Shure Pg185tqg Negro,199999,,,Sí,Micrófonos,Microfonos,Shure
MLA852129150,Cable Fibra Optica Toslink A Toslink 1 Mt Maxcable Digital ,14814,,,Sí,Cables y conectores,Cables de red,Maxcable
MLA876016850,"Cable Auxiliar Miniplug 3.5 A 2 Rca De 1,5 Metros Reforzado.",11548,,,Sí,Cables y conectores,Cables y adaptadores de audi,Ciclos
MLA897428139,Cable Canon Macho/ Canon Hembra 1mt Profesional Mono,10498,,,Sí,Cables y conectores,Cables y adaptadores de audi,Ciclos
MLA731247567,Cable De Seguridad Acero De 5mm American Pro Apa-sw 03,11548,,,Sí,"Soportes, fundas y estructuras",Luces de escenario LED,American Pro
MLA2143932313,Ficha Conector Mini-uhf Macho A Cable Coaxial Adaptador Prof,9999,,,Sí,Cables y conectores,Productos de telefonia y rad,
MLA4017940668,Ficha Conector Mini Uhf Hembra A Mini Uhf Mini Hembra Profes,11999,,,Sí,Cables y conectores,Productos de telefonia y rad,
MLA4018370116,Ficha Conector Mini-uhf Macho Para Cable Rg58 Adaptador Prof,9999,,,Sí,Cables y conectores,Productos de telefonia y rad,
MLA897438800,Cable Canon Macho/ Canon Hembra 10mts Profesional Mono,26248,,,Sí,Cables y conectores,Cables y adaptadores de audi,Ciclos
MLA622082364,Cable Canon Canon Xlr 1 Mts Audiolab Tipo Neutrik Oferta,15999,,,Sí,Cables y conectores,Cables y adaptadores de audi,Audiolab
MLA1804003019,Pack 2 Borneras Para Bafle Metalica 2 Fichas Speakon,39900,,,Sí,Cables y conectores,Conectores de audio y video,Jahro
MLA2143926711,Pack 2 Ficha Adaptador Tnc Macho A Bnc Hembra Conector Traba,19999,,,Sí,Cables y conectores,Conectores de audio y video,Tecnoshow
MLA2144067261,Ficha Adaptador Conector Twinaxial En T Macho A Doble Hembra,19999,,,Sí,Cables y conectores,Fichas de red y telefonia,Tecnoshow
MLA855589765,Ficha Conector Adaptador Rca Hembra A Plug Macho 6.5 Mono.,5248,,,Sí,Cables y conectores,Conectores de audio y video,Tevelan
MLA1752264876,Cable De 2 Rca A 2 Rca De 5 Metros A 90 Grados Con Remoto ,22219,,,Sí,Cables y conectores,Cables y adaptadores de audi,San Ray
MLA858428854,Adaptador Bnc Hembra A Hembra Empalme Union Conector Rg58,5999,,,Sí,Cables y conectores,Cables y adaptadores de audi,Tevelam
MLA3649828432,Pack 4 Perno Seguridad Reforzado Doble Traba Tripode Audio,35000,,,Sí,"Soportes, fundas y estructuras",Soportes para luces,Tecnoshow
MLA1803717767,2 Cable Jahro Dos Xlr Macho A Dos Rca Macho 1 Metro,36750,,,Sí,Cables y conectores,Cables y adaptadores de audi,Jahro
MLA1902242419,Frente Portero Embutir Kocom Msd-4b (4 Botones) Aluminio,37999,,,Sí,Electrónica y repuestos,Porteros electricos,Kocom
MLA882840838,Borneras Conector Hembra Mediana Chasis Rojo Y Negro X 10 Un,35000,,,Sí,Cables y conectores,Conectores de audio y video,Tecnoshow
MLA669602666,Cable Midi Max Cable Un Metro 55 Pies Con Ficha A 90 Grados,12999,,,Sí,Cables y conectores,Cables y adaptadores de audi,Maxcable
MLA1895849705,"Motor Esfera De Espejos Hasta 40cm 1,5rpm Con Enchufe",37798,,,Sí,Iluminación,Bolas espejadas,Genérico
MLA3823227624,Spiro Led Beam Laser Flash Aro Led 6 En 1 Premiun Gbr,359999,,,Sí,Iluminación,Luces de escenario LED,Gbr
MLA907107855,Motor Mabuchi 3v Modelo 2865 Corriente Continua,12999,,,Sí,Electrónica y repuestos,Motores electricos para aero,Mabuchi
MLA1902245443,Frente Portero Embutir Kocom Ds2d (1 Boton),49999,,,Sí,Electrónica y repuestos,Porteros electricos,Kocom
MLA3635559978,Antena Avispa Con Base Portátil Para Tv,9999,,,Sí,Video y pantallas,Antenas de TV,Tobax
MLA1387975923,Ficha Xlr Canon Hembra 90 O 3 Contactos A Cable (pack 5 Uni),38848,,,Sí,Cables y conectores,Conectores de audio y video,Tevelan
MLA3278570456,Afinador Guitarra Tipo Clip,42000,,,Sí,Instrumentos,Afinadores de instrumentos,Epic
MLA3783753166,Spot 18 Led Proton Par 300 180w Con Aro De Led Gbr,109999,,,Sí,Iluminación,Luces de escenario LED,Gbr
MLA1803986833,Funda Parlante Jbl Eon 10 Pulgadas Original O Similar Cierre,52498,,,Sí,"Soportes, fundas y estructuras",Productos electronicos,
MLA876018708,Auricular Profesional Ciclos Yn-331mic,36750,,,Sí,Auriculares,Auriculares,Ciclos
MLA1914317925,Perno Seguridad Reforzado Doble Traba Tripode Audio,6999,,,Sí,"Soportes, fundas y estructuras",Soportes para luces,Tecnoshow
MLA3488356446,Pack 4 Conector Ficha Rca Macho P/armar Alta Calidad Metalic,41998,,,Sí,Cables y conectores,Conectores de audio y video,Generic
MLA1783992215,Cable Speakon Profesional Gbr 6 Metros Para Bafle,31498,,,Sí,Cables y conectores,Cables y adaptadores de audi,Gbr
MLA865690589,Cable Digital Óptico Maxcable Toslink A Toslink Pack De 3,41998,,,Sí,Cables y conectores,Cables de red,Maxcable
MLA1109149201,Lampara Dicroica 120v  250watt  Enh  Gy 5.3 General Electric,41998,,,Sí,Iluminación,Focos,Ge
MLA1902205327,Frente Portero Embutir Kocom Msd-3b (3 Botones) Aluminio,36999,,,Sí,Electrónica y repuestos,Porteros electricos,Kocom
MLA883208590,Woofer Jahro Wc8 150w 8¨ Ohms Parlante Medio,49999,,,Sí,Parlantes y amplificación,Parlantes,Jahro
MLA3488287262,Ignitor Bag Ni 400 Le 220 A 240v / 70 A 400w / 250 A 400w,36750,,,Sí,Iluminación,Balastos electricos,Bag Electronics
MLA1736396541,Par De Driver Leea N25 Neodiminio 150w 8 Ohms,42000,,,Sí,Parlantes y amplificación,Drivers de compresion para v,Leea
MLA1751714831,Pack De 5 Punteros Laser Mini Rojo Infiniter,36750,,,Sí,Iluminación,Punteros laser,Infiniter
MLA1751712501,Pack 3 Bateria Portatil Power Bank 2200 Mah Color Rojo,37798,,,Sí,Electrónica y repuestos,Accesorios para celulares,
MLA1850367293,Pack 4 Jack 1/4 Auricular Estéreo 7 Pines Con Carcasa,36750,,,Sí,Cables y conectores,Conectores de audio y video,Qs
MLA1508620154,"Control Inalambrico Maquina De Humo Gbr, Antari,mlb Tecshow ",41998,,,Sí,Máquinas de humo,Máquinas y repuestos,Gbr
MLA853339974,Ficha Adaptador 1 Miniplug Macho A 2 Miniplug Hembra Stereo,5999,,,Sí,Cables y conectores,Cables y adaptadores de audi,Tecnoshow
MLA897428264,Cable Canon Macho/ Canon Hembra 6mts Profesional Mono,20998,,,Sí,Cables y conectores,Cables y adaptadores de audi,Ciclos
MLA1812552769,Cable Midi 5 Pines Macho 2mts,20998,,,Sí,Cables y conectores,Cables y adaptadores de audi,Tecnoshow
MLA2019481457,Woofer 10 Pulgadas 300 Watts 8 Ohms Jahro Wc10,69999,,,Sí,Parlantes y amplificación,Parlantes,Jahro
MLA2013484645,Consola Tablero De Llaves 10 Teclas On/off Con Luz Gbr,159999,,,Sí,Iluminación,Interruptores electronicos,Gbr
MLA3314443224,Moontec Iv - Efecto Led Moonflower Pro 256 Led Rgbwy De 5mm,346498,,,Sí,Iluminación,Luces de escenario LED,American Pro
MLA731247571,Morza - Grampa - Clamp Para Iluminación - American Pro,26248,,,Sí,"Soportes, fundas y estructuras",Prensas,American Pro
MLA3205397406,Ficha Xlr Canon Macho 90grados 3 Contactos A Cable Pack De 4,36750,,,Sí,Cables y conectores,Conectores de audio y video,Genérica
MLA3373529398,Cable 3.1 Tipo Usb-c A Hdmi Hdtv 4k30hz 2m,47248,,,Sí,Cables y conectores,Cables y adaptadores de audi,Generic
MLA3483020640,Ficha Conector Din 5 Pines Patas Macho Rosca Pack 10,47248,,,Sí,Cables y conectores,Conectores de audio y video,Genérica
MLA3483034306,Ficha Conector Din 3 Pines Patas Macho Rosca Pack 5,36750,,,Sí,Cables y conectores,Conectores de audio y video,Genérica
MLA3483060602,Ficha Conector Din 4 Pines Patas Macho Rosca Pack 5,36750,,,Sí,Cables y conectores,Conectores de audio y video,Genérica
MLA620334887,Corneta De Plastico Selenium Hm 1125 Rosca De 1 Pulgada,11999,,,Sí,Parlantes y amplificación,Cornetas para drivers,Selenium
MLA3274080550,Cable Canon Xlr Macho A Plug Estereo Trs 5 Mts,42000,,,Sí,Cables y conectores,Cables y adaptadores de audi,Rst
MLA764539238,Ficha Conector Plug 90° Metalico 6.5 Metal (pack De 10 Unid),36750,,,Sí,Cables y conectores,Conectores de audio y video,Tecnoshow
MLA869878438,Reja Para Bafle Woofer 12 Pulgadas Metalica Parlante Soporte,16394,,,Sí,"Soportes, fundas y estructuras",Rejillas para parlantes,Jahro
MLA910207137,Conector Adaptador Bnc Macho A F Hembra Metalico Cromado,5248,,,Sí,Cables y conectores,Conectores de audio y video,Tevelam
MLA3373052566,Cable Jahro Dos Plug Mono A Dos Rca Macho 1 Metro,15748,,,Sí,Cables y conectores,Cables y adaptadores de audi,Jahro
MLA3472254902,Pack 5 Conector Coaxial Bnc Macho Ángulo De 90° Crimpeable,37798,,,Sí,Cables y conectores,Conectores de audio y video,Tevelan
MLA1731070699,Dicroica Led Rgb 12v Coriente Continua,37798,,,Sí,Iluminación,Focos,Tecnoshow
MLA671879230,Paño Antideslizante Para Bandeja Giradisco Vestax,21999,,,Sí,DJ y consolas,Slipmats para tornamesas,Vestax
MLA1804004477,Pack 2 Parábola Par 36 Con Zócalo Para Lámpara Bipin,39898,,,Sí,Iluminación,Luces de escenario LED,Telstar
MLA3483072362,Ficha Conector Din 5 Pines Patas Macho Rosca Pack 5,36750,,,Sí,Cables y conectores,Conectores de audio y video,Genérica
MLA3132087842,Lampara Circolina Bipin Potencia 800 Watt Cuarzo Halógena,18373,,,Sí,Iluminación,Focos,Telstar
MLA1479080443,Parábola Par 36 Repuesto Para Lámpara Bipin Sin Lampara,12598,,,Sí,Iluminación,Luces de escenario LED,Telstar
MLA617783490,Pie O Tripode Para Bafle Kool Sound O Gbr O Jahro (cada Uno),69999,,,Sí,"Soportes, fundas y estructuras",Soportes para parlantes,Kool Sound o GBR o Jahro
MLA3152975348,Rollo Cable Gbr Dmx Pro 100mts Protones Cabezales Beam,299999,,,Sí,Cables y conectores,Cables y adaptadores de audi,Gbr
MLA616940494,Liquido Maquina De Humo - Usa Liquids Profesional Bidon 5 L,65999,,,Sí,Máquinas de humo,Líquidos,Usa Liquids
MLA1841614827,Conector Coaxial Bnc Macho Ángulo De 90° Crimpeable,4999,,,Sí,Cables y conectores,Conectores de audio y video,Tevelan
MLA764540246,Alicate De Punta Redonda - Hung Chang,7521,,,Sí,Electrónica y repuestos,Pinzas de corte,Hung Chang
MLA3304350894,Cable Profesional Xlr Gbr 15mts Canon Canon,68248,,,Sí,Cables y conectores,Cables y adaptadores de audi,Gbr
MLA1901966979,Cable Ficha Mini Plug Stereo Con Rosca A Usb 2mts,49999,,,Sí,Cables y conectores,Cables y adaptadores de audi,Genérica
MLA705001555,Manguera De Sonido 8 Canales De 6 Metros Cablelab Clsn-8,159999,,,Sí,Cables y conectores,Patch panels,Cablelab
MLA3769059910,Liquido De Humo Profesional 5 Lts Dj Boliche Eventos Show,35999,,,Sí,Máquinas de humo,Líquidos,Gbr
MLA1907858825,Pack 2 Ficha Conector Db37 Macho Recto,12999,,,Sí,Cables y conectores,Conectores de audio y video,Htec
MLA1376922597,Laser Rgb Multipunto Pls | Potencia: R50mw / G4mw / B80mw,72765,,,Sí,Iluminación,Luces laser para escenarios,Pls
MLA1506627280,Ficha Xlr Canon Hembra 90 O 3 Contactos A Cable (pack De 2),31498,,,Sí,Cables y conectores,Conectores de audio y video,Tevelam
MLA671821096,Parábola Par 64 Reemplazo Óptica Lámpara Par 64 Sin Lampara ,11548,,,Sí,Iluminación,Productos electronicos,
MLA3372886594,Cable Jahro Dos Xlr Macho A Dos Rca Macho 1 Metro,15748,,,Sí,Cables y conectores,Cables y adaptadores de audi,Jahro
MLA1787153445,Minibrut Para 4 Lamparas Tec Show American Pro Sin Lamparas,236786,,,Sí,Iluminación,Luces de escenario LED,Tecshow
MLA1407849336,Bañador Led Barra De Luz Negra Uv Bar  Uv-bar 9 Led De 3 Wat,83998,,,Sí,Iluminación,Luces de escenario LED,Genérica
MLA2143693385,Almohada Cuello Masajeador Cili Inalámbrica Con Calor,399999,,,Sí,Otros,Almohadas masajeadoras elect,Cili
MLA879789423,Procesador De Sonido De Auto Hi Fi Behringer Ultrafex Ex100,69999,,,Sí,DJ y consolas,Audio para vehiculos,Behringer Ultrafex Ex100
MLA1770873625,Cuerdas Bajo Sit Powerwound Medium Light,52498,,,Sí,Instrumentos,Encordados para instrumentos,Sit
MLA863992105,Conector Tipo N Hembra Hembra Empalme Prolongación Adaptador,5248,,,Sí,Cables y conectores,Conectores de audio y video,Tevelam
MLA1452055034,Flash De Led Mini Strobe Acme 5 Watt Compacto Blanco Oferta,62370,,,Sí,Iluminación,Luces de escenario LED,Led
MLA1431281922,Kit De 10 Manijas Para Caja Tipo Fleje Con Alma Metalica,36750,,,Sí,"Soportes, fundas y estructuras",Productos electronicos,
MLA660729381,Manija De Embutir Metalica Xpro M108 Grande Rebatible Cromad,17848,,,Sí,"Soportes, fundas y estructuras",Accesorios y repuestos elect,X-Pro
MLA862255452,Cable Canon Xlr 6mts Jahro O Moon Audiolab (pack 2 Unidades),73498,,,Sí,Cables y conectores,Cables y adaptadores de audi,Audiolab o Moon o Jahro
MLA1812415281,"Driver Tecshow Td 13545 Rosca 1 Bobina 1,35",40948,,,Sí,Parlantes y amplificación,Drivers de compresion para v,Tecshow
MLA1736398663,Morsa De Nudo Simple Apa-028b Stagelab,36750,,,Sí,"Soportes, fundas y estructuras",Prensas,Stagelab
MLA882839377,Borneras Conector Hembra Mediana Chasis Rojo Y Negro X 50 Un,52498,,,Sí,Cables y conectores,Conectores de audio y video,Tevelan
MLA3664216086,Repuesto Base Bocha Para Pie De Microfono,19999,,,Sí,Micrófonos,Soportes para microfonos,Tecnoshow
MLA870905857,Atril Pie Partituras Sanrai Jm-94 Altura Ajustable Negro ,59254,,,Sí,Instrumentos,Atriles para partituras,Sanray
MLA1106058197,Ficha Db9 Macho Chasis A 90 Grados,5248,,,Sí,Cables y conectores,Conectores de audio y video,Tevelan
MLA856999887,Consola Dmx Gbr Dmx Operator Eco 192ch 8 Prog 16canal Dmx512,146998,,,Sí,Iluminación,Luces de escenario LED,Gbr
MLA612252183,Numark Cue Dj Software Original Con Licencia Y Garantia,36750,,,Sí,DJ y consolas,Accesorios y repuestos elect,Numark
MLA1777143797,Capsula Acustica Tipo Pinza Para Instrumentos De Cuerdas,42000,,,Sí,Instrumentos,Microfonos para bajos y guit,Nutech
MLA850389690,Ficha Adaptador Xlr Canon Hembra A Xlr Canon Hembra Metalico,7348,,,Sí,Cables y conectores,Cables y adaptadores de audi,Tevelam
MLA610989835,Flash Geni Flash Tipo Bengala Con Lampara Rulo Color Blanca,11999,,,Sí,Iluminación,Luces de escenario LED,Geni
MLA1778942267,"Zapatilla Alargue 5 En 1 -4 Usb + 1 Enchufe Universal 1,5mts",36750,,,Sí,Cables y conectores,Prolongadores zapatilla,Genérica
MLA3322906158,Controlador Dmx De Luces Interface Dmx Wifi 2 Salidas Xlr,157498,,,Sí,Iluminación,Luces de escenario LED,Jahro
MLA1841379549,Pack 5 Conector Uhf Hembra Chasis So239 Soldable,41998,,,Sí,Cables y conectores,Productos de telefonia y rad,
MLA872994921,Conector Tipo N Hembra Empalme Adaptador A Bnc Macho Metal,5248,,,Sí,Cables y conectores,Conectores de audio y video,Tevelam
MLA621158985,Gancho Tipo Morza / Clamp Para Efectos De Iluminación,17848,,,Sí,"Soportes, fundas y estructuras",Soportes para luces,Gbr
MLA915766373,Laser A Bateria Ionify Btl-150  Con Parlante Y Bluetooth,57748,,,Sí,Iluminación,Luces laser para escenarios,Ionify
MLA1910823841,Pie De Teclado Tijera Altura Y Angulo Regulable Tyk-07,119999,,,Sí,Instrumentos,Soportes para teclados y pia,
MLA884817850,Neutrik Nac3fcb Conector Ficha Powercon A Cable Con Traba,43048,,,Sí,Cables y conectores,Conectores de audio y video,Neutrik
MLA1747023135,Auricular Gamer Jahro Led Gh-197,30448,,,Sí,Auriculares,Auriculares,Jahro
MLA3434706246,Afinador Digital Hetfield T04 Para Instrumentos Musicales,14698,,,Sí,Instrumentos,Afinadores de instrumentos,Hetfield
MLA3481755378,Ficha Conector Bnc Rosca A Macho Rg6,4999,,,Sí,Cables y conectores,Conectores de audio y video,Tecnoshow
MLA853341496,Driver Leea Tdu25 Compression Tweeter 25mm 150w ,41998,,,Sí,Parlantes y amplificación,Drivers de compresion para v,Leea
MLA844838457,Caja Directa Pasiva Mono Moon Db01 Adapta Xlr Plug Puente,59999,,,Sí,DJ y consolas,Cajas directas,Moon
MLA1347893563,Imán Barra Magnética Cocina Porta Cuchillos 33 Cm,30607,,,Sí,Otros,Barrales organizadores de co,Sun
MLA901863983,Fuente De Alimentación 12 Volts 3 Amper Power 2886,23999,,,Sí,Electrónica y repuestos,Productos electronicos,
MLA1785759023,Pls Solar Efecto Led 138 X 5mm Rgb 6 Lentes Dmx,314998,,,Sí,Iluminación,Luces de escenario LED,Pls
MLA833882337,Dbx 215s Eq Ecualizador Grafico 15+15 Bandas Stereo 2canales,629998,,,Sí,Parlantes y amplificación,Ecualizadores,Dbx
MLA1149686267,Soporte Adaptador De Tripode P/parlante Bafle Plastico,10498,,,Sí,"Soportes, fundas y estructuras",Soportes para parlantes,Kool Sound
MLA872170426,Tira Luces Led 5050 Rgb 5 Metros Sumergible 4 Contactos 12 V,35000,,,Sí,Iluminación,Tiras de LED,Genérica
MLA858426060,Ficha Conector Rca Macho A Bnc Hembra Cctv - Dy Camaras Tv,4999,,,Sí,Cables y conectores,Conectores de audio y video,Tevelam
MLA873003979, Adaptador Plug 3.5 Hembra Mono A Rca Macho Mono Plástico ,2004,,,Sí,Cables y conectores,Cables y adaptadores de audi,Tevelam
MLA881234262,Mixer Bat 2020 Mp3 Gbr Para Dj De 3 Canales Usb Sd Card ,167998,,,Sí,DJ y consolas,Mezcladoras para DJ,Gbr
MLA3372771710,Pack 2 Cable Jahro Dos Plug Mono A Dos Rca Macho 1 Metro,36750,,,Sí,Cables y conectores,Cables y adaptadores de audi,Jahro
MLA3127730672,Bomba Repuesto Maquina De Humo 600 800 900 Mlb Fog Pls Y Mas,52498,,,Sí,Máquinas de humo,Máquinas y repuestos,Gbr
MLA2055217473,Estuche Porta Compacs Cd/dvd Capacidad 40cd - Amarillo,59999,,,Sí,DJ y consolas,Estuches para discos,ProCare
MLA933507787,Tripode Iluminacion Sanrai Regulable Maximo 3 Metros Altura,230998,,,Sí,"Soportes, fundas y estructuras",Accesorios y repuestos para,Sanrai
MLA616942298,Liquido De Burbujas Usa Liquids 5 Litros Profesional Bubble,48999,,,Sí,Máquinas de humo,Líquidos,
MLA735090699,Consola Dmx Operator Gbr 192 Canales Dmx 512 Conzola Dmx,146998,,,Sí,Iluminación,Luces de escenario LED,Gbr
MLA3649509860,Lampara Pantalla Galponera Aluminio 45cm +gancho+portalamp,199999,,,Sí,Iluminación,Pantallas para lamparas,Generic
MLA884651592,Ficha Macho 2 Patas Doradas Redondas Color Blanco Pack 50u,70122,,,Sí,Cables y conectores,Fichas electricas,Tecnoshow
MLA3481779100,Pack 10 Ficha Conector Bnc Rosca A Macho Rg6,36750,,,Sí,Cables y conectores,Conectores de audio y video,Tecnoshow
MLA884671044,Neutrik Nl4fx Speakon Conector 4 Contactos A Cable Kit 3unid,94498,,,Sí,Cables y conectores,Conectores de audio y video,Neutrik
MLA1841449439,Ficha Adaptador 90° En L Bnc Macho-bnc Hembra Cctv Rosca X5,41998,,,Sí,Cables y conectores,Conectores de audio y video,Tecnoshow
MLA3164492660,Laser 3w Rgb Tornado Full Color Dmx Ilda Grafico Mdpro,999999,,,Sí,Iluminación,Luces laser para escenarios,Gbr
MLA3776178976,Cabezal Movil Beam Led 4 Dual 200 Watt Rgbw 4 En 1 Gbr,499999,,,Sí,Iluminación,Luces de escenario LED,Gbr
MLA863514312,Cable Midi Maxcable De 1 Metro Ficha 90 Grados Pack 4 Unid,53351,,,Sí,Cables y conectores,Cables y adaptadores de audi,Maxcable
MLA853340153,"Adaptador 2 Miniplug 3,5 Hembra A 1 Miniplug Macho 3,5 (20u)",38887,,,Sí,Cables y conectores,Cables y adaptadores de audi,Tevelam
MLA671818328,Parábola Par 36 Con Zócalo Para Lámpara Bipin Sin Lampara,12999,,,Sí,Iluminación,Luces de escenario LED,Telstar
MLA616940822,Liquido Maquina De Humo - Usa Liquids Profesional Bidon 1 Lt,20999,,,Sí,Máquinas de humo,Líquidos,Usa Liquid
MLA1729517487,Gbr Array 400 Platinum 2 Bafles + Soporte 600w Pasivo 2 Vias,839989,,,Sí,Parlantes y amplificación,Parlantes,GBR Platinum Pro
MLA764538677,Xpro M 110 Manija Para Caja Tipo Fleje Con Alma Metalica,3148,,,Sí,"Soportes, fundas y estructuras",Luces de escenario LED,X-Pro
MLA3304365736,Pack 2 Cables Microfono Xlr Canon 1 Mt Metro Moon,36750,,,Sí,Cables y conectores,Cables y adaptadores de audi,Moon
MLA622080743,Cable Canon Xlr 6mts Audiolab Tipo Neutrik Para Audio O Dmx,36750,,,Sí,Cables y conectores,Cables y adaptadores de audi,Audiolab
MLA856623544,Conector Uhf Macho Pl259 A Coaxil Rg58 Metalico X10,73498,,,Sí,Cables y conectores,Productos de telefonia y rad,
MLA3153270504,Driver Leea Pa516 Titanio 2 Pulgadas 400w Max 8 Ohms,92400,,,Sí,Parlantes y amplificación,Drivers de compresion para v,Leea
MLA1748426739,Cable Midi Premiun De Un Metro Con Ficha A 90 Grados Pack 4,53548,,,Sí,Cables y conectores,Cables y adaptadores de audi,Maxcable
MLA3383525964,Powercom Gbr Para Cable 220 Volt (pack De 2 Unidades),36750,,,Sí,Cables y conectores,Cables de alimentacion,Gbr
MLA2391243096,Laser 5w Rgb Full Color Dmx Ilda Grafico Mdpro,1049998,,,Sí,Iluminación,Luces laser para escenarios,Gbr
MLA1803987817,Driver De Titanio Td130 Tecshow 1 Pulgada 30w Rms,20998,,,Sí,Parlantes y amplificación,Drivers de compresion para v,Tecshow
MLA1444988853,Spiroled 84 Gbr Efecto Water Led + Laser Verde C/remoto Dmx,178498,,,Sí,Iluminación,Luces laser para escenarios,Gbr
MLA3284250878,Vidrio Repuesto Para Parabola Par 64 Diferentes Modelos,9999,,,Sí,Iluminación,Luces de escenario LED,Kupo
MLA1796395509,Par Almohadillas Para Auriculares Stanton Monster Beats Mixr,15748,,,Sí,Auriculares,Estuches para auriculares,Stanton
MLA1746766153,"Consola Mixer Sanrai Dj48 Con Bluetooth, Usb Y Efectos Dsp",199498,,,Sí,DJ y consolas,Mezcladoras para DJ,Sanrai
MLA1775695641,Combo 3 En 1 Cargador Pilas Aa/aaa/9v Con 2 Aa Y 2 Aaa,47250,,,Sí,Electrónica y repuestos,Cargadores de baterias y pilas,Genérica
MLA860714812,Conector Bnc Derivador En T Macho A Dos Bnc Hembra Video Dy,5248,,,Sí,Cables y conectores,Conectores de audio y video,Genérica
MLA3164386954,Tacho Pls Par 610 Rgbw Con 7 Leds Dmx 10 Canales De 70w,125998,,,Sí,Iluminación,Luces de escenario LED,Gbr
MLA757011836,Disipador Generico De 10 Cm Zf M 8.color Dorado,11548,,,Sí,Electrónica y repuestos,Disipadores de calor,Tecnoshow
MLA1784331155,Pack 2 Cables Xlr Dmx Canon Canon 6 Metros Mts Pls,62998,,,Sí,Cables y conectores,Cables y adaptadores de audi,Pls
MLA896559332,Llave Interruptor Con Luz Repuesto Máquina De Humo F1500,5773,,,Sí,Máquinas de humo,Máquinas y repuestos,Pls Llave
MLA1151610660,Filtro Antipop Microfono Tipo Esponja Goma Espuma,7348,,,Sí,Micrófonos,Filtros anti pop,Beyerdynamic
MLA764539245,Gbr Dmx 400 Par Led Iluminacion Nuevo,83998,,,Sí,Iluminación,Luces de escenario LED,Gbr
MLA743505695,Vidrio Repuesto Para Parabola Par 64 Pack De 12 U 3 Modelos,104998,,,Sí,Iluminación,Luces de escenario LED,Kupo
MLA856604187,Ficha Db15 Hembra Chasis Alta Densidad 3 Filas (kit 5 Unid.),12598,,,Sí,Cables y conectores,Conectores de audio y video,Tevelam
MLA3472103508,Conector Bnc Hembra Para Chasis 4 Agujeros Soldable Pack 5,37798,,,Sí,Cables y conectores,Conectores de audio y video,Tevelam
MLA882994603,Driver Jahro Jhr 5042 Professional Sound ,68248,,,Sí,Parlantes y amplificación,Drivers de compresion para v,Yahro
MLA809912569,Gbr Led Par 500 Dmx 6 En 1 Con Led Uv De 10 Watt Oferta,192580,,,Sí,Iluminación,Luces de escenario LED,Gbr
MLA1783957105,Cable Speakon Speakon 10mts Profesional,68248,,,Sí,Cables y conectores,Cables y adaptadores de audi,CarverPro
MLA1829737691,Efecto Led Beamtec Tecshow,283498,,,Sí,Iluminación,Luces de escenario LED,Tecshow
MLA4014097618,Pack 2 Ficha Conector Bnc Hembra A Tnc Macho Coaxial Prof,39999,,,Sí,Cables y conectores,Conectores de audio y video,Tevelam
MLA764540241,Paños Para Bandeja Gira Disco Numark,17848,,,Sí,DJ y consolas,Bandejas para DJ,Numark
MLA3434702874,Capodastro Hetfield Guitarra Clasica O Acustica Moon Cp02n,19948,,,Sí,Instrumentos,Capos para instrumentos de c,Hetfield
MLA1907859911,Pack 2 Conector Ficha Macho Db15 Recto,11999,,,Sí,Cables y conectores,Conectores de audio y video,Htec
MLA717278964,Proton Nebula 6 Rgbwa + Uv Ampro Tecshow Am Pro Ambar Uv 12w,159999,,,Sí,Iluminación,Luces de escenario LED,Tecshow
MLA881229381,"Driver Leea Pa34  1,5'' 200w 8 Ohms Titanio Y Bocina Gratis",52498,,,Sí,Parlantes y amplificación,Drivers de compresion para v,Leea
MLA657860083,Cargador Powerbank Vivitar 2200mah Usb Rápido,8999,,,Sí,Electrónica y repuestos,Cargadores de dispositivos m,
MLA1804004187,Pack 2 Parábola Par 36 Repuesto Para Lámpara Bipin,36750,,,Sí,Iluminación,Luces de escenario LED,Telstar
MLA1805521147,Pack 2 Parábola Par 64 Reemplazo Óptica Sin Lampara,36750,,,Sí,Iluminación,Productos electronicos,
MLA1805785811,Woofer 8 Pulgadas 400w Parlante Gbr Kappa 8 Array Woofer,94499,,,Sí,Parlantes y amplificación,Parlantes,
MLA850262493,Zocalo Ceramico Para Lampara Par 64 De 1000 W O 56 De 300 W ,14999,,,Sí,Iluminación,Portalamparas,Tecshow
MLA3403886020,Pack 2 Clamp De Bateria Para Microfono Reforzado Skp Sdm 8,57748,,,Sí,Micrófonos,Clamps para baterias,Skp
MLA3190982582,Microfono Vincha Para Celular Gbr Conector Trrs,37798,,,Sí,Micrófonos,Microfonos,Gbr
MLA1833331769,Pie De Microfono Rockstand Base De Acero Redonda,62998,,,Sí,Micrófonos,Soportes para microfonos,Rockstand
MLA3483021552,Ficha Conector Din 4 Pines Patas Macho Rosca Pack 10,57750,,,Sí,Cables y conectores,Conectores de audio y video,Genérica
MLA1907854623,Pack 3 Conector Ficha Db25 Macho 25 Contactos A 90o,35000,,,Sí,Cables y conectores,Conectores de audio y video,Tecnoshow
MLA1612921857,Guirnalda Luces Exterior Ip65 Con Lámparas Led 10 Metros,104998,,,Sí,Iluminación,Luces de navidad y decorativas,Led Light
MLA3205399754,Ficha Xlr Canon Macho 90 º 3 Contactos A Cable (pack De 10),115498,,,Sí,Cables y conectores,Conectores de audio y video,Genérica
MLA3914952850,Cabezal Movil Beam Gobos Color 200w Dmx Beam Led,459999,,,Sí,Iluminación,Luces de escenario LED,Gbr
MLA1803988317,"Par Driver Tecshow Td 13545 Rosca 1 Bobina 1,35",52499,,,Sí,Parlantes y amplificación,Drivers de compresion para v,Tecshow
MLA1748578373,Flash Led Multicolor Rgb 20 Leds Ampro Mini Color Changer,64048,,,Sí,Iluminación,Luces de escenario LED,Ampro
MLA1378909745,Pin Spot Led Par36 Proton 1x10w Rgbw Bola Esfera De Espejos,109999,,,Sí,Iluminación,Luces de escenario LED,Gbr
MLA1144379399,Manija Xpro M132 Bafle Metalica Tecnoshow Larga,27100,,,Sí,"Soportes, fundas y estructuras",Protectores de bordes y esqu,X-Pro
MLA884817992,Neutrik Nc3fx Conector Xlr Canon Hembra A Cable 3pin Kit 4 U,73498,,,Sí,Cables y conectores,Conectores de audio y video,Neutrik
MLA3153062454,Cable Microfono Blindado Gbr 100mts 6mm Stereo Audio Pro,283498,,,Sí,Cables y conectores,Cables y adaptadores de audi,Gbr
MLA764538691,Proton Gbr Power 18 Led 3w Tacho Parled Bañador Dmx,104998,,,Sí,Iluminación,Luces de escenario LED,Gbr
MLA1540575648,Soporte Hercules De Pared Guitarra Bajo Etc  (gsp38wbk Plus),47248,,,Sí,Instrumentos,Soportes de pie y pared para,Hércules
MLA1935414133,"Adaptador Jack 6,5 Stereo A Plug 3,5 Stereo Metalico",7999,,,Sí,Cables y conectores,Cables y adaptadores de audi,Arwen
MLA734412713,Driver Piezo 1  Plástico Jarho Xpro Compresión Vehículos,15748,,,Sí,Parlantes y amplificación,Drivers de compresion para v,Jarho
MLA917835663,Micrófono Vincha Gbr Color Piel Pc Home Zoom Mini Canon/plug,52498,,,Sí,Micrófonos,Microfonos,Gbr
MLA3472251452,Pack 5 Ficha Conector 90° En L Bnc Macho A Bnc Hembra Cctv,37798,,,Sí,Cables y conectores,Conectores de audio y video,Tevelan
MLA3483036486,Conector Ficha Serie Db-9 Db9 Hembra 9 Pin Pack 5,36750,,,Sí,Cables y conectores,Conectores de audio y video,Genérico
MLA1737947439,Microfono Condesador Dorado/negro,52498,,,Sí,Micrófonos,Microfonos,Amoox
MLA858815522,Conector Rca Hembra A Macho Codo 90º Plastico Kit De 10 Unid,39999,,,Sí,Cables y conectores,Conectores de audio y video,Tevelam
MLA853343555,Driver Leea Tdu25 Compression Tweeter 25mm 150w (pack De 2),89248,,,Sí,Parlantes y amplificación,Drivers de compresion para v,Leea
MLA1496898660,Divisor De Frecuencia 2 Vias 100w Rms Para Tweeter Woofer,44381,,,Sí,Parlantes y amplificación,Crossovers de audio,Ciclos
MLA856357520,Ficha Adaptador 1 Mini Plug Macho A 2 Miniplug Hembra (50 U),104998,,,Sí,Cables y conectores,Cables y adaptadores de audi,Tevelam
MLA4014135596,Ficha Conector Bnc Hembra A Tnc Macho Coaxial Profesional,29999,,,Sí,Cables y conectores,Conectores de audio y video,Tevelam
MLA4014139678,Ficha Adaptador 90° Ángulo Recto Tipo N Macho N Hembra Profe,29999,,,Sí,Cables y conectores,Conectores de audio y video,Tecnoshow
MLA3381593074,Pack 2 Morsa Para Efectos De Iluminación M404,36750,,,Sí,"Soportes, fundas y estructuras",Prensas,Jk4
MLA1751712359,Vivitar Bateria Portatil Power Bank 2200 Mah Color Rojo,10498,,,Sí,Electrónica y repuestos,Accesorios para celulares,
MLA731258118,Parabola Par 64 Largo/corto Para Cuarzo De 500 Wat Tecnoshow,17848,,,Sí,Iluminación,Piedras energeticas,Parabola
MLA3403902078,Cable Speakon Speakon 15mts Skp Bafle Potencia,68248,,,Sí,Cables y conectores,Cables y adaptadores de audi,Skp
MLA3488321882,Pack 4 Conector 1.6/5.6 Hembra Codo Para 2yccy,36750,,,Sí,Cables y conectores,Conectores de audio y video,Tecnoshow
MLA3190538238,Maraca Plástica Alice A043se Instrumento Musical,20998,,,Sí,Instrumentos,Maracas,Alice
MLA1977101819,Starball Led American Dj Dmx 34 Rayos De 3w,399999,,,Sí,Iluminación,Luces de escenario LED,American Dj
MLA3483063816,Pack 10 Conector Db15 Hembra 90 Grados P/ Soldar Impreso,47248,,,Sí,Cables y conectores,Conectores de audio y video,Tecnoshow
MLA622097598,Perfil De Cierre De 10mm Para Rack De Sonido X-pro T 175 G,41998,,,Sí,"Soportes, fundas y estructuras",Luces de escenario LED,X-Pro
MLA4014105542,Efecto Led 4 En 1 Esfera Bola Laser Flash Cont Remoto Audio,99999,,,Sí,Iluminación,Luces de escenario LED,Jahro
MLA3810498494,Laser Tornado 3w Rgb Fullcolor Animacion Con App Dmx Grafico,899999,,,Sí,Iluminación,Luces laser para escenarios,Gbr
MLA1477866643,"Microfono Ionify Dm- Vocal De Mano Para Canto, Karaooke, Mas",19056,,,Sí,Micrófonos,Microfonos,Ionify
MLA2140789295,Pack 2 Ficha Adaptador 90°ángulo Recto Tipo N Macho N Hembra,44999,,,Sí,Cables y conectores,Conectores de audio y video,Tecnoshow
MLA1974041066,Conzola Gbr Xm12 Mixer De Sonido 12 Canales Usb Mp3 Efectos,524998,,,Sí,DJ y consolas,Consolas de sonido y mezclad,Gbr
MLA858759540,Ficha Adaptador 90° En L Bnc Macho-bnc Hembra Cctv Rosca X10,73498,,,Sí,Cables y conectores,Conectores de audio y video,Tecnoshow
MLA933609456,Trípode Acero Luces Jk4 P705 Linea Pesada 100kg 3.30 Mt Max ,346498,,,Sí,"Soportes, fundas y estructuras",Soportes para luces,Jk4
MLA3472104276,Pack 5 Adaptador Conector Sma Hembra A Bnc Hembra Con Traba,37798,,,Sí,Cables y conectores,Conectores de audio y video,Tecnoshow
MLA917837749,Micrófono Vincha Gbr Color Piel Mini Canon Para Inalambricos,62998,,,Sí,Micrófonos,Microfonos,Gbr
MLA3403814940,Pack 2 Driver De Titanio Td130 Tecshow 1 Pulgada 30w Rms,50398,,,Sí,Parlantes y amplificación,Drivers de compresion para v,Tecshow
MLA1753332053,Luces Led Hexagonales Hex-led 24 Pzs Blancas 5 Hexagonos,299999,,,Sí,Iluminación,Lamparas de piso techo y pared,Solatmos
MLA3377570186,Soporte Cencerros 10 Soportes Postes Acero,157498,,,Sí,Instrumentos,Soportes para bateria,Generic
MLA617776569,"Esferas De Espejos 50 Cm Sin Motor Nacional Espejos De 1,5cm",314998,,,Sí,Iluminación,Bolas espejadas,Tecnoshow
MLA1753398315,Pack 2 Tweeter Bala Jahro Jh09 150 W 8 Ohms,83998,,,Sí,Parlantes y amplificación,Drivers de compresion para v,Jahro
MLA1543868326,Microfono Solapero Corbatero Skp Con Mini Plug Macho ,69876,,,Sí,Micrófonos,Microfonos,Skp
MLA3304451774,Cable Profesional Xlr Gbr 6mts Canon Canon,40948,,,Sí,Cables y conectores,Cables y adaptadores de audi,Gbr
MLA858898212,Ficha Hembra Chasis 10 Contactos Rosca Comunicaciones Audio,6374,,,Sí,Cables y conectores,Conectores de audio y video,Tevelam
MLA3277238926,Linterna Multifuncion Led Alta Potencia Recargable 5 Efectos,157498,,,Sí,Iluminación,Linternas,Generic
MLA2017600366,Mega Gem Led Gbr Bañador De 576 Pixer Led Rgb Y 112 Blanco,367498,,,Sí,Iluminación,Luces de escenario LED,Gbr
MLA617777557,Esfera Espejada Gbr Bola 30 Cm Espejos 1x1 Mejor Calidad,94498,,,Sí,Iluminación,Bolas espejadas,Gbr
MLA734341536,Liquido De Humo Usa Liquids Profesional Caja De 4 Bidon 5 Lt,249999,,,Sí,Máquinas de humo,Líquidos,Usa Liquids
MLA3354981546,Cable Vga Vga 10 Metros Monitor Pantalla Pc Lcd,36750,,,Sí,Cables y conectores,Cables y adaptadores de audi,Jahro
MLA764540448,Alicate De Corte Hung Chang,7521,,,Sí,Electrónica y repuestos,Pinzas de corte,Hung Chang
MLA3637006344,Maquina De Humo Konor 1200 Pro Dmx Led 1200w Gbr Control Cab,359999,,,Sí,Máquinas de humo,Máquinas y repuestos,Gbr
MLA3304426952,Cable Microfono Audio Dmx Gbr 3 Mts Metros Canon Xlr Pro,41998,,,Sí,Cables y conectores,Cables y adaptadores de audi,Gbr
MLA3381700140,Medidor De Factor De Potencia Electrico Para Trifasica 415v,262498,,,Sí,Electrónica y repuestos,Medidores de electricidad,Standard
MLA3190017172,"At-1 Portable Audio Tester, Tester De Cable Xlr",556498,,,Sí,Electrónica y repuestos,Sistemas de monitoreo inalam,Xvive
MLA860705533,Soporte Araña Para Microfono Condenser Shockmount ,68347,,,Sí,Micrófonos,Soportes para microfonos,Tecnoshow
MLA3600269064,Kit Hetfield: Afinador Digital Negro + Capodastro Guitarra Negro + Banquito Apoya Pie Negro,52497,,,Sí,Instrumentos,Otros,
MLA853343866,Super Tweeter Leea  Tw18b 120 Watt Pack 2 Unidades Tweeter,57748,,,Sí,Parlantes y amplificación,Parlantes para vehiculos,Leea
MLA764539218,Flash Geni Tipo Bengala Con Lampara U Color Blanca Kit De 6),62998,,,Sí,Iluminación,Flashes de estudio fotografico,Geni
MLA1382393887,Borneras Conector Hembra Mediana Chasis Rojo Y Negro X 70 Un,62998,,,Sí,Cables y conectores,Conectores de audio y video,Tevelam
MLA3372637162,Parlante 15 Pulgadas 600w 300wrms Woofer Ciclos Pa-1580,199498,,,Sí,Parlantes y amplificación,Parlantes,Ciclos
MLA3182900942,"Consola Mixer Sanrai Dj28 Con Bluetooth, Usb Y Efectos Dsp",178498,,,Sí,DJ y consolas,Mezcladoras para DJ,Sanrai
MLA1803975237,Par Driver De Titanio Td130 Tecshow 1 Pulgada 30w Rms,41998,,,Sí,Parlantes y amplificación,Drivers de compresion para v,Tecshow
MLA1899840443,Lampara Halogena Bryte Bipin Grueso Zocalo G9.5 240v 100w,62998,,,Sí,Iluminación,Lamparas para vehiculos,Bryte
MLA3483021094,Ficha Conector Din 3 Pines Patas Macho Rosca Pack 10,68248,,,Sí,Cables y conectores,Conectores de audio y video,Genérica
MLA1787156895,Mushtec Led 3w Efecto Luces Led,398998,,,Sí,Iluminación,Luces de escenario LED,American Pro
MLA3163396206,Liquido Para Maquina De Humo 1 Litro Usa Liquids Dj Disco,17499,,,Sí,Máquinas de humo,Líquidos,
MLA3100536576,"Trípode Telescópico Apa-lw45 Malacate 2,8 M 45 Kg. Stagelab",419998,,,Sí,"Soportes, fundas y estructuras",Soportes para luces,Stagelab
MLA3284620374,Pilas Aa Recargable Usb-c Con Cable,41998,,,Sí,Electrónica y repuestos,Pilas,Sharpstar
MLA2052648592,Transformador Para Caja Potenciada Jahro Jh15,20998,,,Sí,Electrónica y repuestos,Productos electronicos,
MLA764540245,Gbr Par Led 64 L Dmx Spot Tacho De Led Aluminio Pulido Largo,269999,,,Sí,Iluminación,Luces de escenario LED,Gbr
MLA3283466770,Soporte Metalico Ajustable Notebook Dj Profesional Gbr,52498,,,Sí,DJ y consolas,Soportes para notebooks y ne,Gbr
MLA1729525181,Bomba Repuesto Gbr Maquina De Humo 1200-1500 Y Otras Marcas,83999,,,Sí,Máquinas de humo,Máquinas y repuestos,Gbr
MLA1729402383,Bomba Gbr Maquina De Humo 1500-3000 Y Otras Marcas,103949,,,Sí,Máquinas de humo,Máquinas y repuestos,Gbr
MLA858816779,Conector Rca Hembra A Macho Codo 90 Grados Plastico Mono,2308,,,Sí,Cables y conectores,Conectores de audio y video,Tevelam
MLA861793576,Conector Tnc Hembra A Rosca Para Chasis 4 Agujeros Soldable,5999,,,Sí,Cables y conectores,Conectores de audio y video,Genérica
MLA858767853,Conector Bnc Hembra Para Chasis 4 Agujeros Metalico Soldable,4999,,,Sí,Cables y conectores,Conectores de audio y video,Tevelam
MLA657862984,Micrófono Dinámico Aolé Am185 Direccional Rebajado C/detalle,31498,,,Sí,Micrófonos,Microfonos,Aole
MLA1737992799,Cable De Parlante Ultraflexible Skp Spk80 100mts 2x4mm,367498,,,Sí,Cables y conectores,Cables y adaptadores de audi,Skp
MLA1841588249,Pack 5 Adaptador Conector Twin Axial Hembra A Hembra Svp803,39999,,,Sí,Cables y conectores,Cables y adaptadores de audi,High Tec Electronica
MLA871829915,Conector Tnc Derivador En T Macho A Dos Tnc Hembra Video Dy,7348,,,Sí,Cables y conectores,Conectores de audio y video,Genérica
MLA1391660229,Cable Canon Canon Xlr 1 Mts Audiolab Tipo Neutrik Kit 2 Unid,38115,,,Sí,Cables y conectores,Cables y adaptadores de audi,Audiolab
MLA1952110401,Microfono Con Parlante Amplificador Portatil Bt/usb/sd/fm,49999,,,Sí,Micrófonos,Megafonos,Ciclos
MLA2023821907,Pack 2 Cable Midi 1 Metro Maxcable Fichas Metalicas,35999,,,Sí,Cables y conectores,Cables y adaptadores de audi,Midiplus
MLA3483030640,Pack 5 Conector Bnc Macho A Cable Coaxil Metalico Crimpeable,36750,,,Sí,Cables y conectores,Conectores de audio y video,Tevelam
MLA1895490261,Parlante Jahro 10 Pulgadas 4ohms 200w Pico,73498,,,Sí,Parlantes y amplificación,Parlantes,Jahro
MLA2143656565,Parlante Bafle Activo Jbl Max 15 Bluetooth Usb,1599999,,,Sí,Parlantes y amplificación,Parlantes,Jbl
MLA1907851975,Conector Db25 Db Pack 20 Tapas Plástica Con Tornillos,35000,,,Sí,Cables y conectores,Conectores de audio y video,Tecnoshow
MLA610576319,Alicate De Corte Noble Español 4 1/2,8398,,,Sí,Electrónica y repuestos,Pinzas de corte,Noble
MLA616941870,Liquido De Humo Usa Liquids 1 Litros Linea Disco Dj Liviano,17999,,,Sí,Máquinas de humo,Líquidos,Usa Liquids
MLA734343437,"Cable Canon Hembra A Plug 6,5 De 5 Metros De Largo Maxcable",26248,,,Sí,Cables y conectores,Cables y adaptadores de audi,Maxcable
MLA3482747246,Pack 3 Ficha Conector Adaptador En T 3 N Hembras,36750,,,Sí,Cables y conectores,Adaptadores para taladros y,Tecnoshow
MLA855590032,Ficha Conector Adaptador Rca Hembra A Plug Macho 6.5 (20 U),104998,,,Sí,Cables y conectores,Conectores de audio y video,Genérica
MLA3403914274,Pack 2 Cable Midi 5 Pines Macho 2mts,36750,,,Sí,Cables y conectores,Cables y adaptadores de audi,Tecnoshow
MLA3472246500,"Pack 5 Conector Coaxil Rg6 A Mini Plug 3,5 Mono Metálico",37798,,,Sí,Cables y conectores,Conectores de audio y video,Tevelam
MLA1892776939,Auriculares Inalámbricos Monster Mission 200 Bluetooth 5.4,157498,,,Sí,Auriculares,Auriculares,Monster
MLA735895636,Movil Moving Led 600 Cabezal Movil,419998,,,Sí,Iluminación,Luces de escenario LED,Gbr
MLA1845594707,Pack 3 Ficha Plug Metalica Macho Cable Mono Profesional,41998,,,Sí,Cables y conectores,Conectores de audio y video,Td
MLA1736337745,Driver Leea N25 Neodiminio 150w 8 Ohms,31498,,,Sí,Parlantes y amplificación,Drivers de compresion para v,Leea
MLA1729507209,Agressor Led Gbr 6 Beam Móviles 4 En 1,419998,,,Sí,Iluminación,Luces de escenario LED,Gbr
MLA2710630452,Led Gem Gbr Cabezal Móvil 6 Brazos Laser Rojo Verde Flash,419998,,,Sí,Iluminación,Luces de escenario LED,Gbr
MLA1144344501,Neutrik Nc3mx Ficha Conector Xlr Canon Macho A Cable 3 Pines,17848,,,Sí,Cables y conectores,Conectores de audio y video,Neutrik
MLA1495370075,Efecto Led Vertigo Gbr Luces Led + Laser Verde Y Rojo + Flas,577498,,,Sí,Iluminación,Luces laser para escenarios,Gbr
MLA760398676,Cierre Giratorio De Embutir C/p Candado - Adam Hall - 17233,36999,,,Sí,Otros,Cerraduras para puertas y ve,
MLA907092607,Auriculares Behringer Hpm1000 Black Dj Profesional Cerrado,51973,,,Sí,Auriculares,Auriculares,Behringer
MLA3205795584,Ficha Xlr Canon Hembra 90 O 3 Contactos A Cable (pack 10 U),115498,,,Sí,Cables y conectores,Conectores de audio y video,Tevelan
MLA2391242808,Max Power Minibrut 4 Led Blinder Cob 400watts Dmx Gbr Teatro,429448,,,Sí,Iluminación,Luces de escenario LED,Gbr
MLA734343419,"Ficha Plug 6,5 Estereo Plastico P-060 A Cable (pack De 10 U)",17323,,,Sí,Cables y conectores,Conectores de audio y video,Tecnoshow
MLA1977412473,Led Par 300 Gbr Anvil Con 10 Proton 180 Watt Rgbw Aro Led,1399999,,,Sí,Iluminación,Luces de escenario LED,Gbr
MLA1106107520,Ficha Db37 Macho Chasis A 90 Grados A Placa Kit 10 Unidades,39999,,,Sí,Cables y conectores,Conectores de audio y video,Tevelam
MLA3810143092,Spiro Led Laser Strobo Rgbw 150w Efecto Led Profesional,359999,,,Sí,Iluminación,Luces de escenario LED,Gbr
MLA865701634,Interface Dmx 512 Gbr Light Pro Usb Controlador Iluminacion ,257248,,,Sí,Iluminación,Luces de escenario LED,Gbr
MLA1778119437,Potencia Crest Cks-100 Made In Usa,1049998,,,Sí,Parlantes y amplificación,Amplificadores de audio,Crest
MLA2063167713,Máquina De Humo Led Multiposicion +liquido De Regalo 2000w,799999,,,Sí,Máquinas de humo,Líquidos,Gbr
MLA863534117,Cable Speakon Speakon De 15 Metros Para Bafle O Parlante,62998,,,Sí,Cables y conectores,Cables y adaptadores de audi,Cablelab Audiolab
MLA864002016,Pack 10 Adaptador Conector Sma Hembra A Bnc Hembra Con Traba,69999,,,Sí,Cables y conectores,Cables y adaptadores de audi,Tevelam
MLA1412801175,Estructura Luces 3 Metros Gbr Lt900 2 Tripodes En T + Barral,591079,,,Sí,"Soportes, fundas y estructuras",Soportes para luces,Gbr
MLA3747044716,"Pack 40 Pilas Boton Alcalinas Blister Lr41 1,5v P/ Reloj Ag3",37999,,,Sí,Electrónica y repuestos,Pilas,Soda
MLA1123872884,Parlante Ionify Loud 15 Portátil Con Bateria Bluetooth Luces,220498,,,Sí,Parlantes y amplificación,Parlantes,ION Audio
MLA3832510896,Pack 2 Paño De Bandeja Giradiscos Marca Stanton,35999,,,Sí,DJ y consolas,Slipmats para tornamesas,Stanton
MLA884822478,Neutrik Nc3mp Conector Xlr Canon Macho Chasis 3 Pines Pack 3,62998,,,Sí,Cables y conectores,Conectores de audio y video,Neutrik
MLA915775671,Ficha Speakon Macho A Cable De 4 Contactos Cablelab (6 Unid),62998,,,Sí,Cables y conectores,Conectores de audio y video,Cablelab
MLA3337516044,Kit Dmx Inalambrico Transmisor Receptor Wireless 2.4 Dmxar,209998,,,Sí,Iluminación,Luces de escenario LED,Dmxar
MLA764540234,Micrófono Audio Technica Mb4k C/c,161698,,,Sí,Micrófonos,Microfonos,Audio-Technica
MLA740514673,Dancing Led Gbr Octobeam Dmx,762297,,,Sí,Iluminación,Luces de escenario LED,Gbr
MLA764056612,Amplificador De Auriculares Estéreo Behringer Ha400,94498,,,Sí,Auriculares,Productos electronicos,
MLA3832415454,Pack 2 Paño Antideslizante Para Bandeja Giradisco Vestax,35999,,,Sí,DJ y consolas,Slipmats para tornamesas,Vestax
MLA3481754738,Pack 5 Ficha Conector Bnc Rosca A Macho Rg6,26250,,,Sí,Cables y conectores,Conectores de audio y video,Tecnoshow
MLA764539241, Gbr Par Led 400 Negro Proton 36 Led Alta Potencia (el Par),148138,,,Sí,Iluminación,Luces de escenario LED,Gbr
MLA617776657,"Esferas De Espejos 40 Cm Sin Motor Nacional Espejos De 1,5cm",157498,,,Sí,Iluminación,Bolas espejadas,
MLA1106050261,Ficha Db37 Macho Chasis A 90 Grados Para Soldar A Placa,5248,,,Sí,Cables y conectores,Conectores de audio y video,Tevelam
MLA3354982110,Pack 2 Cable Vga Vga 10 Metros Monitor Pantalla Pc Lcd,63000,,,Sí,Cables y conectores,Cables y adaptadores de audi,Jahro
MLA857321567,Cable Interlock Power Tipo 8 (para Fuente Tv Play X 10 Unid),57748,,,Sí,Cables y conectores,Cables de alimentacion,Tevelam
MLA3183781826,Güiro Metalico Cerrado Shaker Con Peine Percusion,73498,,,Sí,Instrumentos,Guiros,Sanrai
MLA853338220,Driver Leea Pa44 Driver De 1 Pulgada 300w Max 8 Ohms Titanio,57748,,,Sí,Parlantes y amplificación,Drivers de compresion para v,Leea
MLA733128223,Pie Tripode Para Bafle Kool Sound O Gbr O Jahro (precio Par),139999,,,Sí,"Soportes, fundas y estructuras",Soportes para parlantes,Kool Sound o GBR o Jahro
MLA3810987888,Laser Legend 2w Rgb Full Color Dmx Grafico App Telefono,599999,,,Sí,Iluminación,Luces laser para escenarios,Gbr
MLA1812421283,"Bafle Pasivo Bf1515 Woofer 15, 300w Rms, Manija Ruedas",367498,,,Sí,Parlantes y amplificación,Parlantes,Ciclos
MLA3453253678,Efecto Led Dual Gem Led American Dj,524998,,,Sí,Iluminación,Luces de escenario LED,American Dj
MLA863764438,Conector Tipo N Derivador 3 Salidas Hembra Metálico,10498,,,Sí,Cables y conectores,Conectores de audio y video,Tevelam
MLA857359574,Cable Midi Maxcable 1 Mt 55 Pies Ficha A 90 Grados Pack 10 U,102898,,,Sí,Cables y conectores,Cables y adaptadores de audi,Maxcable
MLA2705182874,Efecto Led Gbr Tri Gressor 14 Leds 10w 4 En 1 Uv,419998,,,Sí,Iluminación,Luces de escenario LED,Gbr
MLA3488361314,Pack 10 Conector 1.6/5.6 Hembra Codo Para 2yccy,68250,,,Sí,Cables y conectores,Conectores de audio y video,Tecnoshow
MLA3205747370,Driver Titanio Jbl D202ti 60w Rms 1 Pulgada,167998,,,Sí,Parlantes y amplificación,Drivers de compresion para v,Jbl
MLA1845641397,Ficha Din 3 Patas Macho Plástico Pack 10 Unidades,35999,,,Sí,Cables y conectores,Conectores de audio y video,Tecnoshow
MLA1812613753,Cable Midi 5 Pines Macho 3mts,30448,,,Sí,Cables y conectores,Cables y adaptadores de audi,Tecnoshow
MLA3304402296,Cable Microfono Xlr Canon 6 Mts Metros Moon Heavy Duty Ce6cc,31498,,,Sí,Cables y conectores,Cables y adaptadores de audi,Moon
MLA3481783246,Pack 5 Ficha Conector Hembra Bnc De Rosca A Rg59,36750,,,Sí,Cables y conectores,Conectores de audio y video,Tevelam
MLA1444777705,Cabezal Móvil Beam 100 Watt Gbr Dmx Gobos Prisma Aro De Luz,419998,,,Sí,Iluminación,Luces de escenario LED,Gbr
MLA3232789840,Micrófono Inalámbrico Uhf Apogee U12h Doble Receptor Usb,199498,,,Sí,Micrófonos,Microfonos,Apogee
MLA1144366567,Tripode De Parlante Samson Ls2 Para Bafle ( El Par ) Oferta,157498,,,Sí,"Soportes, fundas y estructuras",Soportes para parlantes,Gator
MLA1376332423,Flash Acme Led St50 10 Lead Blancos De 50 Watt Dmx,313738,,,Sí,Iluminación,Luces de escenario LED,Led
MLA3314440574,Laser Azul Moon L50b 150 Mw,293998,,,Sí,Iluminación,Luces laser para escenarios,Moon
MLA3189973010,Rack X10 Tacho Par Led Nebula Quad 14 Con 14 Led 6 Watt Rgbw,1259998,,,Sí,Iluminación,Luces de escenario LED,Tecshow
MLA3336958072,Sistema Inalambrico Audio/micrófono Uhf Doble Banda Jahro,199498,,,Sí,Micrófonos,Kits de microfonos transmis,Jahro
MLA863534678,Cable Speakon  Speakon 15 Metros Para Bafle Parlante Pack 2u,125998,,,Sí,Cables y conectores,Cables y adaptadores de audi,Cablelab Audiolab
MLA858897103,Ficha Hembra Chasis 10 Contactos Rosca Comunicaciones 6 U.,38115,,,Sí,Cables y conectores,Conectores de audio y video,Tevelam
MLA2007086024,Intimida Laser Led Gbr Efecto Laser Multicolor Animacion,577498,,,Sí,Iluminación,Luces laser para escenarios,Gbr
MLA863999198,Conector Tipo N Hembra Hembra Empalme Prolongación Kit 4 U,36750,,,Sí,Cables y conectores,Conectores de audio y video,Tevelam
MLA1389642887,Borneras Conector Hembra Mediana Chasis Rojo Y Negro X 140 U,125998,,,Sí,Cables y conectores,Conectores de audio y video,Tevelan
MLA764540456,Soporte Notebook Dj X-pro Profesional Para Controlador Midi,79999,,,Sí,DJ y consolas,Soportes para notebooks y ne,X-Pro
MLA1770761097,Cuerdas Guitarra Acustica Premiun Sit Royal Bronze Pro Light,30448,,,Sí,Instrumentos,Encordados para instrumentos,Sit
MLA764540686,Par Led Proton Dmx 18x1 Reales  Tecshow,114343,,,Sí,Iluminación,Luces de escenario LED,Tecshow
MLA3201548506,Efecto  Light Team One Led Central Todo En Uno,440998,,,Sí,Iluminación,Luces de escenario LED,Tecshow
MLA863761246,"Conector Coaxil Rg6 A Miniplug 3,5 Mono Metálico Kit 20 Uni",57748,,,Sí,Cables y conectores,Conectores de audio y video,Tevelam
MLA861948600,Pack 10 Conector Bnc Macho A Cable Coaxil Metalico Crimpeabl,47248,,,Sí,Cables y conectores,Conectores de audio y video,Tevelam
MLA3685630976,Pack 4 Circuito Integrado Njm3771d2,39999,,,Sí,Electrónica y repuestos,Circuitos integrados,Tecnoshow
MLA871816122,Pack 5 Conector Tnc Hembra A Rosca Para Chasis Soldable 10mm,35000,,,Sí,Cables y conectores,Conectores de audio y video,Tevelam
MLA735887077,Acme Matrix Dmx Efecto Led Nuevo (exhibido),440998,,,Sí,Iluminación,Luces de escenario LED,Acme
MLA3605556954,Pack 2 Parlante Jahro 10 Pulgadas 4ohms 200w Pico,136498,,,Sí,Parlantes y amplificación,Parlantes,Jahro
MLA1371064714,Efecto Gbr Galaxy 600 Led Laser Flash Profesional Dmx Auto,629998,,,Sí,Iluminación,Luces laser para escenarios,Gbr
MLA3337516826,Kit Dmx Inalambrico Transmisor Receptor Wireless 2.4,209998,,,Sí,Iluminación,Accesorios y repuestos elect,Dmxar
MLA1495493388,Consola Behringer Xenyx Analógica De 5 Entradas ,242548,,,Sí,DJ y consolas,Consolas de sonido y mezclad,Behringer
MLA876680250,Behringer Umc202 Hd Placa Sonido Externa Usb 2 Canales Midas,398998,,,Sí,DJ y consolas,Placas de sonido,Behringer
MLA3381587164,Soporte Jk4 P720 Metalico Doble Para Satelite Bafle Sub Low,104998,,,Sí,"Soportes, fundas y estructuras",Soportes para parlantes,Jk4
MLA1371716644,Cabezal Verti Power Led Beam + Wash Rgbw Doble Cara,367498,,,Sí,Iluminación,Luces de escenario LED,Gbr
MLA1812601397,Pack 2 Cable Midi 5 Pines Macho 3mts,47250,,,Sí,Cables y conectores,Cables y adaptadores de audi,Tecnoshow
MLA1781949814,Monitor De Estudio Potenciado Novik Concert 5 Mk2 Imput Xlr,288748,,,Sí,Parlantes y amplificación,Monitores de estudio,Skp
MLA856766756,Ficha Conector Plug 90° Metalico 6.5 Metal (pack De 30 Unid),62998,,,Sí,Cables y conectores,Conectores de audio y video,Tecnoshow
MLA3372638210,Parlante Woofer 15'' 600w Profesional 96db Gbr Sp15-8,125998,,,Sí,Parlantes y amplificación,Parlantes,Gbr
MLA856624340,Conector Hembra Uhf Chasis Para Soldar Arandela Tuerca Metal,3999,,,Sí,Cables y conectores,Conectores de audio y video,Tevelam
MLA3663856298,5 Conectores Db15 Macho 15 Contactos A 90 Para Circuito Impr,35000,,,Sí,Cables y conectores,Conectores de audio y video,Elumiled
MLA764540237,Jbl Selenium 250 X Driver 1 Pulgada Con Rosca Rms 100w,167998,,,Sí,Parlantes y amplificación,Drivers de compresion para v,Jbl
MLA879791220,Pie De Microfono Tipo Jirafa Color Negro Kool Sound,62998,,,Sí,Micrófonos,Soportes para microfonos,San Ray O Kool Sound
MLA875475324,Skp Pro 33k Set De 3 Micrófonos Con Valija Y Con 3 Pipetas ,125998,,,Sí,Micrófonos,Microfonos,Skp
MLA1845640091,Pack 10 Conector Adaptador En T De 1 N Macho A 2 N Hembra,99750,,,Sí,Cables y conectores,Conectores de audio y video,Genérica
MLA3483068174,Pack 10 Adaptador Conector Tipo N Hembra Empalme A Bnc Macho,37798,,,Sí,Cables y conectores,Conectores de audio y video,Tevelam
MLA868223082,Soporte Para Bafle De Pared Regulable 45k Jk4 Pack 2 Unidade,109999,,,Sí,"Soportes, fundas y estructuras",Soportes para parlantes,JK4 O Xpro
MLA616753136,Sunray Led Efecto De Luces Audioritmico 6 Rayos De Color,314998,,,Sí,Iluminación,Luces de escenario LED,Pls
MLA1812598631,Pie Soporte Microfono De Mesa + Pipeta Rotati 180° Universal,20998,,,Sí,Micrófonos,Soportes para microfonos,Tecnoshow
MLA901971140,Bafle Potenciado Woofer 8 Pulgadas Bt 180w Rms Usb Ciclos,388498,,,Sí,Parlantes y amplificación,Parlantes,Ciclos
MLA1785762711,Parlante Para Exterior Jardin Hongo Funcional 100v 160w,167998,,,Sí,Parlantes y amplificación,Parlantes,Gbr
MLA3483023316,Conector Ficha Serie Db-9 Db9 Hembra 9 Pin Pack 10,47250,,,Sí,Cables y conectores,Conectores de audio y video,Genérico
MLA1907716759,Driver Jahro Jhr 5042 1 Pulgada Aluminio 40w 8 Ohms,69999,,,Sí,Parlantes y amplificación,Drivers de compresion para v,Jharo
MLA1797506035,Cable Rj11 De Telefono Utp Hi-fi 1 Metro,15750,,,Sí,Cables y conectores,Cables de red,Maxcable
MLA1407131476,Splitter Dmx Pls Dd-4u De Luces 4 Canales Aislamiento Óptico,237022,,,Sí,Iluminación,Luces de escenario LED,Pls
MLA622086399,Cable Proel Para Bafles Bajo Goma Rollo 100 Metros Italiano,314998,,,Sí,Cables y conectores,Cables y adaptadores de audi,Proel
MLA1961131243,Combo 6 Spot 18 Led Proton 180w 6 En 1 Uv Luz Negra Gbr,669990,,,Sí,Iluminación,Otros,
MLA3347277672,Kit Stanton: 1 Funda + 1 Cable + 1 Vincha + 1 Par Almohadillas,104998,,,Sí,Auriculares,Otros,
MLA1171695129,Woofer Jahro Bw-1540 150 Watt 8 Ohms Parlante De 15 Pulgadas,136498,,,Sí,Parlantes y amplificación,Parlantes,Jahro
MLA734431874,Conector Plug 2.5 Macho Stereo Plastico Negro Kit 5 Unidades,35000,,,Sí,Cables y conectores,Conectores de audio y video,Tecnoshow
MLA3322905198,Martin Roboscan 812 Pro 150w Efecto Led Dmx,1049998,,,Sí,Iluminación,Luces de escenario LED,Martin
MLA1540562492,Parlante Jbl Selenium 10pw Pro 10 Pulgadas 400 Watt 8 Ohms,188998,,,Sí,Parlantes y amplificación,Parlantes,Jbl
MLA881227535,"Combo De 2 Driver Leea  Pa34  1,5'' 200w Max 8 Ohms Titanio",136498,,,Sí,Parlantes y amplificación,Drivers de compresion para v,Leea
MLA3704740196,"Pack 4 Adaptador Jack 6,5 Stereo A Plug 3,5 Stereo Metalico",35999,,,Sí,Cables y conectores,Cables y adaptadores de audi,Arwen
MLA1805524301,Vidrio Repuesto Para Parabola Par 64 Pack 6 Uni 3 Modelos,78748,,,Sí,Iluminación,Luces de escenario LED,Kupo
MLA616752476,Acme Matrix Led Efecto Led 64 Led Audioritmico Y Dmx Exibido,457798,,,Sí,Iluminación,Luces de escenario LED,Acme
MLA858812568,Corneta De Plastico Selenium Hm 1125 Rosca De 1   Kit 10 Uni,119999,,,Sí,Parlantes y amplificación,Cornetas para drivers,Selenium
MLA3472191584,Conector Tnc Hembra A Rosca P/chasis 4 Agujeros Soldable X5,41998,,,Sí,Cables y conectores,Conectores de audio y video,Genérica
MLA1845603257,Ficha Din 3 Patas Macho Plástico Pack 20 Unidades,65999,,,Sí,Cables y conectores,Conectores de audio y video,Tecnoshow
MLA1796391315,Funda Estuche Antipolvo Auriculares Stanton Original,36750,,,Sí,Auriculares,Estuches para auriculares,Stanton
MLA764538666,Consola Gbr Mix Pro 10 De 10 Canales Y Efectos Envio Gratis,629998,,,Sí,DJ y consolas,Consolas de sonido y mezclad,Gbr
MLA1723979111,Consola Potenciada Gbr Mix 8 Power Stereo 8 Canales 560w Dsp,524988,,,Sí,DJ y consolas,Consolas de sonido y mezclad,Gbr
MLA2023516495,Parlante Altavoz Woofer 8pwx 8r 200w Rms 8 Ohm Jbl Negro,189999,,,Sí,Parlantes y amplificación,Parlantes,Jbl
MLA1361474361,Splitter Dmx De 8 Canales Pls Litecraft Dd-8u - 2in 8out,308532,,,Sí,Iluminación,Luces de escenario LED,Pls
MLA1147235303,"Esferas De Espejos 70 Cm Sin Motor Nacional Espejos De 1,5cm",547544,,,Sí,Iluminación,Bolas espejadas,Tecnoshow
MLA884657096,Pack 10 Unidades Conector Uhf Macho Pl259 A Coaxial Rf,83998,,,Sí,Cables y conectores,Productos de telefonia y rad,
MLA3309733310,Pantalones De Moto Cargo Hkw Premium,629998,,,Sí,Otros,Pantalones para motociclistas,Hwk
MLA3353545836,Pack 4 Cable Rca Super Video 4 Pines 1.8 Mts Profesional,63000,,,Sí,Cables y conectores,Cables y adaptadores de audi,Maxcable
MLA1535069681,Cabezal Movil Gbr 5w Laser Pro Full Color Grafico Animados,1627498,,,Sí,Iluminación,Luces laser para escenarios,Gbr
MLA2019007577,Bafle Potenciado Jahro Jh-15dsp 15'' 650w Rms Profesional,899000,,,Sí,Parlantes y amplificación,Parlantes,Jahro
MLA764539487,Behringer V-tone Gm108 Amplificador De 15 W Para Guitarra,397925,,,Sí,Instrumentos,Amplificadores de instrumentos,Behringer
MLA1753108507,Dj Lite-puter Tx 1201 Controlador De Luces Electronico,524998,,,Sí,Iluminación,Controladores DJ,Lite-Puter
MLA872978497,Conector Uhf Macho Pl259 A Coaxial Rg58 Soldable X10,73498,,,Sí,Cables y conectores,Productos de telefonia y rad,
MLA868940844,Behringer Um2 - Interfaz De Audio Usb 2x2,178497,,,Sí,DJ y consolas,Productos electronicos,
MLA1845618421,Pack 5 Ficha Conector Hembra 10 Pines Calidad Profesional,47250,,,Sí,Cables y conectores,Conectores de audio y video,Tevelam
MLA3769870472,Caja Fuerte Security 8lts Con Llave De Emergencia Y Tornillo,109999,,,Sí,Otros,Cajas fuertes,Security
MLA3314433886,Matrix Led Acme Efecto Luces Led 256leds Dmx,439707,,,Sí,Iluminación,Luces de escenario LED,Acme
MLA1783965337,Cargador 4 Canales Para Pilas Aa/aaa Usb Deleex,26248,,,Sí,Electrónica y repuestos,Cargadores de baterias y pilas,Deleex
MLA625288922,"Pls Strobe 261, Led Strobo, Led De 3mm, Audio Ritmico Oferta",68248,,,Sí,Iluminación,Luces de escenario LED,Pls
MLA1751924435,Guitarra Electrica Washburn Stratocaster Lyon Series Negra,629998,,,Sí,Instrumentos,Guitarras electricas,Washburn
MLA858430171,Pack 10 Adaptador Bnc Hembra A Hembra Empalme Conector Rg58,39999,,,Sí,Cables y conectores,Cables y adaptadores de audi,Tevelam
MLA3153064944,Kit 2 Unidades Aparejo Manual Cadena De 10mt Con Flightcase,1259998,,,Sí,"Soportes, fundas y estructuras",Aparejos manuales,Ampro
MLA3132345360,Bafle Activo Dsp Bluetooth Pro Dj 1000w 12 2 Vias,724489,,,Sí,Parlantes y amplificación,Parlantes,Gbr
MLA856605368,Ficha Db15 Hembra Chasis Alta Densidad 3 Filas (kit 50 Unid),104998,,,Sí,Cables y conectores,Conectores de audio y video,Tevelam
MLA855580273,"Conector Ficha Rca Hembra A Plug 6,5 Mono Metalico (10 Unid)",52498,,,Sí,Cables y conectores,Conectores de audio y video,Tevelan
MLA1824386805,Pack 2 Soporte Bafle Pared Fijo 15o Hasta 30 Kg Jk4 S220,68248,,,Sí,"Soportes, fundas y estructuras",Soportes para parlantes,Jk4
MLA3337052696,Par Micrófonos Inalámbricos De Vincha Con Receptor Jahro,129999,,,Sí,Micrófonos,Microfonos,Jahro
MLA764539950,Maquina De Humo Gbr Konor 900 Pro Control Remoto Inalambrico,325499,,,Sí,Máquinas de humo,Máquinas y repuestos,Gbr
MLA3112404376,Bafle Potenciado 18 Gbr Subarray 2000 Platinum Pro Subwoofer,1627499,,,Sí,Parlantes y amplificación,Parlantes,Gbr
MLA849553370,Tripode De Parlante Samson Ls2 Para Bafle ( Precio Unitario),79999,,,Sí,"Soportes, fundas y estructuras",Soportes para parlantes,Samson
MLA1845598293,Pack 10 Conector Adaptador F Hembra-pal Hembra Fino A Grueso,73498,,,Sí,Cables y conectores,Conectores de audio y video,Elumiled
MLA1767882725,Monitor Led Samsung 19 Pulgadas,210000,,,Sí,Video y pantallas,Monitores de computadoras,Samsung
MLA1783956025,Cable Stagelab Speakon Speakon 15m Negro Spk-15m,73498,,,Sí,Cables y conectores,Cables y adaptadores de audi,Stagelab Ampro
MLA691828544,Consola Dmx Operator 192 Canales Control. Dmx 512 1 Año Gtia,230998,,,Sí,Iluminación,Luces de escenario LED,Gbr
MLA901984120,Colorwall American Pro 3 Lámparas Halógenas 220 Volt 300 W ,314998,,,Sí,Iluminación,Luces de escenario LED,American Pro
MLA3153261582,Parlante Woofer 15'' Pulgadas Leea Lf15rf 1600w Pico 8ohms,412192,,,Sí,Parlantes y amplificación,Parlantes,Leea
MLA3434704132,Banquito Soporte Apoya Pie Banco Guitarra Fs Moon,18898,,,Sí,Instrumentos,Soportes de pie y pared para,Moon
MLA1746990847,Microfono Uhf Cuello De Ganso Gbr Inalambrico Conferencias,146998,,,Sí,Micrófonos,Microfonos,Gbr
MLA3453757586,Soporte De Parlante Samson Para Bafle Ls50p,99748,,,Sí,"Soportes, fundas y estructuras",Soportes para parlantes,Samson
MLA919454783,Set 4 Micrófonos Inalámbrico Mano Uhf Recargable Pc/celular ,568082,,,Sí,Micrófonos,Kits de microfonos transmis,Gbr
MLA1895307133,Guantes Con Calefacción Eletrica P Nieve/ski/snowboard/etc,199498,,,Sí,Otros,Guantes de esqui y snowboard,Generic
MLA3183643238,Sanrai Consola Potenciada 6 Canales Bluetooth Usb 300w,409498,,,Sí,DJ y consolas,Consolas de sonido y mezclad,Sanrai
MLA850264692,Pack 2 Zócalo Cerámico Para Par 56-64-300-1000,35000,,,Sí,Iluminación,Luces de escenario LED,Tecshow
MLA730581851,Maquina De Humo Gbr Konor 1500 Inalambrica Y Con Cable Nuevo,367498,,,Sí,Máquinas de humo,Máquinas y repuestos,Gbr
MLA3273708964,Parlante Para Exteriores Estilo Proyector De Alto Rango Show,104998,,,Sí,Parlantes y amplificación,Parlantes,Show
MLA857352314,Pack 10 Adaptador Coaxil Empalme F Hembra Hembra Tv Video,44039,,,Sí,Cables y conectores,Cables y adaptadores de audi,Tevelam
MLA1531209695,Mixer De Sonido 8 Xlr Gbr Xm8 Usb Bluetooth Efectos,399999,,,Sí,DJ y consolas,Consolas de sonido y mezclad,Gbr
MLA740508655,Tecshow American Concert C3600 Potencia,1499999,,,Sí,Parlantes y amplificación,Amplificadores de audio,Tecshow
MLA3200432806,Sistema Array Combo Sub Woofer 15'' + 4 Array 400 + Tripodes,3464998,,,Sí,Parlantes y amplificación,Parlantes,Gbr
MLA1260369993,Stanton Dj 3000 Cable Repuesto Original Nuevo Para Auricular,41998,,,Sí,Auriculares,Auriculares,Stanton
MLA764539670,Consola Gbr Mix-pro 10 De 10 Canales Y Efectos  Digitales,779746,,,Sí,DJ y consolas,Consolas de sonido y mezclad,Gbr
MLA1824385749,Pack 2 Soporte Bafle Pared Regulable Max 45kg Jk4 S221,115498,,,Sí,"Soportes, fundas y estructuras",Soportes para parlantes,Jk4
MLA764538932,Martin Roboscan Pro 218 Dmx Y Protocolo Martin,1499999,,,Sí,Iluminación,Luces de escenario LED,Martin
MLA882064189,Placa De Sonido Focusrite Scarlett Solo 3 Gene Interface,419998,,,Sí,DJ y consolas,Interfaces de audio,Focusrite
MLA1720716041,Combo 2 Array 1020 Pro + 1 Sub Array 2000 Line Array Series,5249998,,,Sí,Parlantes y amplificación,Parlantes,Gbr
MLA764539972,Shure Pg 57 Lc Microfono Cardioide Dinamico Instrumento,209998,,,Sí,Micrófonos,Microfonos,Shure
MLA1382987993,Bafle Pasivo Sanrai De 12  300 Watt Rms Caja Plastico Inject,419998,,,Sí,Parlantes y amplificación,Parlantes,Rms
MLA865697081,Cable Rj11 De Telefono Utp Hi-fi 1 Metro Pack 10,68250,,,Sí,Cables y conectores,Cables telefonicos,Maxcable
MLA3189350482,Consola Behringer Xenyx 502s De Mezcla,251998,,,Sí,DJ y consolas,Consolas de sonido y mezclad,Behringer
MLA666367575,Microfono De Mesa Proel Pa Mic-62w Blanco Para Ambon O Piano,249999,,,Sí,Micrófonos,Microfonos,Proel
MLA861936211,Conector Coaxil A Bnc Macho Metalico  Para Cable (pack 50 U),76228,,,Sí,Cables y conectores,Conectores de audio y video,Tevelam
MLA855099909,Torre Estructura Completa De 6 Mt De Acero Modelo Jk4 K900 J,1270498,,,Sí,"Soportes, fundas y estructuras",Soportes para luces,JK4 O Xpro
MLA1376332165,Mega Flash Acme Led St5000 297 Led De 3w Dmx,1268219,,,Sí,Iluminación,Luces de escenario LED,Led
MLA1845621453,Pack5 Conector Adaptador F Hembra A Pal Hembra Fino A Grueso,36750,,,Sí,Cables y conectores,Conectores de audio y video,Elumiled
MLA3481773922,Pack 5 Ficha Conector Rca Macho A Bnc Hembra Cctv - Dy,36750,,,Sí,Cables y conectores,Conectores de audio y video,Tevelam
MLA3483022876,Pack 10 Ficha Db9 Macho Chasis A 90 Grados,36750,,,Sí,Cables y conectores,Conectores de audio y video,Tevelan
MLA3483040882,Pack 5 Ficha Conector N Hembra A N Hembra,36750,,,Sí,Cables y conectores,Conectores de audio y video,Tevelam
MLA607399382,Jbl Selenium Driver  D 220 Ti Driver 1 Pulgada Con Rosca,209998,,,Sí,Parlantes y amplificación,Drivers de compresion para v,Jbl Selenium
MLA856358801,"Cable Canon A Plug 6,5 De 5 Metros Maxcable Pack 4 U",115498,,,Sí,Cables y conectores,Cables y adaptadores de audi,Maxcable
MLA1421209233,Tecshow Apa-024 Clamó Doble Nudo 500 Kilos Color Natural,79999,,,Sí,"Soportes, fundas y estructuras",Parlantes,Tecshow
MLA1895322403,Soporte De Pared Para Altavoz Home Theater Ge Premium,220498,,,Sí,"Soportes, fundas y estructuras",Soportes para parlantes,General Electrics
MLA1975457856,Ecualizador Gráfico Behringer Fbq3102hd Estéreo 31 Bandas P,692998,,,Sí,Parlantes y amplificación,Ecualizadores,Behringer
MLA1371716202,Cabezal Beamer 7r Marca Gbr Platinum 250 Con Lampara 7r Dmx,1154998,,,Sí,Iluminación,Productos electronicos,
MLA1703766244,Halo 100 Spot Cabezal Movil Led Gobos Dmx Prisma Dj Tecshow,944998,,,Sí,Iluminación,Luces de escenario LED,Tecshow
MLA1746699257,Consola Potenciada 4 Canal Bt/sd/usb 300w Mixer Amplificador,377998,,,Sí,DJ y consolas,Consolas de sonido y mezclad,Sanrai
MLA3112005608,Bafle Activo Gbr Pl 1230 Dsp Bluetooth Sonido Potente,729749,,,Sí,Parlantes y amplificación,Parlantes,Gbr
MLA3232763850,Micrófono Inalámbrico Lexsen 2h2 De Mano Uhf 2 En 1,188998,,,Sí,Micrófonos,Microfonos,Lexsen
MLA1746978665,2 Microfonos Uhf Cuello De Ganso Gbr Inalambr Conferencias,209998,,,Sí,Micrófonos,Microfonos,Gbr
MLA1447181402,Cabezal Movil Marca Pr Pilot 575 Lampara Hmi 575 Con Rack.,2099998,,,Sí,Iluminación,Productos electronicos,
MLA1860649362,Neutrick Pack 10 Fichas Canon Macho Y 10 Fichas Canon Hembra,404017,,,Sí,Cables y conectores,Conectores de audio y video,Neutrick
MLA729069676,Gbr Parlante Portatil Mini Mp3 Bluetoht Nuevo,30319,,,Sí,Parlantes y amplificación,Parlantes,Gbr
MLA3112009144,Bafle Potenciado Pl-1500 Power Activo Potente Bluetooth,908248,,,Sí,Parlantes y amplificación,Parlantes,Gbr
MLA657746892,Mixer Potenciado Sanrai Jmp6150 Bluetooth 6 Ch Usb Radio,524998,,,Sí,DJ y consolas,Consolas de sonido y mezclad,Sanrai
MLA758324173,Parlante Repuesto Para Auricular Stanton Cerrado Dj Pro-3000,63523,,,Sí,Auriculares,Productos electronicos,
MLA3112109386,Bafle Pasivo Gbr 15 2 Vias Driver Titanium 1000w Linea Pro,472499,,,Sí,Parlantes y amplificación,Parlantes,Gbr
MLA3823954198,Traductor Electrónico Simultaneo Bardl Bd-806m 6 Canales,499999,,,Sí,Electrónica y repuestos,Diccionarios electronicos,Bardl
MLA616935070,Pls Wall Wash 723 Led Usado Bañador De Exteriores Ip 65,1574998,,,Sí,Iluminación,Luces de escenario LED,Pls
MLA858760964,Ficha Derivador Tnc Macho A Tnc Hembra A Rosca A 90° Kit 10u,38887,,,Sí,Cables y conectores,Conectores de audio y video,Tevelam
MLA3471989052,Pack 5 Adaptador Conector Sma Hembra A Bnc Hembra Con Traba,39999,,,Sí,Cables y conectores,Conectores de audio y video,Tevelam
MLA1432342654,Cabezal Movil Led 60w Gbr Nuevo Modelo Envio Gratis,472498,,,Sí,Iluminación,Luces de escenario LED,Gbr
MLA779579730,Jbl Selenium Repuesto Para Driver  Rpd 220 Ti Driver 1  ,59999,,,Sí,Parlantes y amplificación,Drivers de compresion para v,Jbl Selenium
MLA2596072808,Rack 4 Cabezales Movil Halo 740 Pix Tecshow 7 Leds Rgbw 40w,2939998,,,Sí,Iluminación,Luces de escenario LED,Tecshow
MLA863767659,Conector Tipo N Derivador 3 Salidas Hembra Metal Kit 5 Unid.,52498,,,Sí,Cables y conectores,Conectores de audio y video,Tevelan
MLA3471987178,Pack 10 Conector Adaptador Sma Hembra Tnc Hembra,52498,,,Sí,Cables y conectores,Conectores de audio y video,Tecnoshow
MLA1723843233,Parlante Activo Pl-1530 Platinum Pro Dsp 650w Rms Bluetooth,1259998,,,Sí,Parlantes y amplificación,Parlantes,Gbr
MLA3911026106,Base Refrigerante Seisa Portátil Silenciosa Alimentacion Usb,69999,,,Sí,Electrónica y repuestos,Coolers y ventiladores exter,Seisa
MLA764539229,Mini Bañador Led Mini Color Changer American Pro Luces Dj,57879,,,Sí,Iluminación,Luces de escenario LED,American Pro
MLA1374596523,Bafle Ciclos Amplificado Con Woofer 15  300 Watt Rms Usb Bt ,1016398,,,Sí,Parlantes y amplificación,Parlantes,Ciclos
MLA1829948633,Cabezal Móvil Acme Zoom Led-300zs 19 Leds Flash Profesional,734998,,,Sí,Iluminación,Luces de escenario LED,Led
MLA764539254,Skp Rcm Xlr70 Cable 70mts Manguera Nuevo,524998,,,Sí,Cables y conectores,Cables y adaptadores de audi,Skp
MLA3283417668,Amplificador Ciclos Tpa-700 800w 2 Canales,1375498,,,Sí,Parlantes y amplificación,Amplificadores de audio,Ciclos
MLA764539490,Jbl 15 Ws600 Parlante Woofer,524998,,,Sí,Parlantes y amplificación,Parlantes,Jbl
MLA1374598219,Microfono Inalámbrico Apogee U22h Doble Transmisor Mano Uhf,451498,,,Sí,Micrófonos,Kits de microfonos transmis,Apogee
MLA1144366396,Pack 10 Fichas Xlr Canon Hembra A Xlr Canon Hembra Metalico,79798,,,Sí,Cables y conectores,Conectores de audio y video,Genérica
MLA1730997671,2 Lampara Cuarzo Circolina 800w,36748,,,Sí,Iluminación,Focos,Telstar
MLA3389735546,Parlante 2 En 1 Portátil Bluetooth Magnético Jahro Jhr-f11,104998,,,Sí,Parlantes y amplificación,Parlantes,Jahro
MLA764539955,Maquina De Humo Gbr Konor 900 Control  Inalambrico Y Cable,230998,,,Sí,Máquinas de humo,Máquinas y repuestos,Gbr
MLA764539961,Tramo 3 Metros Jk4 K-943 Truss Estructura Cuadrada  Nueva,409498,,,Sí,"Soportes, fundas y estructuras",Soportes para luces,X-Pro
MLA616945482,American Pro Apx 300 Ii Amplificador Potencia Audio Dj,508198,,,Sí,Parlantes y amplificación,Amplificadores de audio,American Pro
MLA3833451928,Pack 5 Pipeta Para Microfono Soporte Plastico Flexible,35999,,,Sí,Micrófonos,Soportes para microfonos,Gbr
MLA764539967,Konor 1500 Pro Maquina De Humo Inalambrico Y Con Cable Nuevo,472498,,,Sí,Máquinas de humo,Máquinas y repuestos,Gbr
MLA1453321302,Cabezal Movil Wash Acme Led-mb400r Wonder Ray 24 Led 10w Dmx,1559286,,,Sí,Iluminación,Luces de escenario LED,Led
MLA1456037810,Cabezal Movil Wash Acme Led-mb400r Wonder Ray 24 Led 10w Dmx,1185120,,,Sí,Iluminación,Luces de escenario LED,Led
MLA746763918,Skp Pro 58 Xlr Micrófono Profesional Para Voces Y Coros,62998,,,Sí,Micrófonos,Microfonos,Skp
MLA3201442816,Guitarra Electrica Washburn We10 Tipo Stratocaster Bordo,556498,,,Sí,Instrumentos,Guitarras electricas,
MLA3169456100,Pls Beam 38 Cabezal Movil Led 32 X 3w Doble Cara 3 En 1,629998,,,Sí,Iluminación,Luces de escenario LED,Pls
MLA1736284973,Consola Mixer Sonido 16 Canales Usb Mp3 Esfectos Dsp Xlr Pre,629999,,,Sí,DJ y consolas,Consolas de sonido y mezclad,Gbr
MLA1741125859,Receptor Inalámbrico De Microfono Shure Pgx1,944998,,,Sí,Micrófonos,Kits de microfonos transmis,Shure
MLA764538950,Cabezal Movil Pr Xled 250 Spot De Led Spot Pr 8111,944998,,,Sí,Iluminación,Luces de escenario LED,Pr
MLA3636255550,Pack 100 Conector Ficha Db25 Macho 25 Contactos A 90,99999,,,Sí,Cables y conectores,Conectores de audio y video,Tecnoshow
MLA764540685,Cabezal Movil Pls 200 Beam Luz Dmx Con Lampara 7r,1154998,,,Sí,Iluminación,Luces de escenario LED,Pls
MLA871819328,Pack 10 Conector Tnc Hembra A Rosca Para Chasis Soldable,54999,,,Sí,Cables y conectores,Conectores de audio y video,Tevelam
MLA3636241174,Pack 10 Conector Ficha Db25 Macho 25 Contactos A 90,59999,,,Sí,Cables y conectores,Conectores de audio y video,Tecnoshow
MLA1767900805,Hometheater Sanrai Parlantes Sistema Multimedia 2.1ch,525000,,,Sí,Parlantes y amplificación,Home theaters,Sanrai
MLA616944268,"Potencia American Pro Apx-1200 De 640 X 2 En 4, 400 X 2 En 8",749999,,,Sí,Parlantes y amplificación,Amplificadores de audio,American Pro
MLA3483076726,Pack 20 Conector Db15 Hembra 90 Grados P/ Soldar Impreso,89248,,,Sí,Cables y conectores,Conectores de audio y video,Tecnoshow
MLA603660529,Caja Db Technologies Arena 12 Usada En Demo 12   Y Driver 1 ,1050000,,,Sí,Parlantes y amplificación,Parlantes,dBTechnologies
MLA3481744086,Pack 10 Ficha Conector Hembra Bnc De Rosca A Rg59,62998,,,Sí,Cables y conectores,Conectores de audio y video,Tecnoshow
MLA3483079266,Pack 10 Ficha Conector N Hembra A N Hembra,62998,,,Sí,Cables y conectores,Conectores de audio y video,Tevelam
MLA616945067,Potencia American Pro Apx-600 De 300 X 2 En 4 Y 200 X 2 En 8,577498,,,Sí,Parlantes y amplificación,Amplificadores de audio,American Pro
MLA616945905,Potencia Apx 800 American Pro 400 Watt X 2 En 4 Ohms Oferta,679999,,,Sí,Parlantes y amplificación,Amplificadores de audio,American Pro
MLA805303679,Dbx Driverack Pa 2 Crosovers Digital Procesador By Harman,1399999,,,Sí,DJ y consolas,Procesadores de efectos para DJ,Dbx
MLA907995273,Audio Technica Atw-201/l Sistema Inalambrico Vhf 200 Series,461998,,,Sí,Micrófonos,Kits de microfonos transmis,Audio-Technica
MLA1106063717,Ficha Db37 Macho Chasis A 90 Grados A Placa Kit 40 Unidades,84999,,,Sí,Cables y conectores,Conectores de audio y video,Genérica
MLA861794803,Conector Tnc Hembra A Rosca Chasis Soldable Pack 15 Unidades,89999,,,Sí,Cables y conectores,Conectores de audio y video,Tevelam
MLA2016962360,Polaris Gbr Barra Movil 8 Laser 500mw Rgb Dimmer Flash Dmx,1994998,,,Sí,Iluminación,Luces laser para escenarios,Gbr
MLA863777347,Conector Tipo N A Cable Coaxil Rg6 Kit De 10 Unidades,75182,,,Sí,Cables y conectores,Conectores de audio y video,Tevelam
MLA872997655,Conector Tipo N Hembra Empalme Adaptador A Bnc Macho (10u),75182,,,Sí,Cables y conectores,Conectores de audio y video,Tevelam
MLA1845627601,Pack 10 Ficha Conector Adaptador En T 3 N Hembras,99750,,,Sí,Cables y conectores,Adaptadores para taladros y,Tecnoshow
MLA3551017400,Monitor Bafle Retorno Woofer15'' Gbr Array 700pa 600w Pico,787498,,,Sí,Parlantes y amplificación,Parlantes,Gbr
MLA617776446,"Esferas De Espejos 60 Cm Sin Motor Nacional Espejos De 1,5cm",419998,,,Sí,Iluminación,Bolas espejadas,Tecnoshow
MLA1729545315,Bafle Potenciado Con Ruedas Subarray 1500 Subwoofer,1889999,,,Sí,Parlantes y amplificación,Parlantes,Platinum Pro
MLA3168246272,Behringer P1 Sistema De Monitoreo Personal Color Negro,157498,,,Sí,Auriculares,Auriculares,Behringer
MLA1803973171,Kit Amplificador Inalambrico Con Microfonos Ciclos Th-920,314998,,,Sí,Micrófonos,Amplificadores de audio,Ciclos
MLA3112406376,Monitor Bafle Activo Potenciado Gbr 12  2vias 500w Array-900,699999,,,Sí,Parlantes y amplificación,Parlantes,Gbr
MLA3079437174,Cabezal Movil Beam Pr Xr 230 Lampara 230 Hri (dos Con Rack),3989998,,,Sí,Iluminación,Luces de escenario LED,Pr
MLA679143399,Lexsen Lxa-601 Amplificador Potencia 600 Watt Hoy En Oferta,524998,,,Sí,Parlantes y amplificación,Amplificadores de audio,Lexsen
MLA728671035,Mackie Vlz3-1642 Mixer Consola 16 Canales Grabacion/vivo,2569926,,,Sí,DJ y consolas,Consolas de sonido y mezclad,Mackie
MLA3383525922,Cabezal Movil Beam Pr Xr 230 Lampara 230 Hri (par Con Rack),4409998,,,Sí,Iluminación,Luces de escenario LED,Pr
MLA3903057128,Consola Sonido Mixer 8 Ch Mix-8 Usb Gbr Efectos Mp3,699999,,,Sí,DJ y consolas,Consolas de sonido y mezclad,Gbr
MLA1768066431,Mackie S-410 Subwoofer Pasivo De 4 Parlantes De 10 Pulgadas,5250000,,,Sí,Parlantes y amplificación,Parlantes,Mackie
MLA764538945,Cabezal Móvil Led American Pro Neo-150 Lampara Descarga 150,1978294,,,Sí,Iluminación,Luces de escenario LED,American Pro
MLA868223457,Soporte Fijo Jk4 De Pared Para Bafle 30 Kg Pack 2 Uni,90338,,,Sí,"Soportes, fundas y estructuras",Soportes para parlantes,JK4 o Xpro
MLA764538930,Cleo 108 American Pro Bañador De 108 Led,1905748,,,Sí,Iluminación,Luces de escenario LED,American Pro
MLA1845614011,Pack 5 Conector Adaptador En T De 1 N Macho A 2 N Hembra,47250,,,Sí,Cables y conectores,Conectores de audio y video,Genérica
MLA1895510663,Bafle Potenciado 12pul Gbr Profesional Pl1230 500w Bluetooth,1049998,,,Sí,Parlantes y amplificación,Parlantes,Platinum Pro
MLA1374586441,Micrófonos Inalambrico De Mano Gbr Uhf-430 Kit De 4 De Mano,629998,,,Sí,Micrófonos,Microfonos,Gbr
MLA2228590162,Platinum Sub Array 1800 Dsp 2400w Woofer Salida Potenciada,2614498,,,Sí,Parlantes y amplificación,Parlantes,Gbr
MLA746130363,Tecshow De American Pro Concert C4800 Potencia 4800 Watt,1899999,,,Sí,Parlantes y amplificación,Amplificadores de audio,Tecshow
MLA3205745502,Micrófonos Behringer C-2 Condensador Cardioide Color Platead,219448,,,Sí,Micrófonos,Microfonos,Behringer
MLA1845631635,Pack 10 Ficha Conector Hembra 10 Pines Calidad Profesional,99750,,,Sí,Cables y conectores,Conectores de audio y video,Tevelam
MLA2964418550,Rack Con 20 Nebula 6 Tacho Par Led Tecshow Dmx Rgbwa Uv,3149998,,,Sí,Iluminación,Luces de escenario LED,Tecshow
MLA858427601,Ficha Conector Rca Macho A Bnc Hembra Cctv - Dy (kit 10 Uni),62998,,,Sí,Cables y conectores,Conectores de audio y video,Tevelam
MLA1845391809,Pack 10 Adaptador Conector Sma Hembra A Bnc Hembra Con Traba,73498,,,Sí,Cables y conectores,Conectores de audio y video,Tecnoshow
MLA1512796703,Potencia Tecshow Dome Core 360 Usb Bluetooth,809548,,,Sí,Parlantes y amplificación,Amplificadores de audio,Tecshow
MLA3510469256,Behringer Xenyx 1002sfx Mezcladora 10 Canales Efectos Y Usb,499999,,,Sí,DJ y consolas,Consolas de sonido y mezclad,Behringer
MLA626199504,Behringer 1c Monitor Speaker Parlante Negro X Par 100w,577498,,,Sí,Parlantes y amplificación,Monitores de estudio,Behringer
MLA1163454148,Potencia Apogee H-12 De 900 Watt (2 Por 450 Watt En 4 Ohm),629998,,,Sí,Parlantes y amplificación,Amplificadores de audio,Apogee
MLA1919361783,Radio Base Vertex Vx2000u Uhf 25w 4 Canales Usada Garantia,199999,,,Sí,Electrónica y repuestos,Equipos base de radio,Vertex
MLA1893028441,Fuente Transformador Original Roland Teclado 12v,94498,,,Sí,Electrónica y repuestos,Productos electronicos,
MLA1100280341,Prince Paleta Padel Controller Quartz Vectron Fibers Usada ,66675,,,Sí,Otros,Paletas de padel,Prince Padel
MLA1892773605,Cargador Transformador Original Sony Pcga-ac16v6v 16v 4a 65w,59999,,,Sí,Electrónica y repuestos,Cargadores para notebooks y,
MLA740521553,Pr Xs 250 Cabezal Móvil Pr Lighting 18 Canales Dmx Usado,734998,,,Sí,Iluminación,Luces de escenario LED,Pr
MLA744145129,Gbr Src178 16ch Consola Dimmer Usado En Perfecto Estado,489298,,,Sí,Iluminación,Productos electronicos,
MLA764540267,Martin Pro 218 Roboscan Protocolo Martin Robot Usado ,645532,,,Sí,Iluminación,Mezcladoras para DJ,Martin
MLA744451115,Pr Solo 250 Cabezal Móvil Pr Lighting 10 Canales Dmx Usado,734968,,,Sí,Iluminación,Luces de escenario LED,Pr
MLA740521644,Bañador Color Chromawash 150 American Pro  De Exhibicion,1270498,,,Sí,Iluminación,Luces de escenario LED,American Pro
MLA764539665,Bañador Design 150 Pr-1150 Usado,1020790,,,Sí,Iluminación,Luces de escenario LED,Pr
MLA764538944,City Color Studio Due Usado Efecto Bañador,1750926,,,Sí,Iluminación,Luces laser para escenarios,Studio Due
MLA1753336525,Dj Lite-puter Dp 6 Controlador De Luces,787500,,,Sí,Iluminación,Controladores DJ,Lite-Puter
MLA1493998489,Tacho Par Led Tecshow Nebula Quad 14 Con 14 Led 6 Watt Rgbw,,,,No,Iluminación,Luces de escenario LED,Tecshow
MLA1414741261,Consola Dmx 512 Navigator Lite Tecshow Distribuidor Oficial,,,,No,Iluminación,Luces de escenario LED,Tecshow
MLA901827726,Luz Led Pls Par 543 Rgbw Dmx 512 8canales Display 54 Leds 3w,,,,No,Iluminación,Luces de escenario LED,Pls
MLA1457305297,Tacho Proton Tecshow Nebula Dual Bañador Par Led Rgb+uv,,,,No,Iluminación,Luces de escenario LED,Tecshow
MLA2173348412,Cabezal Movil Molly Beam Led 150 W Gobos Aro Led Rgb Tecshow,,,,No,Iluminación,Luces de escenario LED,Tecshow
MLA1888580782,Octobeam Rgbw Dancing Led Gbr Barra Beam De 8 Led De 10 Watt,,,,No,Iluminación,Luces de escenario LED,Gbr
MLA3314473016,Tacho Led Proton Rgb 36w Cosmo 36,,,,No,Iluminación,Luces de escenario LED,Tecshow
MLA2016883186,Barra Gbr Led Washer Pro Spot Led Bara 40 Led Pixel Multicol,,,,No,Iluminación,Luces de escenario LED,Gbr
MLA1399532093,Cabezal Movil Led Alfie Wash 7 Leds De 8 Watts Rgbw Tecshow,,,,No,Iluminación,Luces de escenario LED,Tecshow
MLA1493960209,Bañador Led Efecto Strobo 3 En 1 Tecshow Strobe Box Dual,,,,No,Iluminación,Luces de escenario LED,Tecshow
MLA896365591,Cosmo Uv Led- 6114 Tacho Proton 18 Led 3w Luz Negra Tecshow,,,,No,Iluminación,Luces de escenario LED,Tecshow
MLA1446934074,Efecto Acme Carnival Led-7875 320 Leds Dmx,,,,No,Iluminación,Luces de escenario LED,Acme
MLA1578124093,Cabezal Movil Beamer 250 Mini Tecshow Rgb Lámpara 250w,,,,No,Iluminación,Luces de escenario LED,Tecshow
MLA1785794983,Cabezal Movil Led 30w Moving Led 500,,,,No,Iluminación,Luces de escenario LED,Gbr
MLA2371429018,Wash Led 6 Gbr Barra Bañador Con 80 Led De 3 Watt 3 En 1,,,,No,Iluminación,Luces de escenario LED,Gbr
MLA2790962174,Rack Con 6 Cabezal Movil Tecshow Molly Beam 150w Anillo Rgb,,,,No,Iluminación,Luces de escenario LED,Tecshow
MLA3183893948,Tacho Par Led Rgb Pls Pl-543 54 Luces 3w Dmx512 7 Canales,,,,No,Iluminación,Luces de escenario LED,Pls
MLA3201496398,Efecto Cuatrotec Evo 152 Led Rgbw Estrobo Dmx Audio,,,,No,Iluminación,Luces de escenario LED,Tecshow
MLA1420676235,Proton Uv Tacho De 54 Led De 1 Watt Ultravioleta Luz Fluo,,,,No,Iluminación,Luces de escenario LED,Genérica
MLA1606312666,Tacho Parcob Ii Tecshow Led Cob 100 W Blanco Frio Y Calido,,,,No,Iluminación,Luces de escenario LED,Tecshow
MLA2007185570,Proton Uv Tacho De 36 Led De 1 Watt Ultravioleta Luz Fluo,,,,No,Iluminación,Luces de escenario LED,Genérica
MLA1446875146,Spot Acme Pos10d Led De 10 Watts Rgbw,,,,No,Iluminación,Luces de escenario LED,Led
MLA2070365900,Barra Led Para Exterior Tecshow Stick Tri 24 Rgb De 3w,,,,No,Iluminación,Luces de escenario LED,Tecshow
MLA3273719248,Proton Uv Tacho De 36 Led Ultravioleta Luz Fluo,,,,No,Iluminación,Luces de escenario LED,Genérica
MLA1418496599,Control Dmx 512 Navigator 2 Tecshow 512 Canales,,,,No,Iluminación,Luces de escenario LED,Tecshow
MLA1599706063,"Transmisor O Receptor Inalámbrico Dmx Pls Wd-200 De 2,4 Gz",,,,No,Iluminación,Luces de escenario LED,Pls
MLA2094942132,Alfie Mini Spot 3 Cabezal Movil Profesional Tecshow Ampro,,,,No,Iluminación,Luces de escenario LED,Tecshow
MLA1455971894,Efecto De Led Dmx Marca Tecshow Modelo 3box Lz Luz 3 En 1 Dj,,,,No,Iluminación,Luces de escenario LED,Tecshow
MLA1785458391,Efecto Flowertec 2 Led Profesional Dj Dmx,,,,No,Iluminación,Luces de escenario LED,Tecshow American Pro AMPRO
MLA1803962717,Martin Lynx 100 Efecto Nuevo Rebajado Por Ser Demostracion.,,,,No,Iluminación,Luces de escenario LED,Martin
MLA2545767902,Cabezal Movil Led Beam Rgbw 4-en-1 Molly Cube Tecshow Strobo,,,,No,Iluminación,Luces de escenario LED,Tecshow
MLA1141088139,Control Dmx Navigator 2 Tecshow 192 Canales Dmx American Pro,,,,No,Iluminación,Luces de escenario LED,Tecshow
MLA1395288337,Consola Dmx Pls Litecraft 192 Canales Programable Memorias,,,,No,Iluminación,Luces de escenario LED,Pls
MLA1413262555,Luz De Escenario Led Led Tecshow Derby Lite Luces Color Rgbwy,,,,No,Iluminación,Luces de escenario LED,Tecshow
MLA1435047094,Efecto Derby Tecshow Pocket Derby 6 Leds 4-en-1 De 1w,,,,No,Iluminación,Luces de escenario LED,Tecshow
MLA1444893152,Cabezal Movil Led Beam 6 Bocas + Láser Alfie Stream Tecshow,,,,No,Iluminación,Luces de escenario LED,Tecshow
MLA1464562771,Proton 18 Led 1 Watt Skp Pro Light F1 Rgb Dmx Ultra Delgado,,,,No,Iluminación,Luces de escenario LED,Skp Pro Light
MLA1476731103,Cabezal Movil Tecshow Alfie Beam 100 Watt Blanco Rgb Dmx Color Negro,,,,No,Iluminación,Luces de escenario LED,Tecshow
MLA1481433307,Cabezal Movil Tecshow Moving Quad Spider Rgbw,,,,No,Iluminación,Luces de escenario LED,Tecshow
MLA1481524365,Cabezal Móvil Derby Quad Tecshow Rgbw 10w Dmx Luces Para Fiestas,,,,No,Iluminación,Luces de escenario LED,Tecshow
MLA1493809143,Barra Led Con Control Remoto Tecshow Pocket Bar 9 Rgbw 4w,,,,No,Iluminación,Luces de escenario LED,Tecshow
MLA1493817767,Bañador Led Efecto Strobo Dmx Tecshow Strobe Box Lite Rgbw,,,,No,Iluminación,Luces de escenario LED,Tecshow
MLA1493908863,Bañador De Led Tecshow Blind Stick Rgb Versatil 144 Leds,,,,No,Iluminación,Luces de escenario LED,Tecshow
MLA1703881772,Alfie Spot 3 Cabezal Móvil Tecshow Spot Led Blanco 60 Watt,,,,No,Iluminación,Luces de escenario LED,Tecshow
MLA1753100269,Sistema De Iluminación Todo En Uno Light Team Bar I,,,,No,Iluminación,Luces de escenario LED,Tecshow
MLA1796248707,Protón Tacho De 36 Led Luz Ultravioleta Uv Dmx Auto Audio.,,,,No,Iluminación,Luces de escenario LED,Genérico
MLA1973769380,Tacho Par Skp Pro Light F1 Ultra Delgado 18 Leds 1w Dmx,,,,No,Iluminación,Luces de escenario LED,Skp Pro Light
MLA2070482400,Bañador Led Efecto Estrobo Tecshow Strobe Box Lite,,,,No,Iluminación,Luces de escenario LED,Tecshow
MLA2710228476,Cabezal Tecshow Ampro Beamer Mini 250 Rack Con 4 + Anvil,,,,No,Iluminación,Luces de escenario LED,Tecshow
MLA3690635436,Tacho Par Led 100 W Blanco Calido/frio Tecshow Par Cob Ii,,,,No,Iluminación,Luces de escenario LED,Tecshow
MLA3690635518,Tecshow Halo 80 Spot Cabeza Movil Spot,,,,No,Iluminación,Luces de escenario LED,Tecshow
MLA764538679,Gbr Luz Led Para Consola Con Entrada Bnc Nuevo Gbr Djl 08,,,,No,Iluminación,Luces de escenario LED,Gbr
MLA1901102200,Parlante Apogee De 21 Pulgadas Wf-2101,,,,No,Parlantes y amplificación,Parlantes,Apogee
MLA1468034151,Bafle Sitema Portatil Novik Stage 8 Pro Bluetooth Tws 400 Wt,,,,No,Parlantes y amplificación,Parlantes,Novik Neo
MLA1441677093,Parlante Skp Pro Audio Q15 Mk2  Bluetooth  Color Negro 220 V,,,,No,Parlantes y amplificación,Parlantes,SKP Pro Audio
MLA1441715723,Parlante Activo Skp Q10 Mk2 Color Negro 10 Pulgadas 650 Watt,,,,No,Parlantes y amplificación,Parlantes,Skp
MLA1475799105,Bafle Skp Pro Audio Sk-5px Potenciado Con Bluetooth Audio,,,,No,Parlantes y amplificación,Parlantes,SKP Pro Audio
MLA1737735459,Parlante Skp Pro Sk-208px Par Activo+pasivo 200w + Soportes,,,,No,Parlantes y amplificación,Parlantes,SKP Pro Audio
MLA1897235249,Parlante Altavoz Bluetooth Notabrick Ki 15w Impermeable,,,,No,Parlantes y amplificación,Parlantes,Notabrick
MLA2143656577,Jbl Max 15 Bafle Potenciado Activo 350 Watts Rms Bluetooth Negro,,,,No,Parlantes y amplificación,Parlantes,Jbl
MLA2307304300,Bafle Activo Turbosound Milan M10 600 Watt Full Range Negro,,,,No,Parlantes y amplificación,Parlantes,Turbosound
MLA2307358668,Caja Activa Skp Pro Q12 Mk2 Biamplificada Con Dsp Bluetooth,,,,No,Parlantes y amplificación,Parlantes,SKP Pro Audio
MLA3152973492,Parlante Leea Subwoofer 18''  Lf18rf  1600watts  Pico 8 Ohms,,,,No,Parlantes y amplificación,Parlantes,Leea
MLA3153279498,Caja Parlante Potenciado Jbl Eon 715 Bluetooth,,,,No,Parlantes y amplificación,Parlantes,Jbl
MLA3153569040,Bafle Activo De 2 Vías Behringer Eurolive B115w 15 1000w,,,,No,Parlantes y amplificación,Parlantes,Behringer
MLA3168459758,Jbl Max 15 Bafle Potenciado Activo 350 Watts Rms Bluetooth N,,,,No,Parlantes y amplificación,Parlantes,Jbl
MLA3309594168,Parlante Woofer Tecshow 12w200 Pasivo 12 Pulgadas 200w,,,,No,Parlantes y amplificación,Parlantes,Tecshow
MLA3309695008,Parlante Pasivo Woofer Tecshow 10 Pulgadas 120w Rms,,,,No,Parlantes y amplificación,Parlantes,Tecshow
MLA3605830244,Bafle Skp Potenciado 15 Pulgadas Bluetooth Sk-6px,,,,No,Parlantes y amplificación,Parlantes,Skp
MLA3611304484,Parlante Altavoz Bluetooth Altec 40w Impermeable,,,,No,Parlantes y amplificación,Parlantes,Altec Lansing
MLA4014334284,Bafle Activo Potenciado 2 Vias Behringer B112w Bt Tws 1000w,,,,No,Parlantes y amplificación,Parlantes,Behringer
MLA881224688,Parlante Jbl 8pw Pro Woofer 8 Pulgadas 175w Rms Profesional,,,,No,Parlantes y amplificación,Parlantes,Jbl
MLA1463971788,Parlante Pro Bass Street 15 Portátil Con Bluetooth Negro,,,,No,Parlantes y amplificación,Parlantes,Pro Bass
MLA1753513061,Parlante Jbl Max 8pw8 Woofer 350 Rms 8'' Mid Range,,,,No,Parlantes y amplificación,Parlantes,Jbl
MLA808510116,Jahro Bw-1810 Parlante De 18 Pulgadas 650 Watt Oferta,,,,No,Parlantes y amplificación,Parlantes,Jahro
MLA1696989358,Parlante Woofer Gbr 600 W Kappa 15 Pulgadas Alto Rendimiento,,,,No,Parlantes y amplificación,Parlantes,Gbr
MLA1461910355,Parlante Skp Pro Audio Sk-3px Con Bluetooth Negro,,,,No,Parlantes y amplificación,Parlantes,SKP Pro Audio
MLA1659976146,Parlante Jbl Selenium 15pw Pro 15 Pulgadas 325w Rms,,,,No,Parlantes y amplificación,Parlantes,Jbl
MLA2471078432,Pack De 4 Parlantes De Techo Skp Install X4 Con Bluetooth Blanco,,,,No,Parlantes y amplificación,Parlantes,Skp
MLA1889894722,Parlante Tecshow 8w100  Woofer 8 Pulgadas 100 Watt 8 Ohms,,,,No,Parlantes y amplificación,Parlantes,Tecshow
MLA2228786348,Bafle Sub Woofer Activo 18 1200w Gbr Platinum Premium,,,,No,Parlantes y amplificación,Parlantes,Gbr
MLA1462503092,Rcf Art 310a Mk4 Iv Bafle Activo 400w Rms Potenciado 10 Negro,,,,No,Parlantes y amplificación,Parlantes,Rcf
MLA1655265598,Parlante Gbr Dsp Pl-1530 Power Portátil Negro,,,,No,Parlantes y amplificación,Parlantes,Gbr
MLA1750517549,Bafle Activo Skp Dx15 Potencia 1400w 15 Pulgada Bt Dsp Negro,,,,No,Parlantes y amplificación,Parlantes,SKP Pro Audio
MLA3196231404,Parlante Bafle Activo Skp Dx15 Plus Con Tripode 1400w Negro,,,,No,Parlantes y amplificación,Parlantes,SKP Pro Audio
MLA1414451701,Parlante Pro Bass Elevate 115 Portátil Con Bluetooth Negro,,,,No,Parlantes y amplificación,Parlantes,Pro Bass
MLA1457164738,Barra Sonido Novik Cinema 3 Bluetooth 80 W Home Usada  Demo,,,,No,Parlantes y amplificación,Parlantes,Novik Neo
MLA1459756250,Proel Lt12p Parlante Pasivo De  2 Vias De 12 Pulgadas 400 W,,,,No,Parlantes y amplificación,Parlantes,Proel
MLA1461936359,Parlante Skp Pro Audio Sk-3px Con Bluetooth  Negro 110/220v,,,,No,Parlantes y amplificación,Parlantes,SKP Pro Audio
MLA1462573116,Bafle Pasivo Jbl Jrx 215 250w Rms Dos Vias Color Negro,,,,No,Parlantes y amplificación,Parlantes,Jbl
MLA1463971784,Parlante Pro Bass Street 15 Portátil Con Bluetooth  Negro,,,,No,Parlantes y amplificación,Parlantes,Pro Bass
MLA1504995828,Bafle Eurolive Behringer Vp2520 Negro,,,,No,Parlantes y amplificación,Parlantes,Behringer
MLA1694659310,Bafle Apogee Bt 115 Activo Bluetooth Sync Estereo 300watts Color Negro,,,,No,Parlantes y amplificación,Parlantes,Apogee
MLA1746974225,Bafle Ciclos P150 15´´ 500w Potencia 8 0hms 4 Tweeter Negra,,,,No,Parlantes y amplificación,Parlantes,Ciclos
MLA1750517767,Parlante Bafle Activo Skp Dx15 Plus C/tripode 1400w Negro,,,,No,Parlantes y amplificación,Parlantes,SKP Pro Audio
MLA1906991396,Bafle Apogee Apg15 Plastico Pasivo De 15   Y Driver 1  400 W,,,,No,Parlantes y amplificación,Parlantes,Apogee
MLA2300706100,Altavoz Activo Bivolt Mackie Thump 215 1400 W Rms,,,,No,Parlantes y amplificación,Parlantes,Mackie
MLA3183796070,Parlante Ciclos Madera Alfombrado 15'' 4 Tweeter 500w 8 Ohms,,,,No,Parlantes y amplificación,Parlantes,Ciclos
MLA3403670922,Bafle Ciclos P150 15   500w Potencia 8 0hms 4 Tweeter Negra,,,,No,Parlantes y amplificación,Parlantes,Ciclos
MLA884678037,Neutrik Nys201 Rean Conector Ficha Plug Ts 1/4 Mono Metal,,,,No,Cables y conectores,Conectores de audio y video,Neutrik
MLA3354975042,Conector Xlr Canon Macho A Cable 3 Pines Neutrik Nc3mx Ficha,,,,No,Cables y conectores,Conectores de audio y video,Neutrik
MLA885120602,Neutrik Nl8mpr Conector / Ficha Speakon A Chasis 8 Contactos,,,,No,Cables y conectores,Conectores de audio y video,Neutrik
MLA3489199284,Pack 5 Jack 1/4 Auricular Estéreo 7 Pines,,,,No,Cables y conectores,Conectores de audio y video,Qs
MLA1364329976,Bornera Speakon Xpro Chapa Doble Av Para Bafle,,,,No,Cables y conectores,Conectores de audio y video,X-Pro
MLA1512135182,Ficha Speakon Macho Cablelab 4c De 4 Contactos Kit 4 Unidade,,,,No,Cables y conectores,Conectores de audio y video,Cablelab
MLA1512951825,Micrófonos Inalámbricos Skp Uhf 600 Pro 300 Canales Set De 2,,,,No,Micrófonos,Microfonos,Skp
MLA876028147,Microfono Vincha Para Base Inalambrica O Pc Home Studio Gbr,,,,No,Micrófonos,Microfonos,Gbr
MLA1379140837,Micrófono Skp Pro 40 Dinámico Cardiode Cable 5mts Xlr A Plug,,,,No,Micrófonos,Microfonos,Skp
MLA1393415719,Micrófono Behringer B1 Condensador Cardioide + Araña +maleta,,,,No,Micrófonos,Microfonos,Behringer
MLA1450757897,Microfono Lexsen Lex10 Usb Micrófono Consesador Cardioide,,,,No,Micrófonos,Microfonos,Lexsen
MLA1512927077,Micrófono Inalámbrico Uhf Variable Doble Vincha Lexsen 2b2,,,,No,Micrófonos,Microfonos,Lexsen
MLA1614705828,Microfono Inalambrico Lexsen 2h2 Kit Doble Mano Uhf,,,,No,Micrófonos,Microfonos,Lexsen
MLA1741126749,Micrófono Corbatero Shure Wl93 Miniatura Condensador,,,,No,Micrófonos,Microfonos,Shure
MLA1746983213,Micrófonos Skp Drum 7 Para Batería Set Con Estuche Y Clamps,,,,No,Micrófonos,Microfonos,Skp
MLA1746992803,Microfono Flexible Home Studio Pc Notebook Zoom Meet Premium,,,,No,Micrófonos,Microfonos,Gbr
MLA2009243264,Kit 3 Microfonos Skp Pro Audio Pro-33k Dinamico Profresional,,,,No,Micrófonos,Microfonos,SKP Pro Audio
MLA3158544622,Microfóno Behringer Bigfoot Usb Condenser Streaming Yeti,,,,No,Micrófonos,Microfonos,Behringer
MLA3284614814,Micrófono Dinámico Cardioide Apogee U57 Instrumentos / Voces,,,,No,Micrófonos,Microfonos,Apogee
MLA3372775000,Micrófono Inalambrico Mano Corbatero Vincha Skp Uhf-700 Pro,,,,No,Micrófonos,Microfonos,SKP Pro Audio
MLA3403677676,Micrófono Dinámico Skp Gm9 Cuello Ganso Omnidireccional Conf,,,,No,Micrófonos,Microfonos,SKP Pro Audio
MLA764539985,Samson Micrófono Condensador Co3u De Estudio Super Usb,,,,No,Micrófonos,Microfonos,Samson
MLA1748729279,Micrófono Behringer Ultravoice Xm8500 Dinámico Cardioide Negro,,,,No,Micrófonos,Microfonos,Behringer
MLA885811653,Micrófono Inalámbrico De Lexsen Uhf Two In Three (2 En 3),,,,No,Micrófonos,Microfonos,Lexsen
MLA826991774,Kit De Micrófonos Behringer Xm1800s X3 Dinámicos Voz/instrum Negro,,,,No,Micrófonos,Microfonos,Behringer
MLA1450669663,Behringer Sl 85s,,,,No,Micrófonos,Microfonos,Behringer
MLA3159627586,Samson Concert 288 Microfono Inalambrico Mano Vincha Corbate Color Negro,,,,No,Micrófonos,Microfonos,Samson
MLA3314464782,Micrófono Leea De Vincha Inalámbrico Con Receptor Uhf819c,,,,No,Micrófonos,Microfonos,Leea
MLA728566846,Behringuer Xm1800s Kit De Tres Microfonos Dinamicos Para Voz,,,,No,Micrófonos,Microfonos,Behringer
MLA1398518153,Micrófono Condenser Behringer C4 Diafragma Simple Pack De 2u Color Negro,,,,No,Micrófonos,Microfonos,Behringer
MLA1459700458,Skp Vhf655 Microfono Inalambrico De Mano Sistema Vhf Vocal Color Negro,,,,No,Micrófonos,Microfonos,Skp
MLA1562472619,Kit Mics Samson Dk-705 P/ Bateria + Soportes + Valija Gris,,,,No,Micrófonos,Microfonos,Samson
MLA1576668889,Microfono Inalambrico Skp Uhf Profesional Alcance Mini-i Negro,,,,No,Micrófonos,Microfonos,Skp
MLA1654831838,Microfono Inalambrico Skp Pro Audio Mini-iii Corbatero Color Negro,,,,No,Micrófonos,Microfonos,SKP Pro Audio
MLA1712701120,Micrófono Lexsen One In One Dinámico Cardioide,,,,No,Micrófonos,Microfonos,Lexsen
MLA1736330087,Samson Concert 288 Sistema Inalámbrico Doble Canal,,,,No,Micrófonos,Microfonos,Samson
MLA2472218304,Micrófono De Condensador Shure Pga81 Con Patrón De Captación Color Negro,,,,No,Micrófonos,Microfonos,Shure
MLA3064799080,Micrófono Dinámico Inalámbrico Skp Pro Audio Pro 58 Xlr Negro Cardioide,,,,No,Micrófonos,Microfonos,SKP Pro Audio
MLA3190530330,Micrófono Behringer Ultravoice Xm8500 Dinámico Negro,,,,No,Micrófonos,Microfonos,Behringer
MLA1736399549,Cable Microfono Canon Xlr Prof 20 Metros Gbr Dmx Balanceado,,,,No,Cables y conectores,Cables y adaptadores de audi,Gbr
MLA1784298645,Cable Profesional Xlr Canon Canon Microfono 6 Metros Mts,,,,No,Cables y conectores,Cables y adaptadores de audi,Jahro
MLA3274164472,Cable Canon Xlr Macho A Plug Estereo Trs 3 Mts,,,,No,Cables y conectores,Cables y adaptadores de audi,Rst
MLA3840376390,Cable Midi 1 Metro Maxcable Sintetizador Fichas Metalicas,,,,No,Cables y conectores,Cables y adaptadores de audi,Midiplus
MLA1465229716,Adaptador Auricular Rosca Para Pionner Hdj 2500 Plug 3.5 St,,,,No,Cables y conectores,Cables y adaptadores de audi,Numark
MLA2629642504,Cable Dmx Micrófono Lexsen Xlr-10mt Canon - Canon 10 Metros,,,,No,Cables y conectores,Cables y adaptadores de audi,Lexsen
MLA867362249,Cable Yahro Plug 6.5 A Plug 6.5 Mm 6 Metros Pack 2u,,,,No,Cables y conectores,Cables y adaptadores de audi,Yahro
MLA1516781645,Adaptador Doble Ficha Macho Canon Xrl A Canon Macho Xrl,,,,No,Cables y conectores,Cables y adaptadores de audi,Genérica
MLA2629512690,Cable Canon De 10 Metros Lexsen Xlr-10mt Para Micrófono,,,,No,Cables y conectores,Cables y adaptadores de audi,Lexsen
MLA3285918232,Bornera Speakon Neutrik Xpro Chapa Doble Av Para Bafle,,,,No,Cables y conectores,Cables y adaptadores de audi,X-Pro
MLA1392680365,Consola Behringer X1622usb Xenyx De Mezcla 100v/240v,,,,No,DJ y consolas,Consolas de sonido y mezclad,Behringer
MLA1392691543,Consola Behringer Xr18 X Air De Mezcla 220v,,,,No,DJ y consolas,Consolas de sonido y mezclad,Behringer
MLA1495352084,Consola Digital De 12 Canales Behringer Xr12 X Air Con Wifi,,,,No,DJ y consolas,Consolas de sonido y mezclad,Behringer
MLA1540046430,Consola Behringer Xr16 X Air De Mezcla 220v,,,,No,DJ y consolas,Consolas de sonido y mezclad,Behringer
MLA2225556370,Consola Sonido Mixer Novik Nvk-20m Usb 20ch 99fx Phantom 48v,,,,No,DJ y consolas,Consolas de sonido y mezclad,Novik Neo
MLA2225816542,Consola Novik Neo Nvk1602fx De Mezcla,,,,No,DJ y consolas,Consolas de sonido y mezclad,Novik Neo
MLA2307303948,Consola Digital Midas Mr18 M Air 18 Canales De Mezcla,,,,No,DJ y consolas,Consolas de sonido y mezclad,Midas
MLA3112286256,Consola Gbr Potenciada Mix6 Power Bluetooth Dsp 6 Canales,,,,No,DJ y consolas,Consolas de sonido y mezclad,Gbr
MLA3434733390,Mixer 8 Canales Moon Euro8 Consola De Sonido Usb Bluetooth,,,,No,DJ y consolas,Consolas de sonido y mezclad,Moon
MLA657748047,Mixer Potenciado Sanrai Jmp 8150 Bluetooh,,,,No,DJ y consolas,Consolas de sonido y mezclad,Sanrai
MLA1126302944,Consola Behringer Sx2442fx Eurodesk De Mezcla,,,,No,DJ y consolas,Consolas de sonido y mezclad,Behringer
MLA1746754379,Consola Potenciada Av-017 Mp3 Amplificada,,,,No,DJ y consolas,Consolas de sonido y mezclad,Sanrai
MLA1779007370,Consola 6 Canales Behringer Qx602usb Mixer Usb Mp3,,,,No,DJ y consolas,Consolas de sonido y mezclad,Behringer
MLA1967482154,Soundcraft Epm12 Consola Mixer 12 Canales Sonido Profesional,,,,No,DJ y consolas,Consolas de sonido y mezclad,Soundcraft
MLA2345360722,Consola Pasiva Novik Nvk-16m 16 Canales,,,,No,DJ y consolas,Consolas de sonido y mezclad,Novik Neo
MLA3195280518,Behringer Xenyx 802s Mixer Análogo Con Interfaz Usb 2x2,,,,No,DJ y consolas,Consolas de sonido y mezclad,Behringer
MLA1392692797,Consola Behringer Qx602mp3 Xenyx De Mezcla,,,,No,DJ y consolas,Consolas de sonido y mezclad,Behringer
MLA1443904221,Cabezal Potenciado BLG Mc82150 Usb 8 Canales 2 × 150 Watt,,,,No,DJ y consolas,Consolas de sonido y mezclad,Blg
MLA1451096577,Mackie Pro Fx4 V2 Mixer 4 Canales 2 Mono 1 Estereo Efx,,,,No,DJ y consolas,Consolas de sonido y mezclad,Mackie
MLA1451135485,Consola Analógica Mackie Profx4v2 4 Canales Con Efectos Y Phantom,,,,No,DJ y consolas,Consolas de sonido y mezclad,Mackie
MLA764354789,Consola 24 Canales Behringer Eurodesk Sx 2442 Fx (efectos),,,,No,DJ y consolas,Consolas de sonido y mezclad,Behringer
MLA1438600906,Potencia Amplificador American Pro Tecshow Apx 300 150+150,,,,No,Parlantes y amplificación,Amplificadores de audio,Tecshow
MLA1512773755,Potencia Instalación Tecshow Dome Core 240usb Bluetooth,,,,No,Parlantes y amplificación,Amplificadores de audio,Tecshow
MLA1540575112,Potencia Lexsen Lxa1200 600w + 600w 4ohms Amplificador,,,,No,Parlantes y amplificación,Amplificadores de audio,Lexsen
MLA1746850347,Potencia Amplificador Pm60 Moon 240w O 2x60w,,,,No,Parlantes y amplificación,Amplificadores de audio,Moon
MLA1763055531,Potencia Amplificador Apogee H36 2400w 4ohms 1200w + 1200w,,,,No,Parlantes y amplificación,Amplificadores de audio,Apogee
MLA3551030942,Amplificador De Potencia 1500w Apogee H20 Profesional Negro,,,,No,Parlantes y amplificación,Amplificadores de audio,Apogee
MLA1729670872,Potencia Amplificador Skp Max 420 200w + 200w 4 Ohms Color Gris Potencia De Salida Rms 400 W,,,,No,Parlantes y amplificación,Amplificadores de audio,Skp
MLA1391685705,Amplificador De Audio Qsc Gxd4,,,,No,Parlantes y amplificación,Amplificadores de audio,Qsc
MLA2345546252,Behringer Ep2000 Potencia 2000 Watts 500 Watts Por Lado En 4 Color Negro Potencia De Salida Rms 500 W,,,,No,Parlantes y amplificación,Amplificadores de audio,Behringer
MLA1475788631,Amplificador Apogee H-12 Profesional De 900w Para Bafles Negro 900 W,,,,No,Parlantes y amplificación,Amplificadores de audio,Apogee
MLA1751169118,Fuente 12 Volt 10 Amper Metálica Regulada Cctv Neón Tira Led,,,,No,Electrónica y repuestos,Productos electronicos,
MLA3284670540,Pack 2 Bateria Recargable 9v Usb-c 500mah,,,,No,Electrónica y repuestos,Productos electronicos,
MLA1391634475,Porta Pilas De 2 Pila Aa Comunes Recargables Kit 20 Unidades,,,,No,Electrónica y repuestos,Productos electronicos,
MLA1547563002,Lampara Bipin 24 Volt 250 Watt Ehj American Pro (pack De 2),,,,No,Iluminación,Productos electronicos,
MLA3190950662,Auricular Profesional Behringer Hpm1100bk Monitoreo Studio C,,,,No,Auriculares,Auriculares,Behringer
MLA1796394559,Auricular Profesional Behringer Hpm1100 Monitoreo Studiogris,,,,No,Auriculares,Auriculares,Behringer
MLA2104020327,Auricular Pioneer Dj Hdj-cue1 Negro,,,,No,Auriculares,Auriculares,Pioneer DJ
MLA4014103474,Auriculares Shure Se 215 K Bt 1 Color Negro,,,,No,Auriculares,Auriculares,Shure
MLA3618091262,Auriculares Behringer Hpm1000 Bk Color Negro Black,,,,No,Auriculares,Auriculares,Behringer
MLA1815052516,Máquina De Humo Tecshow Stratus 700 Led Control Remoto 6 Luces Rgb 3000 Cfm Negro,,,,No,Máquinas de humo,Máquinas y repuestos,Tecshow
MLA1957229842,Control Remoto Para Maquina De Humo Tecshow Stratus 1500,,,,No,Máquinas de humo,Máquinas y repuestos,Tecshow
MLA1616547187,Maquina De Humo Niebla Cirrus Fazer 800 Tecshow Negro,,,,No,Máquinas de humo,Máquinas y repuestos,Tecshow
MLA1876009738,Máquina De Humo Tecshow Stratus 1500 Color Negro,,,,No,Máquinas de humo,Máquinas y repuestos,Tecshow
MLA2060819247,Máquina De Humo 1500w Pistola Led Tipo Co2 Alta Potencia,,,,No,Máquinas de humo,Máquinas y repuestos,Tododj
MLA3153615612,Maquina De Humo Haze 12.000 Pies Tecshow Cirrus Fazer 800 Color Negro,,,,No,Máquinas de humo,Máquinas y repuestos,Tecshow
MLA1461890387,Máquina De Humo Gbr Konor 900 900w Inalambrico Gris,,,,No,Máquinas de humo,Máquinas y repuestos,Gbr
MLA2007089714,Laser Flash Led Gobos Gbr Spiroled 162 Efecto De Luz 4 En 1,,,,No,Iluminación,Luces laser para escenarios,Gbr
MLA1889947474,Láser Tecshow Lz1 Laser Full Color De 1 Watt Gran Potencia,,,,No,Iluminación,Luces laser para escenarios,Tecshow
MLA2007224272,Laser Flash Gobos Gbr Led Gem Efectos Iluminacion 3 En 1 Dj,,,,No,Iluminación,Luces laser para escenarios,Gbr
MLA2016572350,Barra Laser Vary Led Gbr Strobo Flasheo Modo Dmx Auto Sound,,,,No,Iluminación,Luces laser para escenarios,Gbr
MLA1416197713,Láser Tecshow Lz2 De 2 Watt Rgb ; Dmx ; Ilda,,,,No,Iluminación,Luces laser para escenarios,Tecshow
MLA2837437570,Tecshow Lz3 Luces Láser 220v Full Color De 3w,,,,No,Iluminación,Luces laser para escenarios,Tecshow
MLA1749994975,Efecto Laser Rgb 6 Vias 100mw Dmx Tecshow Rainbow Lz,,,,No,Iluminación,Luces laser para escenarios,Tecshow
MLA1750509719,"Driver Titanio Jahro - Bob. 1,25 - 150w  Boca 1",,,,No,Parlantes y amplificación,Drivers de compresion para v,Jahro
MLA1930145777,Pack 2 Lampara Philips 7027 Bipin 12v 50w Brl/bcd G6.35,,,,No,Iluminación,Focos,Philips
MLA1421302897,Dicroica 24 Volt 250 Watt Osram Alemána Xenophot 64653 Gx5.3,,,,No,Iluminación,Focos,Osram
MLA3131296348,Lampara De Descarga Alternativa Msr 700 Xenpow Nsd 700/2 Luz,,,,No,Iluminación,Focos,Venetian
MLA3168735240,Osram Hmi 575w Dxs Hmi 575 Gs Lampara Descarga Cabezal,,,,No,Iluminación,Focos,Osram
MLA1576617259,Lampara Uv Fiesta Flúo 40w E27 Luz Negra Ultravioleta,,,,No,Iluminación,Focos,Neoball-N
MLA1735713350,Lampara Uv Flúo 40w E27 Luz Negra Ultravioleta Pack 2 Unidad,,,,No,Iluminación,Focos,Neoball-N
MLA1899810555,Lampara Halogena N/tec Bipin Grueso Zocalo G9.5 240v 575w,,,,No,Iluminación,Focos,N/Tec
MLA1429894824,Dicroica I Led You! De 6 Led 1 Watt De 12 Volt C. Alt. Ambar,,,,No,Iluminación,Focos,I Led You!
MLA933611087,Tee De Iluminacion Jk4 K920 De 2 Metros P/trípode De Luces,,,,No,"Soportes, fundas y estructuras",Soportes para luces,Jk4
MLA1434513602,Trípode Para Iluminación En Tee + 2 Brazos Dj Apa-01 Sanrai,,,,No,"Soportes, fundas y estructuras",Soportes para luces,San-Ray
MLA1720676777,"Trípode Telescópico Apa-lw90 Malacate 4,5 M 80 Kg. Stagelab",,,,No,"Soportes, fundas y estructuras",Soportes para luces,Tecshow
MLA855093737,Soporte Metalico Para Bafle De Pared Regulable 45k Jk4 S221,,,,No,"Soportes, fundas y estructuras",Soportes para parlantes,JK4 O Xpro
MLA855093349,Soporte Fijo Jk4 O Xpro De Pared Para Bafle Hasta 30 Kilos,,,,No,"Soportes, fundas y estructuras",Soportes para parlantes,JK4 o Xpro
MLA2007214608,SKP STD-3,,,,No,"Soportes, fundas y estructuras",Soportes para parlantes,Skp
MLA3322836276,Soporte Regulable Bafle De Pared C Tornillos Y Tarugos Jahro,,,,No,"Soportes, fundas y estructuras",Soportes para parlantes,Jahro
MLA896397039,Focusrite Interfaz Scarlett 8i6 3era Generación Tecnoshow,,,,No,DJ y consolas,Interfaces de audio,Focusrite
MLA1997643166,Placa De Audio Behringer Umc22 Usb 2 Canales Premidas Color Negro,,,,No,DJ y consolas,Interfaces de audio,Behringer
MLA2551227164,Kit Grabacion U-phoria Studio Behringer Ventas Color Negro,,,,No,DJ y consolas,Interfaces de audio,Behringer
MLA3472947648,Behringer Um2 Placa De Sonido Usb 2 Canales Home Studio Negro,,,,No,DJ y consolas,Interfaces de audio,Behringer
MLA1383027681,Control Apogee Intermix Djinterfaz Audiopodcast Streaming,,,,No,DJ y consolas,Interfaces de audio,Apogee
MLA1736331977,Sistema De Morsa Clamp Cabezal Movil Stage Lab Apa-027b,,,,No,"Soportes, fundas y estructuras",Prensas,Stagelab
MLA2017013946,Morsas X-pro Clamp Acero M409 Pack 6 Unidades,,,,No,"Soportes, fundas y estructuras",Prensas,X-Pro
MLA3184105484,Tripode Pie De Microfono Para Bombo Pmj05b Moon,,,,No,Micrófonos,Soportes para microfonos,Moon
MLA1654806240,Samson Mb1 Pie De Micrófono Mini Con Boom Y Base Pesada Color Negro,,,,No,Micrófonos,Soportes para microfonos,Samson
MLA2144108665,Pack 4 Ficha Conector Mini Uhf Hembra Crimp Rg-58 Adaptador,,,,No,Cables y conectores,Productos de telefonia y rad,
MLA1504971186,Crossover Behringer Cx Cx2310 2 Vias,,,,No,Parlantes y amplificación,Crossovers de audio,Behringer
MLA616941383,Liquido De Humo Usa Liquids 5 Litros Linea Disco Dj Liviano,,,,No,Máquinas de humo,Líquidos,Usa Liquids
MLA2104047199,Par De Monitores De Estudio Pioneer Dj Dm40-bt,,,,No,Parlantes y amplificación,Monitores de estudio,Pioneer
MLA882495444,Transistor Toshiba 2sc3421 Triac Npn Silicio Epitaxial,,,,No,Electrónica y repuestos,Transistores,Toshiba Semiconductor
MLA882482656,Transistor De Silicio Npn C4793 5:6,,,,No,Electrónica y repuestos,Transistores,Toshiba Semiconductor
MLA1770772425,Cuerdas Guitarra Eléctrica Sit Nickel Extralight Powerwound,,,,No,Instrumentos,Encordados para instrumentos,Sit
MLA1770776343,Cuerdas Guitarra Electrica Sit Powerwound Heavy Bottom,,,,No,Instrumentos,Encordados para instrumentos,Sit
MLA3255462116,Cuerdas Guitarra Electrica Framus Roundwound Light,,,,No,Instrumentos,Encordados para instrumentos,Framus
MLA1368456507,Soldador Lapiz 60w Flux Estañolin,,,,No,Electrónica y repuestos,Soldadores de estano electricos,Flux
MLA3285759606,Tira De Led De 5 Metros De Exterior Sumergible Blanco Calido,,,,No,Iluminación,Chips LED,Tira De Led
MLA1481524363,Maquina De Burbujas Antari B-100 Profesional Doble Rueda,,,,No,Máquinas de humo,Burbujas,Antari
MLA1841360241,Teléfono Portero Kocom Kdp 601 Compatible Con Frente Hyundai,,,,No,Electrónica y repuestos,Porteros electricos,Kocom (Hyundai)
MLA3623982420,Telefono Portero Kocom K Dp-503 Ham 220v Compatible Commax,,,,No,Electrónica y repuestos,Porteros electricos,Kocom
MLA3747031434,"Pilas Boton Alcalinas Blister X10 Lr41 1,5v P/ Reloj Ag3",,,,No,Electrónica y repuestos,Pilas,Soda
MLA1669722216,Platillo Hi-hat P/ Bateria Orion Twister 14¨ Brasilero,,,,No,Instrumentos,Platillos de percusion,Orion
MLA1876241216,Platillo Ride P/ Bateria Orion 20 Estudio,,,,No,Instrumentos,Platillos de percusion,Orion
MLA666247256,Orion Twp 20rd Platillo De Bateria Ride 20 Twister Tecnoshow,,,,No,Instrumentos,Platillos de percusion,Orion
MLA1796387643,Soporte Redoblante Color Plateado Reforzado,,,,No,Instrumentos,Soportes para bateria,Mapex
MLA3347087570,Soporte Octapad Nux Dps-1 Para El Dp-2000 Color Plateado/Negro,,,,No,Instrumentos,Soportes para bateria,Nux
MLA3347248530,Soporte Para Bateria Electronica Octapad Nux,,,,No,Instrumentos,Soportes para bateria,Nux
MLA1753332859,Hex-led Pack De 5 Hexagonales Rgb (24 Pzs),,,,No,Iluminación,Tiras de LED,Solatmos
MLA1493848907,Manguera Snake 8 Canales 10 Mts Xlr Canon Audio Pro Gbr,,,,No,Cables y conectores,Patch panels,Gbr
MLA1392764649,Manguera De Sonido Pachera Warwick Rcl 30900 8 Envíos 15 Mts,,,,No,Cables y conectores,Patch panels,Warwick
MLA1659950486,Samson Ps01 Pop Filter Con Cuello De Ganso,,,,No,Micrófonos,Filtros anti pop,Samson
MLA1419118699,Cable Interlock Pacheo Macho Hembra De 1 Metro (kit De 3 U),,,,No,Cables y conectores,Cables de alimentacion,Genérica
MLA896556969,Reja Para Bafle Woofer 10 Pulgadas Metalica Parlante Con Aro,,,,No,"Soportes, fundas y estructuras",Rejillas para parlantes,Seleniun
MLA2414550944,Procesador De Sonido Ampro Dsp-2600e 2 In Y 6 Out Audiolab,,,,No,DJ y consolas,Procesadores de efectos para DJ,Tecshow
MLA1812550305,Clamp De Bateria Para Microfono Beyerdynamic Con Bolso,,,,No,Micrófonos,Clamps para baterias,Beyerdynamic
MLA3286946362,Pandereta Doble Sonaja Medialuna Colores Varios (20 Sonajas),,,,No,Instrumentos,Panderetas,Genérica
MLA2070534268,Rueda Giratoria Adam Hall 100 Mm Azul Con Freno,,,,No,Otros,Ruedas para carritos y muebles,Adam Hall
MLA855026802,Luz Led Lampara Notebook Portatil Flexible Usb Linterna,,,,No,Iluminación,Equipamiento y repuestos de,
MLA2104022031,Giradiscos Pioneer Dj Plx-500 Profesional Tracción Directa,,,,No,DJ y consolas,Bandejas para DJ,Pioneer DJ
MLA1737716958,Linterna Vincha Ajustable Minero Usb Con Sensor Luces Blanco,,,,No,Iluminación,Linternas,All Perspectives Headlamp
MLA1778878406,Funda Para Guitarra Clásica Criolla Warwick Rockbag Rb20518b,,,,No,Instrumentos,Fundas y estuches para guita,Warwick
MLA764540452,Stanton Scs 3d Controlador Midi Para Pc O Mac,,,,No,DJ y consolas,Controladores MIDI,Stanton
MLA1562274091,Stanton Scs 3d,,,,No,DJ y consolas,Controladores MIDI,Stanton
MLA1398259349,Zapatilla Prolongador Multiple 6 Tomas Con Llave On Off,,,,No,Cables y conectores,Prolongadores zapatilla,Sanrai
MLA1807290117,Multímetro Analógico Yx-360tr Detector De Corriente,,,,No,Electrónica y repuestos,Pinzas amperometricas,Mastech
MLA3704731926,Taladro Kroner Inalámbrico Percutor 13 Mm 20 Volt 2 Baterías Color Verde Lima Frecuencia 60 Hz 50 Hz,,,,No,Electrónica y repuestos,Taladros electricos,Kroner
MLA3704893336,Taladro Kroner Inalámbrico Percutor 13 Mm 20 Volt 2 Baterías,,,,No,Electrónica y repuestos,Taladros electricos,Kroner
MLA1391988479,Bolsa Golf Big Max Stand Heaven Seven Ultraliviana Roja Gris,,,,No,Otros,Bolsas de golf,Big Max
MLA1833136205,Placa De Video Colorful Nvidia Geforce Gt 630,,,,No,Electrónica y repuestos,Placas de video,Colorful
MLA1977179799,Placa De Video Colorful Nvidia Geforce Gt 730 2gb Ddr3,,,,No,Electrónica y repuestos,Placas de video,Colorful
MLA1407646682,Conversor Inversor 12volt A 220 Volt Ca 1000 Watt Marca Dak,,,,No,Electrónica y repuestos,Inversores de corriente,Dak
MLA1778718131,Lampara Portátil Led Cable 10mts A 220v,,,,No,Iluminación,Lamparas de mesa y escritorio,Genérica
MLA1618146736,Caja Herramientas 16 Pulgadas Mc Carthy Plastiva Con Bandeja Color Negro,,,,No,Electrónica y repuestos,Cajas de herramientas,McCarthy
MLA3732066600,Capsula Magnetica Y Pua Para Tocadiscos At3600i,,,,No,DJ y consolas,Agujas para tocadiscos,Tecnoshow
MLA3732069960,Capsula Magnetica At 3600 Con Púa Atn 3600,,,,No,DJ y consolas,Agujas para tocadiscos,Tecnoshow
MLA1779007360,Soporte Tv Fijo De 14 A 42 Pulgada Led/lcd Lh Color Negro,,,,No,Video y pantallas,Soportes y colgadores de par,Genérica
MLA1410102498,Soporte Para Tv De Pared Fijo Tv/monitor De 14 A 42 Pulgadas,,,,No,Video y pantallas,Soportes y colgadores de par,Genérica
MLA3617144288,Lampara Halogena Bryte Bipin Zocalo G9.5 240v 575w,,,,No,Iluminación,Lamparas para vehiculos,Bryte
MLA1794988217,Estabilizador Trípode Telefono Celular Con Luz Led Bt,,,,No,Electrónica y repuestos,Estabilizadores para camaras,Desiontal
MLA3377551258,Repuesto Cardan Pearl Ds200ah Transmisión Para Doble Pedal,,,,No,Instrumentos,Ejes selectores de cambios p,Pearl
MLA1893000823,Music Mask Máscara Led Con Musica Fiestas Eventos,,,,No,Otros,Mascaras y cascos de cotillo,Generic
MLA1407925756,Ducha 15 Cm Led Rgb Multicolor 15cm Griferia Baño Luces Flor,,,,No,Otros,Flores de ducha,Genérica
MLA884319418,"Sphero Bb8 Star Wars Droid, Traido De Disney 2020 Sin Caja.",,,,No,Otros,Robots de juguete,Sphero
MLA3611682352,Cámara Multiuso Amtifo Monitoreo Bebé Visión Nocturna Revers,,,,No,Video y pantallas,Camaras para vehiculos,Amtifo
MLA3664214482,Gps De Mano Garmin Etrex Venture,,,,No,Electrónica y repuestos,GPS para vehiculos,Garmin
